-- phpMyAdmin SQL Dump
-- version 5.2.1
-- https://www.phpmyadmin.net/
--
-- 主機： 127.0.0.1
-- 產生時間： 2024-05-12 09:46:59
-- 伺服器版本： 10.4.32-MariaDB
-- PHP 版本： 8.2.12

SET SQL_MODE = "NO_AUTO_VALUE_ON_ZERO";
START TRANSACTION;
SET time_zone = "+00:00";


/*!40101 SET @OLD_CHARACTER_SET_CLIENT=@@CHARACTER_SET_CLIENT */;
/*!40101 SET @OLD_CHARACTER_SET_RESULTS=@@CHARACTER_SET_RESULTS */;
/*!40101 SET @OLD_COLLATION_CONNECTION=@@COLLATION_CONNECTION */;
/*!40101 SET NAMES utf8mb4 */;

--
-- 資料庫： `ruins_final`
--

-- --------------------------------------------------------

--
-- 資料表結構 `ca_order_detail`
--

CREATE TABLE `ca_order_detail` (
  `sid` int(11) NOT NULL,
  `purchase_order_sid` int(11) NOT NULL,
  `pid` int(4) DEFAULT NULL,
  `price` int(11) NOT NULL,
  `qty` int(11) NOT NULL,
  `total_price` int(11) NOT NULL,
  `is_comment` tinyint(4) NOT NULL
) ENGINE=InnoDB DEFAULT CHARSET=utf8mb4 COLLATE=utf8mb4_general_ci;

--
-- 傾印資料表的資料 `ca_order_detail`
--

INSERT INTO `ca_order_detail` (`sid`, `purchase_order_sid`, `pid`, `price`, `qty`, `total_price`, `is_comment`) VALUES
(51, 19, 3, 699, 1, 699, 0),
(52, 19, NULL, 1580, 1, 1580, 0),
(53, 19, NULL, 1880, 1, 1880, 0),
(54, 19, NULL, 699, 1, 699, 0),
(55, 20, NULL, 1580, 1, 1580, 0),
(56, 20, NULL, 699, 4, 2796, 0),
(57, 20, NULL, 699, 1, 699, 0),
(58, 20, NULL, 1580, 1, 1580, 0),
(59, 20, NULL, 1880, 1, 1880, 0),
(60, 20, NULL, 699, 1, 699, 0),
(61, 21, NULL, 1580, 1, 1580, 0),
(62, 21, NULL, 699, 4, 2796, 0),
(63, 21, NULL, 699, 1, 699, 0),
(64, 21, NULL, 1580, 1, 1580, 0),
(65, 21, NULL, 1880, 1, 1880, 0),
(66, 21, NULL, 699, 1, 699, 0),
(67, 22, NULL, 1580, 1, 1580, 0),
(68, 22, NULL, 699, 4, 2796, 0),
(69, 22, NULL, 699, 1, 699, 0),
(70, 22, NULL, 1580, 1, 1580, 0),
(71, 22, NULL, 1880, 1, 1880, 0),
(72, 22, 8, 699, 1, 699, 0),
(73, 24, 3, 6200, 1, 6200, 0),
(74, 24, 2, 1380, 1, 1380, 0),
(75, 25, 6, 6200, 1, 6200, 0),
(76, 25, NULL, 1380, 1, 1380, 0),
(77, 26, NULL, 6200, 1, 6200, 0),
(78, 26, NULL, 1380, 1, 1380, 0),
(79, 27, NULL, 6200, 1, 6200, 0),
(80, 27, NULL, 1380, 1, 1380, 0),
(81, 28, NULL, 1580, 1, 1580, 0),
(82, 28, NULL, 790, 1, 790, 0),
(83, 29, NULL, 899, 1, 899, 0),
(84, 29, NULL, 580, 1, 580, 0),
(85, 29, NULL, 2550, 1, 2550, 0),
(86, 30, NULL, 899, 2, 1798, 0),
(87, 30, NULL, 580, 1, 580, 0),
(88, 31, NULL, 899, 2, 1798, 0),
(89, 31, NULL, 580, 1, 580, 0),
(90, 32, NULL, 580, 6, 3480, 0),
(91, 33, NULL, 580, 1, 580, 0),
(92, 33, NULL, 2550, 1, 2550, 0),
(93, 34, NULL, 580, 1, 580, 0),
(94, 35, NULL, 580, 1, 580, 0),
(95, 36, NULL, 580, 1, 580, 0),
(96, 37, NULL, 580, 1, 580, 0),
(97, 37, NULL, 1580, 1, 1580, 0),
(98, 38, NULL, 1580, 1, 1580, 0),
(99, 39, NULL, 499, 1, 499, 0),
(100, 40, NULL, 499, 1, 499, 0),
(101, 41, NULL, 499, 1, 499, 0),
(102, 42, NULL, 499, 1, 499, 0),
(103, 42, NULL, 1100, 1, 1100, 0),
(104, 43, NULL, 1100, 1, 1100, 0),
(105, 44, NULL, 1100, 1, 1100, 0),
(106, 45, NULL, 1100, 1, 1100, 0),
(107, 46, NULL, 1100, 2, 2200, 0),
(108, 47, NULL, 1100, 2, 2200, 0),
(109, 48, NULL, 1100, 1, 1100, 0),
(110, 49, NULL, 1100, 1, 1100, 0),
(111, 50, NULL, 1100, 1, 1100, 0),
(112, 51, NULL, 1100, 1, 1100, 0),
(113, 52, NULL, 580, 1, 580, 0),
(114, 53, NULL, 1100, 1, 1100, 0),
(117, 55, NULL, 950, 1, 950, 0),
(118, 55, NULL, 499, 1, 499, 0),
(125, 59, NULL, 950, 1, 950, 0),
(126, 59, NULL, 499, 1, 499, 0),
(127, 60, NULL, 950, 1, 950, 0),
(128, 60, NULL, 499, 1, 499, 0),
(129, 61, NULL, 1580, 1, 1580, 0),
(130, 62, NULL, 1580, 1, 1580, 0),
(131, 63, NULL, 1580, 1, 1580, 0),
(132, 64, NULL, 699, 1, 699, 0),
(133, 65, NULL, 590, 1, 590, 0),
(134, 65, NULL, 380, 1, 380, 0),
(136, 67, NULL, 1580, 1, 1580, 0),
(146, 77, NULL, 1280, 1, 1280, 0),
(221, 126, NULL, 1100, 1, 1100, 0),
(241, 137, NULL, 6200, 1, 6200, 0),
(247, 144, NULL, 580, 1, 580, 1),
(248, 144, NULL, 380, 1, 380, 0),
(249, 145, NULL, 1380, 1, 1380, 1),
(250, 145, NULL, 1190, 1, 1190, 1),
(251, 145, NULL, 850, 1, 850, 1),
(252, 145, NULL, 580, 1, 580, 1),
(253, 146, NULL, 1380, 1, 1380, 0),
(254, 146, NULL, 1190, 1, 1190, 0),
(255, 146, NULL, 590, 2, 1180, 0),
(256, 146, NULL, 580, 1, 580, 0),
(257, 147, NULL, 1380, 1, 1380, 1),
(258, 147, NULL, 1190, 1, 1190, 1),
(259, 147, NULL, 590, 2, 1180, 1),
(260, 147, NULL, 580, 1, 580, 1),
(261, 148, NULL, 1380, 1, 1380, 1),
(262, 148, NULL, 1190, 1, 1190, 1),
(263, 148, NULL, 850, 1, 850, 1),
(264, 148, NULL, 580, 1, 580, 1),
(265, 149, NULL, 1380, 1, 1380, 1),
(266, 149, NULL, 1190, 1, 1190, 1),
(267, 149, NULL, 590, 1, 590, 1),
(268, 149, NULL, 580, 1, 580, 1),
(269, 150, NULL, 1380, 1, 1380, 1),
(270, 150, NULL, 1190, 1, 1190, 1),
(271, 150, NULL, 850, 1, 850, 1),
(272, 150, NULL, 580, 1, 580, 1),
(273, 151, NULL, 1380, 1, 1380, 1),
(274, 151, NULL, 1190, 1, 1190, 1),
(275, 151, NULL, 590, 1, 590, 1),
(276, 151, NULL, 580, 1, 580, 1),
(277, 152, NULL, 1380, 1, 1380, 1),
(278, 152, NULL, 1190, 2, 2380, 1),
(279, 152, NULL, 580, 1, 580, 1),
(280, 152, NULL, 850, 1, 850, 1),
(281, 153, NULL, 1380, 1, 1380, 1),
(282, 153, NULL, 1190, 1, 1190, 1),
(283, 153, NULL, 850, 1, 850, 1),
(284, 153, NULL, 580, 1, 580, 1),
(285, 154, NULL, 1100, 1, 1100, 0),
(286, 155, NULL, 790, 1, 790, 0),
(287, 155, NULL, 980, 1, 980, 0),
(293, 158, NULL, 1380, 2, 2760, 0),
(294, 158, NULL, 590, 1, 590, 0),
(295, 159, NULL, 1280, 1, 1280, 0),
(296, 170, NULL, 54000, 2, 108000, 0),
(297, 170, NULL, 220, 3, 660, 0),
(298, 170, NULL, 999, 1, 999, 0),
(299, 171, 10, 220, 1, 220, 0),
(300, 171, 14, 78000, 1, 78000, 0),
(301, 172, 10, 220, 1, 220, 0),
(302, 172, 14, 78000, 1, 78000, 0),
(303, 173, 10, 220, 1, 220, 0),
(304, 173, 14, 78000, 1, 78000, 0),
(305, 174, 10, 220, 1, 220, 0),
(306, 174, 4, 4000, 1, 4000, 0),
(307, 175, 7, 8755, 1, 8755, 0),
(308, 175, 4, 4000, 1, 4000, 0),
(309, 175, 5, 4500, 1, 4500, 0),
(310, 176, 7, 8755, 1, 8755, 1),
(311, 176, 51, 8755, 1, 8755, 0),
(312, 178, 51, 8755, 1, 8755, 0),
(313, 179, 10, 220, 1, 220, 0),
(314, 180, 7, 8755, 1, 8755, 0),
(315, 181, 7, 8755, 1, 8755, 0),
(316, 181, 51, 8755, 1, 8755, 0),
(317, 181, 5, 4500, 6, 27000, 0),
(318, 182, 5, 4500, 1, 4500, 0),
(319, 182, 15, 54000, 1, 54000, 0),
(320, 182, 58, 499, 1, 499, 0),
(321, 185, 5, 4500, 2, 9000, 0),
(322, 185, 6, 700, 1, 700, 0),
(323, 186, 14, 78000, 1, 78000, 0),
(324, 186, 49, 220, 2, 440, 0),
(325, 187, 7, 8755, 1, 8755, 0),
(326, 188, 4, 4000, 1, 4000, 1),
(327, 188, 51, 8755, 1, 8755, 0),
(328, 188, 18, 999, 1, 999, 0),
(329, 189, 46, 8400, 7, 58800, 0),
(330, 191, 10, 220, 1, 220, 0),
(331, 191, 7, 8755, 1, 8755, 0),
(332, 191, 14, 78000, 12, 936000, 0),
(333, 191, 15, 54000, 3, 162000, 0),
(334, 192, 7, 8755, 1, 8755, 0),
(335, 194, 14, 78000, 1, 78000, 0),
(336, 195, 1, 5000, 5, 25000, 0),
(337, 195, 41, 7100, 9, 63900, 0),
(338, 195, 45, 5000, 1, 5000, 0),
(339, 195, 53, 399, 7, 2793, 0),
(340, 195, 14, 78000, 7, 546000, 0),
(341, 196, 7, 8755, 1, 8755, 0),
(342, 197, 4, 4000, 1, 4000, 0),
(343, 198, 5, 4500, 1, 4500, 0),
(344, 199, 7, 8755, 1, 8755, 0),
(345, 199, 5, 4500, 1, 4500, 0),
(346, 200, 7, 8755, 1, 8755, 0),
(347, 200, 4, 4000, 4, 16000, 0),
(348, 201, 1, 5000, 7, 35000, 0),
(349, 201, 7, 8755, 1, 8755, 0);

-- --------------------------------------------------------

--
-- 資料表結構 `ca_products`
--

CREATE TABLE `ca_products` (
  `pid` int(2) NOT NULL,
  `name` varchar(26) DEFAULT NULL,
  `category_id` int(3) DEFAULT NULL,
  `description` varchar(411) DEFAULT NULL,
  `img` text DEFAULT NULL,
  `sub_category_id` int(2) DEFAULT NULL,
  `price` int(5) DEFAULT NULL,
  `src` varchar(113) DEFAULT NULL,
  `stock` int(3) DEFAULT NULL,
  `create_at` datetime DEFAULT NULL,
  `score` int(5) DEFAULT NULL
) ENGINE=InnoDB DEFAULT CHARSET=utf8 COLLATE=utf8_general_ci;

--
-- 傾印資料表的資料 `ca_products`
--

INSERT INTO `ca_products` (`pid`, `name`, `category_id`, `description`, `img`, `sub_category_id`, `price`, `src`, `stock`, `create_at`, `score`) VALUES
(1, '廢墟花瓶', 2, 'Ruin 花瓶的靈感來自於典型的廢墟形狀，作為花瓶仍然可以裝飾著風景，提醒人們曾經的樣子。適合種植植物，塔狀設計有不同的開口，可以從不同覺度觀賞植物的生長，同時還創造了一個提供生長空間的結構。Ruin 花瓶同樣適合乾燥花裝飾或作為獨立的藝術品。', 'rock1.webp,rock2.jpeg,rock3.jpeg,rock4.jpeg', 2, 5000, '廢墟花瓶,矮胖型- 咖啡色 – 101 COPENHAGEN (101cph.tw)', NULL, '2024-04-01 09:23:38', NULL),
(2, '摺紙花瓶', 2, '摺紙是日本一種古老的藝術形式，名為 Origami，此花瓶系列造型細緻便以此命名。模仿兩張紙相互折疊，當柔軟遇上鋒利，就像紙摺紙一樣，需要耐心才能真正掌握方法，所以經過多次嘗試才達到如同成品一樣細緻帶有混於飽滿的瓶身及薄且窄的花瓶口。', 'rock5.jpeg,rock6.jpeg,rock7.jpeg,rock8.jpeg', 2, 4000, '摺紙 花瓶,迷你 - 深灰色 – 101 COPENHAGEN (101cph.tw)', NULL, '2024-04-01 09:23:46', NULL),
(4, '球型泡泡花瓶', 2, 'Sphere 系列帶有獨特的輪廓和紋理，雕刻優雅，每個花瓶都飾有複雜華麗的細節。以裝飾和雕塑的方式聚集在一起。現已成為 101 Copenhagen 的鮮明視覺標誌了。受中國古代花瓶的啟發，褪色的大地色調是 Sphere 系列的特色，光滑的形狀和鋒利的邊緣之間精確的比例及對比是與技藝精湛的陶藝師密切研創製成的作品。', 'rock13.jpeg,rock14.jpeg,rock15.jpeg,rock16.jpeg', 2, 4000, '球形泡泡花瓶,中型 - 龍舌蘭綠 – 101 COPENHAGEN (101cph.tw)', NULL, '2023-04-25 09:24:11', NULL),
(5, '部落花瓶', 2, 'Tribal 系列是一系列花瓶，是以部落族群面具為雛形概念的雕塑設計品，可作為花瓶投擲花朵或純粹作為藝術品。它就像一個張開嘴巴的面具托於圓體底座上。是一件造型優美的物品，採用平靜、舒緩和塵土飛揚的赤陶色和灰色製作而成。', 'rock17.jpeg,rock18.jpeg,rock20.jpeg,rock19.jpeg', 2, 4500, '部落 花瓶,中型 - 深灰色 – 101 COPENHAGEN (101cph.tw)', NULL, '2024-03-01 09:23:46', NULL),
(6, '咖豆擺飾', 2, '無落款，太小沒地方弄，用途不明，適合待在角落。', 'rock44.jpg,rock45.jpg,rock46.jpg,rock947.jpg', 3, 700, '【新春賀歲】3cm咖啡小廢物 咖啡豆擺飾 手作 慢火雅風&自然釉 - 設計館 自然釉文創工作室 擺飾/家飾品 - Pinkoi', NULL, '2024-03-01 09:23:46', NULL),
(7, '石頭燭台', 2, '沉浸在侘寂風的寧靜美感中，每一片石頭都是自然的藝術品，配上燭光，散發著柔和而溫暖的光芒。這不僅是一個裝飾，更是一種生活的藝術，帶給您家居空間寧靜、淡雅的氛圍。', 'rock22.jpg,rock48.jpg,rock49.jpg,rock50.jpg', 3, 8755, '侘寂風石頭燭台擺飾 – 司麥歐精品燈飾/家居/擺件 (smile-lamp.com.tw)', NULL, '2023-03-01 09:23:46', NULL),
(8, '原石擺設', 2, '喜歡自然味，從漂流木開始，發掘每塊朽木的特質，慢慢雕塑、加工，給予 重生的機會，從原石開始，琢磨出不同的內在美，賦予 最真實的感覺', 'rock51.jpg,rock52.jpg,rock53.jpg,rock54.jpg', 3, 4400, '［在一起］石頭藝品 原石擺飾 石頭擺飾品 手作藝品 石頭擺件 情人節結婚禮物 新婚快樂 | 露天市集 | 全台最大的網路購物市集 (ruten.com.tw)', NULL, '2024-03-03 09:23:46', NULL),
(9, '狗造石雕', 2, '「來福」，帶點土氣的名稱，卻貼近了童年回憶，以及那份忠實的情感。在設計師的巧手下，以可愛逗趣的造型表現狗狗的靈韻，手掌般大小，宛如小巧可愛的棉花糖，帶來甜甜、幸福的好滋味。毛茸茸的臉龐，蓋住了可愛無辜的雙眼，摸摸暖呼呼的牠，療癒了煩悶的心，一起重「心」出發吧!', 'rock55.jpg,rock56.jpg,rock57.jpg,rock58.jpg', 3, 2120, '【療癒擺件 | 擺飾 】獨立鬆獅犬-狗狗造型石雕 - 設計館 CHU, AN Design 擺飾/家飾品 - Pinkoi', NULL, '2024-03-03 09:23:46', NULL),
(10, '猫手拉石頭', 2, '尋找一顆很特別的石頭也不是很容易。每顆石頭都是獨一無二無論是型態、顏色、尺寸，', 'rock59.jpg,rock60.jpg,rock61.jpg,rock62.jpg', 3, 220, '猫手拉在石頭上 - 設計館 is.ideastone 擺飾/家飾品 - Pinkoi', NULL, '2023-03-03 09:23:46', NULL),
(11, '恐龍蛋', 2, '材料：原石、竹筒尺寸：約7611 cm全天然純手工製作，實品拍攝，但仍會有些許色差，不介意再購買', 'rock63.jpg,rock64.jpg,rock65.jpg,rock66.jpg', 3, 5000, '-恐龍蛋- 石頭藝品 原石擺飾 石頭擺飾品 手作藝品 石頭擺件 - 設計館 Dadsartwork【原●始】 擺飾/家飾品 - Pinkoi', NULL, '2024-03-12 09:23:46', NULL),
(12, '觀景窗小屋', 3, '這頂帳篷的形狀其實就是一個前大後小的四方形，從裡面往外看去時，就好像相機的觀景窗一樣，除此之外頂部也配置了一個不小的掀蓋天窗，即便是躺著也能欣賞天空（就連內帳也保留了那塊區域配置ＴＰＵ窗讓你好好的觀賞窗景….）兩側也同樣配置了大面積的三角窗，尾端則配置了兩側都有邊布的防雨窗，即使雨天也能保持通風性能。', 'tent17.jpg,tent18.jpg,tent19.jpg,tent20.jpg', 4, 24000, '【帳篷推薦】 異軍突起的新銳品牌 - 東京工藝 TokyoCrafts Montop 觀景窗小屋… | Instagram', NULL, '2024-03-04 09:23:46', NULL),
(13, 'KAKUREGA', 3, '這頂620x320x220的尺寸與目前主流的大型隧道帳篷一致，結構上也非常相似於Sabb的阿尼卡，簡單的四環結構配上兩根橫杆撐挺帳布，也同樣的兩側邊布都可以撐起並連結固定做延伸天幕使用（也一樣可能會滴水沒錯）但能成為帥帳當然不是只靠顏色就能辦到。細節上，主結構中的左右兩環略為傾斜的角度帶出了這頂帳篷整體更低趴的姿態，側面視角也自然就不會有傳統隧道帳的呆板感，四環帳桿的袖套也做了加寬的處理，除了增加蓋上頂布後的空氣流動性之外，單獨使用時視覺上也更具帥度。', 'tent13.jpg,tent14.jpg,tent15.jpg,tent16.jpg', 4, 45000, 'https://www.instagram.com/p/Cvqfv7pJaJ0/?img_index=1', NULL, '2024-03-20 09:23:46', NULL),
(14, 'Tent Factory', 3, '帳篷要能隔熱，除了基本的材質遮光之外，“高度“也是相當重要的一環，儘管黑膠替你隔絕了大部分的陽光，但熱能也會持續的堆積在蓬布上形成熱輻射，當我們越靠近天花板，感受的熱也就越明顯（想像大熱天進車裡的感受）所以我們離天花板越遠，相對也就越涼快。而這頂帳篷的高度220cm配上黑膠塗層的全外帳、再配上附帶的遮光頂布，撇開這些遮光要素之外，帳篷本身的通風性也是無庸置疑的，除了基本的四面配置紗網以及上方氣孔之外，屋頂也配置了大面積紗網，覆蓋頂布時提升帳內空氣對流外，不使用頂布時也可當小天窗使用，另外正門的雙層前庭布除了遮光避雨外，還能搭配白布變成投影布幕看電影！！', 'tent9.jpg,tent11.jpg,tent12.jpg,tent10.jpg', 4, 78000, '光明分母 MultiBuy 帳篷專門所（@multibuy888）• Instagram 相片與影片', NULL, '2023-03-03 09:23:46', NULL),
(15, 'RatelWorks ', 3, '這頂帳篷從結構上來說是相當正統的三環式隧道帳，其優點就是結構簡單，搭設上非常的輕鬆，巧妙之處在於它格局的比例拿捏，三個不同大小的圓型骨架配上不同間距的比例，劃分出寢室、客廳，以及特大的前庭空間，其中特大尺寸的前庭布便是這頂帳篷的特色所在，除了正常使用時提供了寬敞的遮光面積外，附帶的三角邊布也讓實際可用面積增加了不少，而配上加購的小內帳後，原先的前庭空間又可以轉變成第二個寢室區，無論你想兩房使用，或是卸掉原本的大寢室解放更完整的客廳空間都沒有問題，這樣的配置是不是讓你想到了網紅帳gilia？沒錯，如標題所敘述，gilia也是很不錯的帳篷，唯一小缺點就是太矮了，而這頂帳篷200公分的高度正好彌補了這個缺點，配上蜜獾精神一貫的精美配件組（鑄造錘、釘、掛繩等等）最後當然，還是要說一下缺點，也是蜜獾他們一直以來的問題，就是跟SABB一樣都是單純的聚酯材料，遮光性普普，不過由於原本就配備了一層頂布，主體區域應該還是可以啦！', 'tent1.jpg,tent2.jpg,tent3.jpg,tent4.jpg', 4, 54000, '光明分母 MultiBuy 帳篷專門所（@multibuy888）• Instagram 相片與影片', NULL, '2024-03-03 09:23:46', NULL),
(16, 'Dome Tent', 3, '今天介紹的這頂帳篷除了擁有高達220公分高的天花板之外，連內帳都有210公分的空間高度，而且由於結構的關係，它的整體高度也非常平均，沒有高度灌水的問題。除了高度的優勢外，這頂帳篷也符合了先前提過的中小型隧道帳趨勢，540x300的身形配上一邊單環一邊交叉的骨架使它保有不錯抗風性的同時又能夠單人完成搭設。帳篷本身也配備了遮光頂布來補強他本身聚酯材料的遮光弱項。最後是配色上它也相當有水準的黑帳配黑杆，其中一根還用了跳色處理，金屬藍很好的點綴了整體的視覺效果，這手法先前也曾出現在The North Face的帥帳Lander 6上，非常好看！當然還是要說一下小缺點，中小型帳篷的尺寸卻有著17kg的體重，可能這就是高度帶來的負擔吧。', 'tent5.jpg,tent6.jpg,tent7.jpg,tent8.jpg', 4, 21200, '光明分母 MultiBuy 帳篷專門所（@multibuy888）• Instagram 相片與影片', NULL, '2024-03-13 05:23:46', NULL),
(18, '可拼接露營睡袋 ', 3, '我們的露營愛好者團隊研發出這款棉質睡袋 Arpenaz 20°，讓你能在 20°C 左右的氣溫下舒適入睡。棉質的舒適度及暖度|長度：2 m20°C。產品設計概念為何？提供一款有絕佳有機棉花觸感的舒適睡袋。共 2 m 長，5 年保固！', 'outdoor5.webp,outdoor6.webp,outdoor7.webp,outdoor8.webp', 5, 999, 'https://decathlon.tw/dsm-303126.html', NULL, '2024-03-16 09:23:46', NULL),
(19, '4人快開帳篷', 3, '我們的露營團隊設計出這款適合最多 4 名成人使用的快開防曬遮陽帳篷 Base Easy Fresh，讓你在鄉間時不受戶外陽光和蚊蟲侵擾。彈開式 | 獨立結構 | Fresh產品設計概念為何？提供一款適合最多 4 人使用的彈開式舒適帳篷，讓你不受陽光（UPF50）、高溫、泥土和蚊蟲的侵擾', 'outdoor0.webp,outdoor9.webp,outdoor10.webp,outdoor11.webp', 4, 1699, 'https://decathlon.tw/dsm-308291.html', NULL, '2024-03-24 09:23:46', NULL),
(20, '2人輕量登山帳篷', 3, '第一次露營？我們的設計師研發了這款簡單又好搭建的雙人帳篷，確保你為夜晚做好準備。產品優勢？可存放鞋子的空間。這款帳篷方便使用，且通過我們所有的耐用度及防水測試。獨立式穹頂結構設計，讓你在搭建後可以移動到最佳地點。', 'outdoor12.webp,outdoor15.webp,outdoor14.webp,outdoor13.webp', 4, 1499, 'https://decathlon.tw/dsm-303295.html', NULL, '2024-03-18 09:23:46', NULL),
(22, '釣魚運動折疊椅', 3, '我們的工程師為讓垂釣者能在水邊舒服地休息，而設計出這張能夠適應任何地點的躺椅組合式躺椅，能提升舒適度泡棉床墊的密度提供最佳的舒適品質。可調整式椅腳，確保躺椅的穩定性。', 'outdoor20.webp,outdoor21.webp,outdoor22.webp,outdoor23.webp', 5, 3999, 'https://decathlon.tw/dsm-108229.html', NULL, '2024-03-10 09:23:46', NULL),
(23, '釣魚箱椅', 3, '我們的概念團隊研發出這款適合在淡水長竿釣時使用的釣魚箱椅耐用性 多用途 舒適我們的概念團隊研發出這款適合在淡水長竿釣時使用的釣魚箱椅', 'outdoor24.webp,outdoor25.webp,outdoor26.webp,outdoor27.webp', 5, 2499, 'https://decathlon.tw/dsm-345019.html', NULL, '2024-03-25 09:23:46', NULL),
(24, '釣魚推車', 3, '我們的概念團隊研發出這款拖車，適合在當地進行釣魚活動的釣魚使用者使用，可輕鬆地運送其釣具輕巧性 耐用性 容量 可調式我們的概念團隊研發出這款拖車，適合在當地進行釣魚活動的釣魚使用者使用，可輕鬆地運送其釣具', 'outdoor28.webp,outdoor29.webp,outdoor30.webp,outdoor31.webp', 5, 3499, 'https://decathlon.tw/dsm-341719.html', NULL, '2024-03-11 09:23:46', NULL),
(25, '矮腳露營折疊椅', 3, '我們的設計師設計了這款輕巧又方便使用的露營椅。產品優勢：輕巧、好攜帶這款方便攜帶的露營椅通過我們的耐用性測試。這款輕量的露營椅方便使用，容易攜帶。', 'outdoor32.webp,outdoor33.webp,outdoor34.webp,outdoor35.webp', 5, 499, 'https://decathlon.tw/dsm-312927.html', NULL, '2024-03-12 09:23:46', NULL),
(26, '可調式折疊躺椅', 3, '我們的團隊研發出這款躺椅 Comfort。這款折疊椅能讓你在露營時舒適、放鬆地坐著。極為舒適 | 可躺式 | 可折疊 | 輕巧產品設計概念為何？提供一款可放鬆倚靠的超舒適露營椅，具有頭枕、扶手以及寬大的可躺式通風椅背，可調整多種乘坐姿勢。', 'outdoor36.webp,outdoor37.webp,outdoor38.webp,outdoor39.webp', 5, 1499, 'https://decathlon.tw/dsm-13371.html', NULL, '2024-03-22 09:23:46', NULL),
(27, '帳篷防水耐磨地墊', 3, '我們的露營團隊設計出這款地墊，可阻絕來自地面的濕氣。可以做為額外防護使用。桌面表面積：12 m² | 防水好清洗產品設計概念為何？設計出一款能提供帳篷額外防護的地墊，可防止磨損及地面上石頭與樹根所造成的穿刺。一款防水好清洗的地墊。', 'outdoor40.webp,outdoor41.webp,outdoor42.webp,outdoor43.webp', 5, 549, 'https://decathlon.tw/dsm-3745.html', NULL, '2024-03-31 09:23:46', NULL),
(28, '矮腳露營折疊椅', 3, '產品優勢：輕巧、好攜帶這款方便攜帶的露營椅通過我們的耐用性測試。這款輕量的露營椅方便使用，容易攜帶。', 'outdoor44.webp,outdoor45.webp,outdoor46.webp,outdoor44.webp', 5, 499, 'https://decathlon.tw/dsm-312927.html', NULL, '2024-03-22 09:23:46', NULL),
(29, '天幕帳專用營柱', 3, '可以利用一般帳篷、客廳帳、天幕帳的門來增加遮陽蔽雨的空間。未附營繩。2入連結營柱 | 4分段產品設計概念為何？提供一組2入的營柱，支撐天篷，增加遮陽蔽雨的額外空間。', 'outdoor50.webp,outdoor47.webp,outdoor48.webp,outdoor49.webp', 5, 499, 'https://decathlon.tw/dsm-123628.html', NULL, '2024-03-27 09:23:46', NULL),
(30, '露營鋼製營釘', 3, '露營使用。100%鋼製na', 'outdoor51.webp,outdoor52.webp,outdoor53.webp,outdoor54.webp', 5, 249, 'https://decathlon.tw/dsm-325171.html', NULL, '2024-03-07 09:23:46', NULL),
(31, '多用途露營扣環', 3, '這款相當輕量的彈簧掛鉤，適合在露營或健行時用來固定餐具。產品優勢：輕量。能固定餐具，不遺失。也可用於固定水瓶或其它物品。', 'outdoor55.webp,outdoor56.webp,outdoor57.webp.outdoor55.webp', 5, 19, 'https://decathlon.tw/dsm-6871.html', NULL, '2024-03-07 09:23:46', NULL),
(33, '不鏽鋼輕量馬克杯', 3, '這款大容量不鏽鋼馬克杯，是一款登山健行或露營必備的產品。優勢：非常耐用的304不鏽鋼材質（0.4 L）採用高抗性、輕量的不鏽鋼製成。附有2個握把，內側附有刻度。0.4 Ｌ。 盛裝高溫液體時請小心，以免燙傷。', 'outdoor62.webp,outdoor63.webp,outdoor64.webp,outdoor65.webp', 5, 199, 'https://decathlon.tw/dsm-174671.html', NULL, '2024-03-17 09:23:46', NULL),
(34, '不鏽鋼露營煮水壺', 3, '想快速煮水的露營者開發了這款水壺。產品優勢：極度耐用。不銹鋼材質。（1 L）100%不鏽鋼結構，超耐用。能快速將水加熱。1 L。', 'outdoor66.webp,outdoor67.webp,outdoor68.webp,outdoor69.webp', 5, 399, 'https://decathlon.tw/dsm-302356.html', NULL, '2024-03-11 09:23:46', NULL),
(36, '卡榫式調節登山杖', 3, '我們設計出這款登山杖，適合偶爾在困難的地形上健行時使用。開始探索山林的可靠夥伴適合登山健行使用：採用適合沿岸地形的長握把及可調式腕帶設計。採用同樣簡易的插銷調整設計。', 'outdoor70.webp,outdoor71.webp.outdoor72.webp,outdoor73.webp', 5, 249, 'https://decathlon.tw/dsm-156362.html', NULL, '2024-03-08 09:23:46', NULL),
(37, '登山健行頭燈', 3, '適合在較為容易的山徑中行走和在露營地或遮蔽處時使用。多功能、堅固、人性化！一款易於使用且穿戴舒適的多功能頭燈ONNIGHT 100。軟性外殼設計，既防震又防水這款頭燈FORCLAZ適用於各種情況。', 'outdoor74.webp,outdoor75.webp,outdoor76.webp,outdoor77.webp', 5, 299, 'https://decathlon.tw/dsm-128225.html', NULL, '2024-03-20 09:23:46', NULL),
(38, '防水緩震登山鞋', 3, '專為在登山步道進行一日健行而設計。 中筒鞋面為你提供更好的保護和舒適度。防滑、提供保護與極佳的避震性。鞋底使用我們的 Outdoor Contact 技術，可提供絕對出色的抓地力。 橡膠防撞鞋頭還能為你提供額外的保護。', 'outdoor78.webp,outdoor79.webp,outdoor80.webp,outdoor81.webp', 6, 2999, 'https://decathlon.tw/dsm-330874.html', NULL, '2024-03-15 09:23:46', NULL),
(39, '加厚防滑登山襪', 3, '我們的登山健行設計師研發出這款透氣且耐用的襪子，適合在健行時穿著。精細結構、極為透氣的合成纖維這款襪子的設計能降低鞋內的摩擦。 一款能增加登山健行舒適性的必需品', 'outdoor82.webp,outdoor83.webp,outdoor84.webp,outdoor85.webp', 6, 399, 'https://decathlon.tw/dsm-330181.html', NULL, '2024-03-05 09:23:46', NULL),
(40, '高機能防水遮陽帽', 3, '團隊設計了這款可在短途旅行時為你擋雨的帽子。適合健行的防水帽！有了這款防水帽，雨水再也不會拖慢你的腳步！', 'outdoor86.webp,outdoor87.webp,outdoor88.webp,outdoor89.webp', 6, 499, 'https://decathlon.tw/dsm-302968.html', NULL, '2024-03-24 09:23:46', NULL),
(41, '偏置花瓶', 2, '就像時間凍結的設計過程一樣，Offset 花瓶是對所切割的熟悉的圓形形狀的變形。它挑戰了花瓶的概念，並根據觀看的角度極大地改變了外觀：從傳統花瓶的模仿到雕塑作品。Offset 由纖維混凝土製成，有兩種尺寸。\r\n\r\n由於它是手工上釉的天然產品，因此顏色可能略有不同，形式呈現較相近於陶藝製品。\r\n故標示為未達100%防水。建議使用上遵循防水原則以維持商品色澤與品質。', 'rock24.jpeg,rock25.jpeg,rock26.jpeg,rock27.jpeg', 2, 7100, 'https://101cph.tw/zh/products/眼鏡蛇花瓶-迷你-深灰色的副本', NULL, '2024-04-10 17:53:40', NULL),
(42, '大腳凳', 2, 'Big Foot凳子是任何室內環境和家庭不可或缺好的搭配存在，其雕塑般的形狀充滿吸引力。\r\n由三個圓形腿和一個柔軟的圓形座椅組成，所有表面均採用舒緩的灰白色天然羊皮及粉筆白色棉麻織物裝飾。\r\n\r\n', 'rock28.jpeg,rock29.jpeg,rock30.jpeg,rock31.jpeg', 3, 15900, 'https://101cph.tw/zh/products/大腳凳-亞麻-粉筆白', NULL, '2024-04-03 17:58:44', NULL),
(43, '柱桌', 2, '憑藉其幾何和銳利的線條，柱桌的靈感來自柱子和柱子的經典建築形狀，試圖建立一個簡單靈活的邊桌。\r\n\r\n這張桌子非常適合放在躺椅旁邊，或者與沙發或休息區旁邊的其他邊桌相結合，由於其簡約的設計，柱桌也可以單獨作為雕塑或用作展出物品的基座。', 'rock32.jpeg,rock33.jpeg,rock34.jpeg,rock35.jpeg', 3, 11500, 'https://101cph.tw/zh/products/柱桌-沙色', NULL, '2024-04-03 17:58:44', NULL),
(44, '潛水艇', 2, 'Submarine 系列是一系列精緻的花瓶，靈感來自日本藝術無與倫比的優雅。該系列將古典形式的簡約與斯堪的納維亞設計的魅力相結合，重新定義了簡約的精緻。\r\n\r\nSubmarine 系列具有三種獨特的尺寸和形狀，每種尺寸和形狀都有其獨特的特徵。這些花瓶無論單獨展示還是作為迷人的整體展示，都以其優雅的曲線和拋光的線條喚起一種寧靜和精緻的感覺。它們的形式採用無接縫一體成型設計證明了真正工藝的精髓。\r\n\r\n由於它是手工上釉的天然產品，因此顏色可能略有不同，形式呈現較相近於陶藝製品。\r\n故標示為未達100%防水。建議使用上遵循防水原則以維持商品色澤與品質。', 'rock36.jpeg,rock37.jpeg,rock38.jpeg,rock39.jpeg', 3, 14250, 'https://101cph.tw/zh/products/t', NULL, '2024-04-03 17:58:44', NULL),
(45, '相撲花瓶', 2, '作為日本運動相撲的參考， Sumo 系列為讚嘆胴體之美以日本傳統競技「相撲」為靈感，設計出尖腳造型底端及龐大的花瓶主體。\r\n\r\n所有花瓶都有不同的瓶口設計，從傳統的窄花瓶開口到雙開口和深雕尖口。\r\n\r\n此系列著眼於熟悉的花瓶形狀與添加更多藝術、抽象的想法和細節之間的對比，刷新我們對花瓶形狀的看法，更加講究形體細節及抽象的藝術品花器，超越了我們既往對花器形態的想像。\r\n\r\n由於它是手工上釉的天然產品，因此顏色可能略有不同，形式呈現較相近於陶藝製品。\r\n故標示為未達100%防水。建議使用上遵循防水原則以維持商品色澤與品質。', 'rock40.jpeg,rock41.jpeg,rock42.jpeg,rock43.jpeg', 2, 5000, 'https://101cph.tw/zh/products/', NULL, '2024-04-03 17:58:44', NULL),
(46, '原石擺設', 2, '喜歡自然味，從漂流木開始，發掘每塊朽木的特質，慢慢雕塑、加工，給予 重生的機會，從原石開始，琢磨出不同的內在美，賦予 最真實的感覺', 'rock67.jpg,rock68.jpg,rock69.jpg,rock70.jpg', 3, 8400, '［在一起］石頭藝品 原石擺飾 石頭擺飾品 手作藝品 石頭擺件 情人節結婚禮物 新婚快樂 | 露天市集 | 全台最大的網路購物市集 (ruten.com.tw)', NULL, '2024-03-03 09:23:46', NULL),
(49, '龍拉石頭', 2, '尋找一顆很特別的石頭也不是很容易。每顆石頭都是獨一無二無論是型態、顏色、尺寸，', 'rock75.jpg,rock76.jpg,rock77.jpg,rock78.jpg', 3, 220, '猫手拉在石頭上 - 設計館 is.ideastone 擺飾/家飾品 - Pinkoi', NULL, '2023-03-03 09:23:46', NULL),
(50, '蜥蜴石', 2, '材料：原石、竹筒尺寸：約7611 cm全天然純手工製作，實品拍攝，但仍會有些許色差，不介意再購買', 'rock79.jpg,rock80.jpg,rock81.jpg,rock82.jpg', 3, 5000, '-恐龍蛋- 石頭藝品 原石擺飾 石頭擺飾品 手作藝品 石頭擺件 - 設計館 Dadsartwork【原●始】 擺飾/家飾品 - Pinkoi', NULL, '2024-03-12 09:23:46', NULL),
(51, '石頭火', 2, '沉浸在侘寂風的寧靜美感中，每一片石頭都是自然的藝術品，配上燭光，散發著柔和而溫暖的光芒。這不僅是一個裝飾，更是一種生活的藝術，帶給您家居空間寧靜、淡雅的氛圍。', 'rock83.jpg,rock84.jpg,rock85.jpg,rock86.jpg', 3, 8755, '侘寂風石頭燭台擺飾 – 司麥歐精品燈飾/家居/擺件 (smile-lamp.com.tw)', NULL, '2023-03-01 09:23:46', NULL),
(52, '天石雕', 2, '「來福」，帶點土氣的名稱，卻貼近了童年回憶，以及那份忠實的情感。在設計師的巧手下，以可愛逗趣的造型表現狗狗的靈韻，手掌般大小，宛如小巧可愛的棉花糖，帶來甜甜、幸福的好滋味。毛茸茸的臉龐，蓋住了可愛無辜的雙眼，摸摸暖呼呼的牠，療癒了煩悶的心，一起重「心」出發吧!', 'rock87.jpg,rock88.jpg,rock89.jpg,rock90.jpg', 3, 2120, '【療癒擺件 | 擺飾 】獨立鬆獅犬-狗狗造型石雕 - 設計館 CHU, AN Design 擺飾/家飾品 - Pinkoi', NULL, '2024-03-03 09:23:46', NULL),
(53, '可折疊露營餐具組', 3, '這款相當輕量的折疊式餐具，適合在野餐郊遊或露營料理時使用。優勢：摺疊性及採用堅固的不鏽鋼材質製成2件不鏽鋼餐具（叉子、湯匙）相當耐用，摺疊後可輕鬆放入餐具套中收納。', 'outdoor58.webp,outdoor59.webp,outdoor60.webp,outdoor61.webp', 5, 399, 'https://decathlon.tw/dsm-309005.html', NULL, '2024-03-02 09:23:46', NULL),
(55, '防潑水羽絨睡袋', 3, '我們在法國阿爾卑斯山設計這款RDS*認證羽毛睡袋，讓你在0°C以上的溫度舒適入眠。輕盈、舒適、保暖的羽絨及羽毛適合0°C使用的羽毛睡袋（羽絨，800 cuins）：頂級。L號重945 g：溫暖、輕量且輕巧。木乃伊形狀，非常舒適。符合人體工學的連帽。雙拉鍊頭設計。防潑水。', 'outdoor1.webp,outdoor2.webp,outdoor3.webp,outdoor4.webp', 5, 4900, 'https://decathlon.tw/dsm-309272.html', NULL, '2024-03-06 09:23:46', NULL),
(58, '釣魚運動折疊椅', 3, '我們的設計團隊設計出這款產品，讓你以舒適的方式進行你熱愛的釣魚運動。舒適輕巧的設計附有背帶的輕巧設計，攜帶十分方便', 'outdoor16.webp,outdoor17.webp,outdoor18.webp,outdoor19.webp', 5, 499, 'https://decathlon.tw/dsm-9117.html', NULL, '2024-03-06 09:23:46', NULL),
(62, '虎造石雕', 2, '「來福」，帶點土氣的名稱，卻貼近了童年回憶，以及那份忠實的情感。在設計師的巧手下，以可愛逗趣的造型表現狗狗的靈韻，手掌般大小，宛如小巧可愛的棉花糖，帶來甜甜、幸福的好滋味。毛茸茸的臉龐，蓋住了可愛無辜的雙眼，摸摸暖呼呼的牠，療癒了煩悶的心，一起重「心」出發吧!', 'rock71.jpg,rock72.jpg,rock73.jpg,rock74.jpg', 3, 3220, '', NULL, '2024-03-03 09:23:46', NULL),
(73, '美杜莎花瓶', 2, '受美杜莎獨特形狀的啟發，美杜莎陶瓷強調了柔軟的橢圓形和水母的細節。優雅的雕刻，美杜莎花瓶底座由許多小圓錐形腿略微抬離地板，讓人想起水母的觸鬚。可以輕鬆放置在任何室內設計中，可作為雕塑品或花瓶裝飾品。美杜莎有花瓶和托盤兩種形式，由陶瓷製成。', 'rock9.jpeg,rock10.jpeg,rock11.jpeg,rock12.jpeg', 2, 3200, 'https://101cph.tw/zh/products/%E7%BE%8E%E6%9D%9C%E8%8E%8E%E8%8A%B1%E7%93%B6-%E5%A4%A7-%E5%92%96%E5%95%A1%E8%89%B2', NULL, '2024-04-01 09:23:46', NULL),
(118, '鑿子', 4, '就是鑿子', 'axe.png', NULL, 100, NULL, 122, '2024-04-01 14:30:22', NULL),
(119, '便當', 4, NULL, 'bento.png', 7, 300, NULL, NULL, '2024-04-01 14:30:22', NULL),
(120, '燈光', 4, NULL, 'flashlight.png', NULL, 200, NULL, NULL, '2024-04-01 14:30:22', NULL),
(121, '鬼魂', 4, '', 'ghost.png', NULL, 500, NULL, NULL, '2024-04-01 14:30:22', NULL),
(122, '繩索', 4, NULL, 'lasso.png', NULL, 100, NULL, NULL, '2024-04-01 14:30:22', NULL),
(123, '開鎖', 4, NULL, 'padlock.png', NULL, 600, NULL, NULL, '2024-04-01 14:30:22', NULL),
(124, '石塊', 4, NULL, 'stone.png', NULL, 1, NULL, NULL, '2024-04-01 14:39:27', NULL),
(125, '寶藏', 4, NULL, 'treasure-chest.png', NULL, 1000, NULL, NULL, '2024-04-01 14:30:22', NULL),
(126, '水瓶', 4, '', 'water.png', NULL, 300, NULL, NULL, '2024-04-01 14:30:22', NULL),
(127, '古根海姆花瓶', 2, 'Guggenheim 系列藉由鮮明典型的幾何線條與纖薄的輪廓之間的牽動聯繫創造出的設計品。視覺上的交錯在平面器皿是個立體且任何一個角度看都有趣。手工製作的表面紋理及切面細緻的捕捉光線，是空間裡的藝術品。\r\n\r\n由於它是手工上釉的天然產品，因此顏色可能略有不同，形式呈現較相近於陶藝製品。\r\n故標示為未達100%防水。建議使用上遵循防水原則以維持商品色澤與品質。\r\n', 'rock93.jpeg,rock94.jpeg,rock95.jpeg,rock96.jpeg', 2, 3800, NULL, NULL, '2024-04-01 14:30:22', NULL);

-- --------------------------------------------------------

--
-- 資料表結構 `ca_product_comment`
--

CREATE TABLE `ca_product_comment` (
  `comment_id` int(11) NOT NULL,
  `member_id` int(11) NOT NULL,
  `pid` int(11) DEFAULT NULL,
  `purchase_order_id` varchar(255) NOT NULL,
  `score` decimal(10,1) NOT NULL,
  `comment` varchar(255) DEFAULT NULL,
  `create_at` datetime NOT NULL
) ENGINE=InnoDB DEFAULT CHARSET=utf8mb4 COLLATE=utf8mb4_general_ci;

--
-- 傾印資料表的資料 `ca_product_comment`
--

INSERT INTO `ca_product_comment` (`comment_id`, `member_id`, `pid`, `purchase_order_id`, `score`, `comment`, `create_at`) VALUES
(2, 3, 5, '66ce0d34-0247-4e7c-9bb7-f1698f5b70f9', 5.0, '使用效果非常好! ', '2024-01-05 22:51:42'),
(19, 56, 10, '04e3e8ee8ba146648f3193c859749cb3', 4.5, '色彩繽紛，很值得購買～', '2024-01-17 15:45:14'),
(21, 51, 20, 'e0f30b684d8f4b2e9e2400fc833b0270', 5.0, '這個帳篷真的超棒！設計很實用，很容易設置，我們全家在露營時都非常喜歡它。', '2024-01-17 22:35:26'),
(22, 51, 18, 'e0f30b684d8f4b2e9e2400fc833b0270', 4.5, '誠實說，我對這個睡袋的品質有點失望。它的保暖性不夠好，我在晚上還是感覺有點冷。', '2024-01-17 22:36:16'),
(23, 51, 22, 'e0f30b684d8f4b2e9e2400fc833b0270', 4.0, '露營桌椅組非常輕便，携帶方便。我們整個團隊都很享受在露營地使用它們。', '2024-01-17 22:37:08'),
(24, 51, 22, 'e0f30b684d8f4b2e9e2400fc833b0270', 4.5, '這個折疊椅非常堅固耐用，我們使用了好幾次，仍然保持良好的狀態。', '2024-01-17 22:37:45'),
(25, 57, 37, 'a1889fa15cb84ab2991d83f13dd733b4', 4.5, '露營燈光非常亮，但是電池很快就耗盡了。建議帶備額外的電池。', '2024-01-18 09:55:12'),
(26, 57, 19, 'a1889fa15cb84ab2991d83f13dd733b4', 5.0, '帳篷的防水效果非常好，我們在下大雨的情況下使用過，裡面一點也沒有濕。', '2024-01-18 09:55:51'),
(27, 57, 34, 'a1889fa15cb84ab2991d83f13dd733b4', 4.5, '營地鍋非常實用，能夠快速煮食，讓我們在露營時節省了很多時間。', '2024-01-18 09:56:17'),
(28, 57, 18, 'a1889fa15cb84ab2991d83f13dd733b4', 5.0, '我對這個睡墊的舒適度非常滿意，它提供了良好的支撐，我在露營期間睡得非常好。', '2024-01-18 09:56:51'),
(29, 54, 34, '1bf78b7337084e05a57232e298aee124', 5.0, '這個折疊水壺非常方便攜帶，但是它的密封性有點差，有時候會漏水。', '2024-01-18 10:00:29'),
(30, 54, 53, '1bf78b7337084e05a57232e298aee124', 2.0, '露營用餐具套裝很實用，材質輕巧但堅固耐用，非常適合我們的露營旅行。', '2024-01-18 10:03:22'),
(31, 53, 27, '0e6d9396a73044a49cc050da14a54319', 4.0, '我對這個野餐墊的品質非常滿意，它輕巧且易於攜帶，而且很容易清潔。', '2024-01-18 10:04:48'),
(32, 53, 20, '0e6d9396a73044a49cc050da14a54319', 4.0, '露營營地遮陽篷是我們在陽光炎熱的日子裡的最佳選擇，它提供了足夠的陰影，讓我們可以舒適地休息', '2024-01-18 10:05:24'),
(33, 58, 20, '599cfad92fe848128d7f0e9db35633c2', 3.5, '出貨速度快但材質不符合預期QQ', '2024-01-18 10:18:14'),
(34, 58, 34, '599cfad92fe848128d7f0e9db35633c2', 5.0, 'CP值超高，真的是人人都要有一組！！！', '2024-01-18 10:18:57'),
(35, 59, 22, '25a30b5f1f87461b852dc25579345a0c', 4.0, '買錯重量，意外發現手感挺好', '2024-01-18 10:23:34'),
(37, 59, 28, '25a30b5f1f87461b852dc25579345a0c', 5.0, '我對這個折疊營地桌的穩定性感到滿意，即使放在不平坦的地面上，它也能夠保持穩固。', '2024-01-18 10:24:32'),
(38, 59, 53, '25a30b5f1f87461b852dc25579345a0c', 4.5, '露營用餐具套裝的設計非常貼心，每個物品都有自己的收納袋，很方便攜帶和收納。', '2024-01-18 10:25:01'),
(39, 60, 34, '2fad3e66e58242dab75469c67ff048b1', 5.0, '我對這個露營用的鍋爐感到滿意，它加熱快速且節能，是我們露營時的不可或缺之物。', '2024-01-18 10:29:33'),
(40, 60, 55, '2fad3e66e58242dab75469c67ff048b1', 5.0, '這個露營床非常輕便，但支撐力很強，我們在睡眠中感到非常舒適。', '2024-01-18 10:31:43'),
(47, 52, 34, '1fa49fd4d2f64fea83d0d1ee473b2b71', 4.0, '這個露營用的水袋很實用，可以方便地攜帶大量的水，在野外活動中非常方便。', '2024-01-18 10:40:08'),
(48, 52, 1, '1fa49fd4d2f64fea83d0d1ee473b2b71', 5.0, '花瓶的造型簡潔大方，我放了一束野花進去，瞬間就讓房間的氣氛變得更加愉悅和輕鬆。', '2024-01-01 10:40:39'),
(49, 52, 28, '1fa49fd4d2f64fea83d0d1ee473b2b71', 5.0, '我對這個露營用的折疊凳感到滿意，它輕便易攜，但座位很穩固，是露營時的好幫手。', '2024-01-23 10:41:26'),
(50, 60, 1, '2fad3e66e58242dab75469c67ff048b1', 5.0, '這個花瓶的設計非常優雅，我喜歡它簡約而又精緻的外觀，完美地裝飾了我的客廳。', '2024-01-04 10:43:11'),
(51, 61, 1, '2fad3e66e58242dab75469c67ff048b1', 5.0, '花瓶的材質很優質，顏色也很漂亮，我在裡面插了一束鮮花，整個房間都變得生機勃勃了。', '2024-01-09 10:43:47'),
(52, 58, 1, '599cfad92fe848128d7f0e9db35633c2', 4.5, '這個花瓶的工藝精湛，每一個細節都非常用心，我可以看出製作者的用心和專業。', '2024-01-18 10:56:25'),
(53, 59, 1, '599cfad92fe848128d7f0e9db35633c2', 5.0, '我非常滿意這個花瓶的大小，它可以容納很多不同種類的花卉，而且不會顯得擁擠。', '2024-01-15 10:56:57'),
(54, 53, 1, '0e6d9396a73044a49cc050da14a54319', 5.0, '花瓶的口徑適中，很容易插花，而且不會讓花束看起來太擁擠或太稀疏。', '2024-01-18 10:59:12'),
(55, 50, 1, '0e6d9396a73044a49cc050da14a54319', 5.0, '我對這個花瓶的質量感到滿意，它的厚度適中，不易碎裂，給人一種很穩固的感覺。', '2024-01-08 10:59:30'),
(56, 33, 1, '1bf78b7337084e05a57232e298aee124', 5.0, '這個花瓶的設計很獨特，我在它的底部放了一些小石子，讓花束看起來更穩固和美觀。', '2023-12-11 11:02:21'),
(57, 54, 1, '1bf78b7337084e05a57232e298aee124', 4.5, '我很喜歡這個花瓶的顏色，它與我房間的裝飾完美搭配，讓整個空間更加溫馨和舒適。', '2024-01-29 11:03:02'),
(58, 34, 1, '59d2b116b8de4ebb9f57992a3d99c459', 4.0, '這個花瓶的價格非常實惠，但品質卻很好，是我在網上買到的最滿意的一個花瓶。', '2024-01-19 10:04:14'),
(59, 35, 1, '1fa49fd4d2f64fea83d0d1ee473b2b71', 5.0, '我很喜歡這個露營燈的多功能性，它既可以作為手電筒使用，也可以作為掛燈使用，非常方便。', '2024-01-20 10:39:32'),
(60, 36, 2, '1fa49fd4d2f64fea83d0d1ee473b2b71', 5.0, '花瓶的造型簡潔大方，我放了一束野花進去，瞬間就讓房間的氣氛變得更加愉悅和輕鬆。', '2024-01-16 10:40:39'),
(61, 37, 2, '2fad3e66e58242dab75469c67ff048b1', 5.0, '這個花瓶的設計非常優雅，我喜歡它簡約而又精緻的外觀，完美地裝飾了我的客廳。', '2024-01-18 10:43:11'),
(62, 60, 2, '2fad3e66e58242dab75469c67ff048b1', 5.0, '花瓶的材質很優質，顏色也很漂亮，我在裡面插了一束鮮花，整個房間都變得生機勃勃了。', '2024-01-18 10:43:47'),
(63, 38, 2, '599cfad92fe848128d7f0e9db35633c2', 4.5, '這個花瓶的工藝精湛，每一個細節都非常用心，我可以看出製作者的用心和專業。', '2024-01-18 10:56:25'),
(64, 39, 2, '599cfad92fe848128d7f0e9db35633c2', 5.0, '我非常滿意這個花瓶的大小，它可以容納很多不同種類的花卉，而且不會顯得擁擠。', '2024-01-18 10:56:57'),
(65, 53, 2, '0e6d9396a73044a49cc050da14a54319', 5.0, '花瓶的口徑適中，很容易插花，而且不會讓花束看起來太擁擠或太稀疏。', '2024-01-18 10:59:12'),
(66, 40, 2, '0e6d9396a73044a49cc050da14a54319', 5.0, '我對這個花瓶的質量感到滿意，它的厚度適中，不易碎裂，給人一種很穩固的感覺。', '2024-01-18 10:59:30'),
(67, 41, 2, '1bf78b7337084e05a57232e298aee124', 5.0, '這個花瓶的設計很獨特，我在它的底部放了一些小石子，讓花束看起來更穩固和美觀。', '2024-01-18 11:02:21'),
(68, 42, 2, '1bf78b7337084e05a57232e298aee124', 4.5, '我很喜歡這個花瓶的顏色，它與我房間的裝飾完美搭配，讓整個空間更加溫馨和舒適。', '2024-01-18 11:03:02'),
(69, 43, 2, '59d2b116b8de4ebb9f57992a3d99c459', 4.0, '這個花瓶的價格非常實惠，但品質卻很好，是我在網上買到的最滿意的一個花瓶。', '2024-01-19 10:04:14'),
(70, 44, 4, '1fa49fd4d2f64fea83d0d1ee473b2b71', 5.0, '花瓶的造型簡潔大方，我放了一束野花進去，瞬間就讓房間的氣氛變得更加愉悅和輕鬆。', '2024-01-18 10:40:39'),
(71, 45, 4, '2fad3e66e58242dab75469c67ff048b1', 5.0, '這個花瓶的設計非常優雅，我喜歡它簡約而又精緻的外觀，完美地裝飾了我的客廳。', '2024-01-18 10:43:11'),
(72, 46, 4, '2fad3e66e58242dab75469c67ff048b1', 5.0, '花瓶的材質很優質，顏色也很漂亮，我在裡面插了一束鮮花，整個房間都變得生機勃勃了。', '2024-01-18 10:43:47'),
(73, 47, 4, '599cfad92fe848128d7f0e9db35633c2', 4.5, '這個花瓶的工藝精湛，每一個細節都非常用心，我可以看出製作者的用心和專業。', '2024-01-18 10:56:25'),
(74, 48, 4, '599cfad92fe848128d7f0e9db35633c2', 5.0, '我非常滿意這個花瓶的大小，它可以容納很多不同種類的花卉，而且不會顯得擁擠。', '2024-01-18 10:56:57'),
(75, 49, 4, '0e6d9396a73044a49cc050da14a54319', 5.0, '花瓶的口徑適中，很容易插花，而且不會讓花束看起來太擁擠或太稀疏。', '2024-01-18 10:59:12'),
(76, 53, 4, '0e6d9396a73044a49cc050da14a54319', 5.0, '我對這個花瓶的質量感到滿意，它的厚度適中，不易碎裂，給人一種很穩固的感覺。', '2024-01-18 10:59:30'),
(77, 54, 4, '1bf78b7337084e05a57232e298aee124', 5.0, '這個花瓶的設計很獨特，我在它的底部放了一些小石子，讓花束看起來更穩固和美觀。', '2024-01-18 11:02:21'),
(78, 57, 4, '1bf78b7337084e05a57232e298aee124', 4.5, '我很喜歡這個花瓶的顏色，它與我房間的裝飾完美搭配，讓整個空間更加溫馨和舒適。', '2024-01-18 11:03:02'),
(79, 5, 4, '59d2b116b8de4ebb9f57992a3d99c459', 4.0, '這個花瓶的價格非常實惠，但品質卻很好，是我在網上買到的最滿意的一個花瓶。', '2024-01-19 10:04:14'),
(80, 44, 5, '1fa49fd4d2f64fea83d0d1ee473b2b71', 5.0, '花瓶的造型簡潔大方，我放了一束野花進去，瞬間就讓房間的氣氛變得更加愉悅和輕鬆。', '2024-01-18 10:40:39'),
(81, 45, 5, '2fad3e66e58242dab75469c67ff048b1', 5.0, '這個花瓶的設計非常優雅，我喜歡它簡約而又精緻的外觀，完美地裝飾了我的客廳。', '2024-01-18 10:43:11'),
(82, 46, 5, '2fad3e66e58242dab75469c67ff048b1', 5.0, '花瓶的材質很優質，顏色也很漂亮，我在裡面插了一束鮮花，整個房間都變得生機勃勃了。', '2024-01-18 10:43:47'),
(83, 47, 5, '599cfad92fe848128d7f0e9db35633c2', 4.5, '這個花瓶的工藝精湛，每一個細節都非常用心，我可以看出製作者的用心和專業。', '2024-01-18 10:56:25'),
(84, 48, 5, '599cfad92fe848128d7f0e9db35633c2', 5.0, '我非常滿意這個花瓶的大小，它可以容納很多不同種類的花卉，而且不會顯得擁擠。', '2024-01-18 10:56:57'),
(85, 49, 5, '0e6d9396a73044a49cc050da14a54319', 5.0, '花瓶的口徑適中，很容易插花，而且不會讓花束看起來太擁擠或太稀疏。', '2024-01-18 10:59:12'),
(86, 53, 5, '0e6d9396a73044a49cc050da14a54319', 5.0, '我對這個花瓶的質量感到滿意，它的厚度適中，不易碎裂，給人一種很穩固的感覺。', '2024-01-18 10:59:30'),
(87, 54, 5, '1bf78b7337084e05a57232e298aee124', 5.0, '這個花瓶的設計很獨特，我在它的底部放了一些小石子，讓花束看起來更穩固和美觀。', '2024-01-18 11:02:21'),
(88, 57, 5, '1bf78b7337084e05a57232e298aee124', 4.5, '我很喜歡這個花瓶的顏色，它與我房間的裝飾完美搭配，讓整個空間更加溫馨和舒適。', '2024-01-18 11:03:02'),
(89, 5, 5, '59d2b116b8de4ebb9f57992a3d99c459', 4.0, '這個花瓶的價格非常實惠，但品質卻很好，是我在網上買到的最滿意的一個花瓶。', '2024-01-19 10:04:14'),
(90, 44, 41, '1fa49fd4d2f64fea83d0d1ee473b2b71', 5.0, '花瓶的造型簡潔大方，我放了一束野花進去，瞬間就讓房間的氣氛變得更加愉悅和輕鬆。', '2024-01-18 10:40:39'),
(91, 45, 41, '2fad3e66e58242dab75469c67ff048b1', 5.0, '這個花瓶的設計非常優雅，我喜歡它簡約而又精緻的外觀，完美地裝飾了我的客廳。', '2024-01-18 10:43:11'),
(92, 46, 41, '2fad3e66e58242dab75469c67ff048b1', 5.0, '花瓶的材質很優質，顏色也很漂亮，我在裡面插了一束鮮花，整個房間都變得生機勃勃了。', '2024-01-18 10:43:47'),
(93, 47, 41, '599cfad92fe848128d7f0e9db35633c2', 4.5, '這個花瓶的工藝精湛，每一個細節都非常用心，我可以看出製作者的用心和專業。', '2024-01-18 10:56:25'),
(94, 48, 41, '599cfad92fe848128d7f0e9db35633c2', 5.0, '我非常滿意這個花瓶的大小，它可以容納很多不同種類的花卉，而且不會顯得擁擠。', '2024-01-18 10:56:57'),
(95, 49, 41, '0e6d9396a73044a49cc050da14a54319', 5.0, '花瓶的口徑適中，很容易插花，而且不會讓花束看起來太擁擠或太稀疏。', '2024-01-18 10:59:12'),
(96, 53, 41, '0e6d9396a73044a49cc050da14a54319', 5.0, '我對這個花瓶的質量感到滿意，它的厚度適中，不易碎裂，給人一種很穩固的感覺。', '2024-01-18 10:59:30'),
(97, 54, 41, '1bf78b7337084e05a57232e298aee124', 5.0, '這個花瓶的設計很獨特，我在它的底部放了一些小石子，讓花束看起來更穩固和美觀。', '2024-01-18 11:02:21'),
(98, 57, 41, '1bf78b7337084e05a57232e298aee124', 4.5, '我很喜歡這個花瓶的顏色，它與我房間的裝飾完美搭配，讓整個空間更加溫馨和舒適。', '2024-01-18 11:03:02'),
(99, 5, 41, '59d2b116b8de4ebb9f57992a3d99c459', 4.0, '這個花瓶的價格非常實惠，但品質卻很好，是我在網上買到的最滿意的一個花瓶。', '2024-01-19 10:04:14'),
(100, 44, 45, '1fa49fd4d2f64fea83d0d1ee473b2b71', 5.0, '花瓶的造型簡潔大方，我放了一束野花進去，瞬間就讓房間的氣氛變得更加愉悅和輕鬆。', '2024-01-18 10:40:39'),
(101, 45, 45, '2fad3e66e58242dab75469c67ff048b1', 5.0, '這個花瓶的設計非常優雅，我喜歡它簡約而又精緻的外觀，完美地裝飾了我的客廳。', '2024-01-18 10:43:11'),
(102, 46, 45, '2fad3e66e58242dab75469c67ff048b1', 5.0, '花瓶的材質很優質，顏色也很漂亮，我在裡面插了一束鮮花，整個房間都變得生機勃勃了。', '2024-01-18 10:43:47'),
(103, 47, 45, '599cfad92fe848128d7f0e9db35633c2', 4.5, '這個花瓶的工藝精湛，每一個細節都非常用心，我可以看出製作者的用心和專業。', '2024-01-18 10:56:25'),
(104, 48, 45, '599cfad92fe848128d7f0e9db35633c2', 5.0, '我非常滿意這個花瓶的大小，它可以容納很多不同種類的花卉，而且不會顯得擁擠。', '2024-01-18 10:56:57'),
(105, 49, 45, '0e6d9396a73044a49cc050da14a54319', 5.0, '花瓶的口徑適中，很容易插花，而且不會讓花束看起來太擁擠或太稀疏。', '2024-01-18 10:59:12'),
(106, 53, 45, '0e6d9396a73044a49cc050da14a54319', 5.0, '我對這個花瓶的質量感到滿意，它的厚度適中，不易碎裂，給人一種很穩固的感覺。', '2024-01-18 10:59:30'),
(107, 54, 45, '1bf78b7337084e05a57232e298aee124', 5.0, '這個花瓶的設計很獨特，我在它的底部放了一些小石子，讓花束看起來更穩固和美觀。', '2024-01-18 11:02:21'),
(108, 57, 45, '1bf78b7337084e05a57232e298aee124', 4.5, '我很喜歡這個花瓶的顏色，它與我房間的裝飾完美搭配，讓整個空間更加溫馨和舒適。', '2024-01-18 11:03:02'),
(109, 5, 45, '59d2b116b8de4ebb9f57992a3d99c459', 4.0, '這個花瓶的價格非常實惠，但品質卻很好，是我在網上買到的最滿意的一個花瓶。', '2024-01-19 10:04:14'),
(110, 44, 73, '1fa49fd4d2f64fea83d0d1ee473b2b71', 5.0, '花瓶的造型簡潔大方，我放了一束野花進去，瞬間就讓房間的氣氛變得更加愉悅和輕鬆。', '2024-01-18 10:40:39'),
(111, 45, 4735, '2fad3e66e58242dab75469c67ff048b1', 5.0, '這個花瓶的設計非常優雅，我喜歡它簡約而又精緻的外觀，完美地裝飾了我的客廳。', '2024-01-18 10:43:11'),
(112, 46, 73, '2fad3e66e58242dab75469c67ff048b1', 5.0, '花瓶的材質很優質，顏色也很漂亮，我在裡面插了一束鮮花，整個房間都變得生機勃勃了。', '2024-01-18 10:43:47'),
(113, 47, 73, '599cfad92fe848128d7f0e9db35633c2', 4.5, '這個花瓶的工藝精湛，每一個細節都非常用心，我可以看出製作者的用心和專業。', '2024-01-18 10:56:25'),
(114, 48, 73, '599cfad92fe848128d7f0e9db35633c2', 5.0, '我非常滿意這個花瓶的大小，它可以容納很多不同種類的花卉，而且不會顯得擁擠。', '2024-01-18 10:56:57'),
(115, 49, 73, '0e6d9396a73044a49cc050da14a54319', 5.0, '花瓶的口徑適中，很容易插花，而且不會讓花束看起來太擁擠或太稀疏。', '2024-01-18 10:59:12'),
(116, 53, 73, '0e6d9396a73044a49cc050da14a54319', 5.0, '我對這個花瓶的質量感到滿意，它的厚度適中，不易碎裂，給人一種很穩固的感覺。', '2024-01-18 10:59:30'),
(117, 54, 73, '1bf78b7337084e05a57232e298aee124', 5.0, '這個花瓶的設計很獨特，我在它的底部放了一些小石子，讓花束看起來更穩固和美觀。', '2024-01-18 11:02:21'),
(118, 57, 73, '1bf78b7337084e05a57232e298aee124', 4.5, '我很喜歡這個花瓶的顏色，它與我房間的裝飾完美搭配，讓整個空間更加溫馨和舒適。', '2024-01-18 11:03:02'),
(119, 5, 73, '59d2b116b8de4ebb9f57992a3d99c459', 4.0, '這個花瓶的價格非常實惠，但品質卻很好，是我在網上買到的最滿意的一個花瓶。', '2024-01-19 10:04:14'),
(120, 161, 7, '8ae244264e184f76bf08151281535e24', 4.0, 'wonderful!', '2024-05-05 19:28:28'),
(121, 161, 4, '8d166508e3ef49148b90520054b845d1', 3.0, 'good', '2024-05-06 14:17:19');

-- --------------------------------------------------------

--
-- 資料表結構 `ca_product_like`
--

CREATE TABLE `ca_product_like` (
  `like_id` int(11) NOT NULL,
  `member_id` int(11) NOT NULL,
  `product_sid` int(11) NOT NULL
) ENGINE=InnoDB DEFAULT CHARSET=utf8mb4 COLLATE=utf8mb4_general_ci;

--
-- 傾印資料表的資料 `ca_product_like`
--

INSERT INTO `ca_product_like` (`like_id`, `member_id`, `product_sid`) VALUES
(5, 56, 128),
(17, 56, 2),
(23, 56, 105),
(25, 56, 110),
(30, 56, 112),
(38, 56, 108),
(39, 56, 33),
(44, 56, 6),
(45, 56, 34),
(50, 56, 50),
(57, 56, 28),
(58, 56, 60);

-- --------------------------------------------------------

--
-- 資料表結構 `ca_purchase_order`
--

CREATE TABLE `ca_purchase_order` (
  `sid` int(11) NOT NULL,
  `purchase_order_id` varchar(255) NOT NULL,
  `member_id` varchar(255) NOT NULL,
  `recipient` varchar(255) NOT NULL,
  `recipient_mobile` varchar(15) NOT NULL,
  `store_id` int(11) NOT NULL,
  `store_name` varchar(11) NOT NULL,
  `shipping_method` varchar(255) NOT NULL,
  `shipping_fee` int(11) NOT NULL,
  `total_amount` int(11) NOT NULL,
  `payment_method` varchar(255) NOT NULL,
  `payment_status` varchar(255) NOT NULL,
  `status` varchar(255) NOT NULL,
  `created_at` datetime DEFAULT NULL
) ENGINE=InnoDB DEFAULT CHARSET=utf8mb4 COLLATE=utf8mb4_general_ci;

--
-- 傾印資料表的資料 `ca_purchase_order`
--

INSERT INTO `ca_purchase_order` (`sid`, `purchase_order_id`, `member_id`, `recipient`, `recipient_mobile`, `store_id`, `store_name`, `shipping_method`, `shipping_fee`, `total_amount`, `payment_method`, `payment_status`, `status`, `created_at`) VALUES
(1, 'f7febc0696034a05aa26ccda9736ce5e', '56', '吳可芸', '0928631136', 185394, '', '7-11店到店(運費$60)', 60, 1100, 'LinePay', '已付款', '訂單處理中', '2024-01-15 13:36:30'),
(65, '0f23e60cf4644ed28ed821b8530a3aa8', '56', '吳可芸', '0928631136', 240226, '', '7-11店到店(運費$60)', 60, 1030, 'LinePay', '已付款', '已完成', '2024-01-10 14:13:06'),
(77, 'b4a48b8eb3364aff9c50587fd199efce', '56', '吳可芸', '0928631136', 844745, '', '7-11店到店(運費$60)', 60, 1340, 'LinePay', '已付款', '運送中', '2024-01-12 21:55:20'),
(137, '53ba17d4db114b87b4afd04363704220', '56', '吳可芸', '0928631136', 262329, '', '7-11店到店(運費$60)', 60, 6200, 'LinePay', '已付款', '訂單處理中', '2024-01-16 16:46:30'),
(144, '59d2b116b8de4ebb9f57992a3d99c459', '56', '吳可芸', '0928631136', 187301, '', '7-11店到店(運費$60)', 60, 960, 'LinePay', '已付款', '已完成', '2024-01-17 16:01:50'),
(145, 'e0f30b684d8f4b2e9e2400fc833b0270', '51', '池睿中', '0983105501', 248714, '', '7-11店到店(運費$60)', 60, 4000, 'LinePay', '已付款', '已完成', '2024-01-17 22:27:57'),
(147, '1fa49fd4d2f64fea83d0d1ee473b2b71', '52', '郭映婷', '0988210120', 244365, '', '7-11店到店(運費$60)', 60, 4330, 'LinePay', '已付款', '已完成', '2024-01-17 22:56:58'),
(148, '0e6d9396a73044a49cc050da14a54319', '53', '許品岳', '0958998789', 244365, '', '7-11店到店(運費$60)', 60, 4000, 'LinePay', '已付款', '已完成', '2024-01-17 23:04:11'),
(149, '1bf78b7337084e05a57232e298aee124', '54', '曹靜慧', '0908764358', 185981, '', '7-11店到店(運費$60)', 60, 3740, 'LinePay', '已付款', '已完成', '2024-01-17 23:09:15'),
(150, 'a1889fa15cb84ab2991d83f13dd733b4', '57', '林威丞', '0988750641', 210845, '', '7-11店到店(運費$60)', 60, 4000, 'LinePay', '已付款', '已完成', '2024-01-18 09:51:31'),
(151, '599cfad92fe848128d7f0e9db35633c2', '58', '田芳庭', '0988256815', 855398, '', '7-11店到店(運費$60)', 60, 3740, 'LinePay', '已付款', '已完成', '2024-01-18 10:09:53'),
(152, '25a30b5f1f87461b852dc25579345a0c', '59', '張學宏', '0958971178', 121415, '', '7-11店到店(運費$60)', 60, 5190, 'LinePay', '已付款', '已完成', '2024-01-18 10:21:55'),
(153, '2fad3e66e58242dab75469c67ff048b1', '60', '羅勝祥', '0988521487', 251455, '', '7-11店到店(運費$60)', 60, 4000, 'LinePay', '已付款', '已完成', '2024-01-18 10:27:24'),
(154, '83641a2a84bd435e9a085f9b54167377', '56', '吳可芸', '0928631136', 244365, '', '7-11店到店(運費$60)', 60, 1100, 'LinePay', '已付款', '已完成', '2024-01-18 19:53:09'),
(155, '1a05f5e3dad9491faa899591e29f9c25', '56', '吳可芸', '0928631136', 135492, '', '7-11店到店(運費$60)', 60, 1770, 'LinePay', '已付款', '已完成', '2024-01-19 09:20:42'),
(158, '09166a7bfed949618df33be7cb83fcb8', '56', '吳可', '0928631136', 264211, '', '7-11店到店(運費$60)', 60, 3350, 'LinePay', '已付款', '訂單處理中', '2024-01-23 22:36:36'),
(159, 'ad8fb0941fe84d73b240a3ce59a5cb75', '56', '吳可', '0928631136', 195885, '', '7-11店到店(運費$60)', 60, 1280, 'LinePay', '未付款', '訂單處理中', '2024-01-24 10:16:05'),
(170, 'bfea44adfc1c4898bd3d6ffebec23923', '161', 'test2', '0909988779', 147141, '', '7-11店到店(運費$60)', 0, 109659, 'LinePay', '未付款', '訂單處理中', '2024-04-16 16:42:22'),
(171, '3de13b2c0f1d4337894199409995094c', '161', 'test2', '0909988779', 235604, '', '7-11店到店(運費$60)', 0, 78220, 'LinePay', '未付款', '訂單處理中', '2024-04-16 22:45:21'),
(172, '04c3bdfe432c4ae1b5914f5fa4fb57cc', '161', 'test2', '0909988779', 251455, '', '7-11店到店(運費$60)', 0, 78220, 'LinePay', '未付款', '訂單處理中', '2024-04-17 22:16:31'),
(173, '3e0e62030dc543f0ae96704445b09acc', '161', 'test2', '0909988779', 264897, '', '7-11店到店(運費$60)', 0, 78220, 'LinePay', '未付款', '訂單處理中', '2024-04-17 22:17:23'),
(174, '9fc6141f16f540cebfdace468497bb7f', '161', 'test2', '0909988779', 844745, '', '7-11店到店(運費$60)', 0, 4220, 'LinePay', '未付款', '訂單處理中', '2024-04-17 22:27:00'),
(175, '3fc530543e1848198acd009d9171518f', '161', 'test2', '0909988779', 992381, '', '7-11店到店(運費$60)', 0, 17255, 'LinePay', '未付款', '訂單處理中', '2024-04-18 13:26:44'),
(176, '8ae244264e184f76bf08151281535e24', '161', 'test2', '0909988779', 240950, '', '7-11店到店(運費$60)', 0, 17570, 'LinePay', '已付款', '已完成', '2024-04-18 14:11:08'),
(178, '73e6aaa436e14a319eda60eec856e027', '161', 'test2', '0909988779', 264897, '', '7-11店到店(運費$60)', 0, 8815, 'LinePay', '已付款', '已完成', '2024-04-18 14:31:43'),
(179, 'df161f904a904b88a89acf045f17ced1', '161', 'test2', '0909988779', 198585, '金芝門市', '7-11店到店(運費$60)', 0, 280, 'LinePay', '已付款', '已完成', '2024-04-18 14:38:46'),
(180, '7aaa960e7a294c4b93e8e552e6a0d210', '161', 'test2', '0909988779', 254225, '富華門市', '7-11店到店(運費$60)', 0, 8755, 'LinePay', '未付款', '訂單處理中', '2024-04-18 14:52:51'),
(181, 'b57b6c6f59234c2b9f2deb4f0542d0f9', '161', 'test2', '0909988779', 863698, '豫銘門市', '7-11店到店(運費$60)', 0, 44510, 'LinePay', '未付款', '訂單處理中', '2024-04-18 15:42:39'),
(182, 'b9af300171044f498888969b5f699d14', '161', 'test2', '0909988779', 118419, '聖心門市', '7-11店到店(運費$60)', 0, 59059, 'LinePay', '已付款', '已完成', '2024-04-18 21:38:09'),
(185, 'a751204f48ff4b37ab30ad453a260f54', '161', 'test2', '0909988779', 238533, '合維門市', '7-11店到店(運費$60)', 0, 9700, 'LinePay', '未付款', '訂單處理中', '2024-04-19 13:35:57'),
(186, '4274d81fbb7343faa6a45244056b07fd', '161', 'test2', '0909988779', 264211, '三田門市', '7-11店到店(運費$60)', 0, 78440, 'LinePay', '未付款', '訂單處理中', '2024-04-19 16:13:44'),
(187, 'fde89b8213f645f1b2d117412ab42790', '162', '678ghj', '0909988779', 254225, '富華門市', '7-11店到店(運費$60)', 0, 8755, 'LinePay', '已付款', '已完成', '2024-04-19 17:39:04'),
(188, '8d166508e3ef49148b90520054b845d1', '161', 'sdsd', '0909988779', 956248, '頂東門市', '7-11店到店(運費$60)', 0, 13754, 'LinePay', '已付款', '已完成', '2024-05-02 10:14:06'),
(189, '15befbeeb1f64d9b93c578c2a3e612cf', '161', 'test2', '0909988779', 241399, '權鑫門市', '7-11店到店(運費$60)', 0, 58800, 'LinePay', '已付款', '訂單處理中', '2024-05-03 15:21:16'),
(191, 'bc2f6f5b522448868afab9d04000aa46', '161', 'test2', '0909988779', 254225, '富華門市', '7-11店到店(運費$60)', 0, 1106975, 'LinePay', '已付款', '訂單處理中', '2024-05-05 00:23:11'),
(192, 'b2dd95b450804e9499d4e005f927e312', '161', 'test2', '0909988779', 989086, '仁五門市', '7-11店到店(運費$60)', 0, 8755, 'LinePay', '未付款', '訂單處理中', '2024-05-05 17:13:19'),
(194, '75e2afa06de940c5a6b1c065800cced4', '161', 'test2', '0909988779', 161295, '漁港門市', '7-11店到店(運費$60)', 0, 78000, 'LinePay', '未付款', '訂單處理中', '2024-05-05 17:36:21'),
(195, '6b604106e4634c039f41f13213e98e7e', '161', 'test2', '0909988779', 256069, '信仁門市', '7-11店到店(運費$60)', 0, 642693, 'LinePay', '已付款', '訂單處理中', '2024-05-05 19:26:52'),
(196, '9da9afbc920e4f7385da86f3ecbde2cb', '161', 'test2', '0909988779', 1, 'kjihj', '宅配(運費$100)', 0, 8755, 'LinePay', '已付款', '訂單處理中', '2024-05-06 11:55:36'),
(197, 'a5bd19c0fe784b3a91e75d32c0356b39', '161', 'test2', '0909988779', 230643, '永美門市', '7-11店到店(運費$60)', 0, 4000, 'LinePay', '未付款', '訂單處理中', '2024-05-06 13:37:21'),
(198, '416abd7ba55041e384090ff963a46c3f', '161', 'test2', '0909988779', 274241, '豫鋒門市', '7-11店到店(運費$60)', 0, 4500, 'LinePay', '已付款', '訂單處理中', '2024-05-06 13:48:26'),
(199, 'edc84a29f72649e8a8b14534109977d0', '161', 'test2', '0909988779', 1, '豫鋒門市kjkj', '宅配(運費$100)', 0, 13255, 'LinePay', '已付款', '訂單處理中', '2024-05-06 13:56:15'),
(200, '63ab65204e0c4300bfd14be178938fcc', '161', 'sdfadfkllk', '0909988779', 1, 'kkk', '宅配(運費$100)', 0, 24755, 'LinePay', '未付款', '訂單處理中', '2024-05-06 14:08:29'),
(201, 'f9ac6d2fb4434f44b285c058ce2d452a', '196', 'kkk', '0909', 1, 'ihih', '宅配(運費$100)', 0, 43755, 'LinePay', '未付款', '訂單處理中', '2024-05-06 17:09:56');

-- --------------------------------------------------------

--
-- 資料表結構 `gm_achieved`
--

CREATE TABLE `gm_achieved` (
  `achieved_id` int(11) NOT NULL,
  `user_id` int(11) DEFAULT NULL,
  `mission_id` int(11) NOT NULL,
  `mission_name` varchar(255) NOT NULL,
  `title` varchar(255) NOT NULL,
  `description` varchar(255) NOT NULL,
  `activate` tinyint(1) NOT NULL DEFAULT 0,
  `last_update` timestamp NOT NULL DEFAULT current_timestamp()
) ENGINE=InnoDB DEFAULT CHARSET=utf8mb4 COLLATE=utf8mb4_general_ci;

--
-- 傾印資料表的資料 `gm_achieved`
--

INSERT INTO `gm_achieved` (`achieved_id`, `user_id`, `mission_id`, `mission_name`, `title`, `description`, `activate`, `last_update`) VALUES
(1, 1, 1, 'Mission 001', 'Create account.', 'Game editing features are unlocked.', 1, '2024-05-03 05:56:29'),
(2, 1, 2, 'Mission 002', 'Found a Portal.', 'Awesome! You found a Portal.', 0, '2024-05-03 06:10:03'),
(3, 1, 3, 'Mission 003', 'Teleport yourself.', 'Link to some where else.', 0, '2024-05-03 06:10:46'),
(4, 1, 4, 'Mission 004', 'Rubbish?', 'Yes it smells like rotten garbage.', 0, '2024-05-03 06:13:06'),
(5, 1, 5, 'Mission 005', 'It\'s construction.', 'Don\'t stand too close you might hurt yourself.', 0, '2024-05-03 06:15:04'),
(6, 1, 6, 'Mission 006', 'Sooo Annoying.', 'Clap to welcome mosquito.', 0, '2024-05-03 06:16:56'),
(7, 15, 1, 'Mission 001', 'Create account.', 'Game editing features are unlocked.', 0, '2024-05-03 08:44:07'),
(8, 15, 2, 'Mission 002', 'Found a Portal.', 'Awesome You found a Portal.', 0, '2024-05-03 08:44:07'),
(9, 15, 3, 'Mission 003', 'Teleport yourself.', 'Link to some where else', 0, '2024-05-03 08:44:07'),
(10, 15, 4, 'Mission 004', 'Rubbish?', 'Yes it smells like rotten garbage.', 0, '2024-05-03 08:44:07'),
(11, 15, 5, 'Mission 005', 'Its construction.', 'Do not stand too close.', 0, '2024-05-03 08:44:07'),
(12, 15, 6, 'Mission 006', 'Sooo Annoying.', 'Clap to welcome mosquito.', 0, '2024-05-03 08:44:07'),
(13, 191, 1, 'Mission 001', 'Create account.', 'Game editing features are unlocked.', 1, '2024-05-03 09:13:17'),
(14, 191, 2, 'Mission 002', 'Found a Portal.', 'Awesome You found a Portal.', 1, '2024-05-03 09:13:17'),
(15, 191, 3, 'Mission 003', 'Teleport yourself.', 'Link to some where else', 0, '2024-05-03 09:13:17'),
(16, 191, 4, 'Mission 004', 'Rubbish?', 'Yes it smells like rotten garbage.', 0, '2024-05-03 09:13:17'),
(17, 191, 5, 'Mission 005', 'Its construction.', 'Do not stand too close.', 0, '2024-05-03 09:13:17'),
(18, 191, 6, 'Mission 006', 'Sooo Annoying.', 'Clap to welcome mosquito.', 0, '2024-05-03 09:13:17');

-- --------------------------------------------------------

--
-- 資料表結構 `gm_coupon`
--

CREATE TABLE `gm_coupon` (
  `coupon_id` int(11) NOT NULL,
  `coupon_model_id` varchar(30) NOT NULL,
  `denomination` int(11) NOT NULL,
  `coupon_name` varchar(255) NOT NULL
) ENGINE=InnoDB DEFAULT CHARSET=utf8mb4 COLLATE=utf8mb4_general_ci;

--
-- 傾印資料表的資料 `gm_coupon`
--

INSERT INTO `gm_coupon` (`coupon_id`, `coupon_model_id`, `denomination`, `coupon_name`) VALUES
(1, '0005dollar.obj', 5, '5 dollar coupon'),
(2, '0010dollar.fbx', 10, '10 dollar coupon'),
(3, '0050dollar.gltz', 50, '50 dollar coupon'),
(4, '0100dollar.fbx', 100, '100 dollar coupon');

-- --------------------------------------------------------

--
-- 資料表結構 `gm_mission`
--

CREATE TABLE `gm_mission` (
  `mission_id` int(20) NOT NULL,
  `user_id` int(11) DEFAULT NULL,
  `mission_name` varchar(255) NOT NULL,
  `activate` tinyint(1) NOT NULL DEFAULT 0
) ENGINE=InnoDB DEFAULT CHARSET=utf8mb4 COLLATE=utf8mb4_general_ci;

--
-- 傾印資料表的資料 `gm_mission`
--

INSERT INTO `gm_mission` (`mission_id`, `user_id`, `mission_name`, `activate`) VALUES
(1, 1, 'Edit your avatar.', 1),
(2, 1, 'You\'ve found a LINK.', 0),
(3, 1, 'Teleport yourself.', 0),
(4, 1, 'Have you seen HomePage?', 0),
(5, 1, '!important member page', 0),
(6, 1, 'View SNS', 0),
(7, 1, 'Love window shopping', 0),
(8, 1, 'tour tour tour', 0),
(9, 1, 'LIVE WAREHOUSE.', 0),
(10, 1, 'shut up & pay attention', 0),
(11, 1, 'tic-tac-toe 01', 0),
(12, 1, 'tic-tac-toe harder', 0),
(13, 1, 'Done all.', 0);

-- --------------------------------------------------------

--
-- 資料表結構 `gm_note`
--

CREATE TABLE `gm_note` (
  `note_id` int(11) NOT NULL,
  `user_id` int(11) DEFAULT NULL,
  `title` varchar(300) DEFAULT NULL,
  `memo` varchar(2000) DEFAULT NULL,
  `time` date NOT NULL DEFAULT current_timestamp()
) ENGINE=InnoDB DEFAULT CHARSET=ascii COLLATE=ascii_general_ci;

--
-- 傾印資料表的資料 `gm_note`
--

INSERT INTO `gm_note` (`note_id`, `user_id`, `title`, `memo`, `time`) VALUES
(1, 1, '4343', 'oooooMDFKkkkkk', '2024-05-04'),
(2, 1, 'some thoughts', 'OXOXOXOX', '2024-04-22'),
(4, 1, 'OXXXXO', 'MDFK', '2024-04-30'),
(7, NULL, 'kev', 'kevvv', '2024-04-30'),
(9, NULL, 'k1234', 'k2345', '2024-04-30'),
(10, NULL, 'kevin', 'kkkkkooooo', '2024-04-30'),
(11, NULL, '123421', '1234321', '2024-04-30'),
(15, NULL, 'ooooo', 'ooooo', '2024-04-30'),
(16, NULL, 'kkkkkk', 'kkkkkkkk', '2024-05-01'),
(21, 191, 'Hi there!', 'Type something here.', '2024-05-05');

-- --------------------------------------------------------

--
-- 資料表結構 `gm_skin`
--

CREATE TABLE `gm_skin` (
  `skin_id` int(11) NOT NULL,
  `skin_name` varchar(255) NOT NULL,
  `skin_model_id` varchar(255) NOT NULL,
  `role` varchar(255) NOT NULL,
  `skin_last_update` timestamp NOT NULL DEFAULT '0000-00-00 00:00:00' ON UPDATE current_timestamp()
) ENGINE=InnoDB DEFAULT CHARSET=utf8mb4 COLLATE=utf8mb4_general_ci;

--
-- 傾印資料表的資料 `gm_skin`
--

INSERT INTO `gm_skin` (`skin_id`, `skin_name`, `skin_model_id`, `role`, `skin_last_update`) VALUES
(1, 'pinkie', 'pinkie.gltz', 'useredit', '2024-04-12 01:37:20'),
(2, 'yucatan', 'yucatan.fbx', 'useroriginal', '2024-04-12 01:39:15');

-- --------------------------------------------------------

--
-- 資料表結構 `gm_user_achieved`
--

CREATE TABLE `gm_user_achieved` (
  `achieved_id` int(11) NOT NULL,
  `user_id` int(11) NOT NULL,
  `mission_id` varchar(20) NOT NULL,
  `name` varchar(20) NOT NULL,
  `title` varchar(40) NOT NULL,
  `description` varchar(90) NOT NULL,
  `activate` tinyint(4) NOT NULL,
  `achieved_last_update` timestamp NOT NULL DEFAULT current_timestamp() ON UPDATE current_timestamp()
) ENGINE=InnoDB DEFAULT CHARSET=utf8mb4 COLLATE=utf8mb4_general_ci;

--
-- 傾印資料表的資料 `gm_user_achieved`
--

INSERT INTO `gm_user_achieved` (`achieved_id`, `user_id`, `mission_id`, `name`, `title`, `description`, `activate`, `achieved_last_update`) VALUES
(1, 1, '1', 'Mission 001', 'Picked a character.', 'Avatar editing features are unlocked.', 1, '2024-05-02 07:46:58'),
(2, 1, '2', 'Mission 002', 'Found a Portal.', 'Awesome! You found a Portal.', 1, '2024-05-02 09:18:50'),
(3, 1, '3', 'Mission 003', 'Teleport yourself.', 'Link to some where else.', 0, '2024-04-22 08:35:12');

-- --------------------------------------------------------

--
-- 資料表結構 `gm_user_get_coupon`
--

CREATE TABLE `gm_user_get_coupon` (
  `user_id` int(11) NOT NULL,
  `user_get_coupon_id` int(11) NOT NULL,
  `coupon_id` int(8) NOT NULL,
  `last_update` timestamp NOT NULL DEFAULT current_timestamp() ON UPDATE current_timestamp()
) ENGINE=InnoDB DEFAULT CHARSET=utf8mb4 COLLATE=utf8mb4_general_ci;

--
-- 傾印資料表的資料 `gm_user_get_coupon`
--

INSERT INTO `gm_user_get_coupon` (`user_id`, `user_get_coupon_id`, `coupon_id`, `last_update`) VALUES
(1, 1, 5, '2024-04-12 01:35:46');

-- --------------------------------------------------------

--
-- 資料表結構 `mb_notifications`
--

CREATE TABLE `mb_notifications` (
  `id` int(11) NOT NULL,
  `user_id` int(11) DEFAULT NULL,
  `category` varchar(255) NOT NULL,
  `message` text NOT NULL,
  `created_at` timestamp NOT NULL DEFAULT current_timestamp() ON UPDATE current_timestamp(),
  `isRead` tinyint(1) NOT NULL DEFAULT 0,
  `sender_id` int(11) DEFAULT NULL,
  `resource_id` int(11) DEFAULT NULL,
  `comment_id` int(11) DEFAULT NULL
) ENGINE=InnoDB DEFAULT CHARSET=utf8mb4 COLLATE=utf8mb4_general_ci;

--
-- 傾印資料表的資料 `mb_notifications`
--

INSERT INTO `mb_notifications` (`id`, `user_id`, `category`, `message`, `created_at`, `isRead`, `sender_id`, `resource_id`, `comment_id`) VALUES
(14, 189, 'comment', '廢墟中的自然美景令人驚嘆。在這些荒廢的地方，植物和動物找到了生存的空間，生命在废墟中延續。我觀察到了廢墟中的自然美景令人驚嘆。在這些荒廢的地方，植物和動物找到了生存的空間，生命在废墟中延續。我觀察到了', '2024-05-06 06:12:01', 0, 190, 827, 345),
(15, 189, 'comment', 'nice post', '2024-05-06 06:15:01', 0, 190, 827, 346),
(16, 189, 'comment', 'Where was this taken?', '2024-05-06 06:27:34', 0, 157, 827, 347);

-- --------------------------------------------------------

--
-- 資料表結構 `mb_password_reset_tokens`
--

CREATE TABLE `mb_password_reset_tokens` (
  `id` int(11) NOT NULL,
  `user_id` int(11) NOT NULL,
  `token` varchar(255) NOT NULL,
  `expiry_time` timestamp NOT NULL DEFAULT current_timestamp() ON UPDATE current_timestamp(),
  `used` tinyint(1) DEFAULT 0
) ENGINE=InnoDB DEFAULT CHARSET=utf8mb4 COLLATE=utf8mb4_general_ci;

--
-- 傾印資料表的資料 `mb_password_reset_tokens`
--

INSERT INTO `mb_password_reset_tokens` (`id`, `user_id`, `token`, `expiry_time`, `used`) VALUES
(3, 181, 'eyJhbGciOiJIUzI1NiIsInR5cCI6IkpXVCJ9.eyJpZCI6MTgxLCJyZXFFeHBpcnkiOiIyMDI0LTA0LTI1VDA2OjU3OjE2LjI3NVoiLCJpYXQiOjE3MTQwMjc2MzZ9.pctCfIpTmL_zNIvKIjAd1BzUz4xvl62Djit7bWIiiE8', '2024-04-25 06:40:20', 1),
(4, 181, 'eyJhbGciOiJIUzI1NiIsInR5cCI6IkpXVCJ9.eyJpZCI6MTgxLCJyZXFFeHBpcnkiOiIyMDI0LTA0LTI1VDA3OjAzOjAyLjUzMFoiLCJpYXQiOjE3MTQwMjc5ODJ9.-CZ2V8MFjfMB5r9hhpNIYJ-zoe3fYEapiuvr93a7_r8', '2024-04-25 06:53:46', 1),
(9, 181, 'eyJhbGciOiJIUzI1NiIsInR5cCI6IkpXVCJ9.eyJpZCI6MTgxLCJyZXFFeHBpcnkiOiIyMDI0LTA0LTI1VDA3OjEyOjI4LjU0NloiLCJpYXQiOjE3MTQwMjg1NDh9.U8uw4HEOo4G3cMAvz_zIEvafkVToFhSq7LlwIwmhbzk', '2024-04-25 07:12:28', 0),
(10, 189, 'eyJhbGciOiJIUzI1NiIsInR5cCI6IkpXVCJ9.eyJpZCI6MTg5LCJyZXFFeHBpcnkiOiIyMDI0LTA1LTA2VDA1OjE5OjAwLjI3NFoiLCJpYXQiOjE3MTQ5NzIxNDB9.yS04Cxl3OsKomHUCrwI4y5ddnamnu6w_SDKuKjyxAo8', '2024-05-06 05:09:37', 1),
(11, 189, 'eyJhbGciOiJIUzI1NiIsInR5cCI6IkpXVCJ9.eyJpZCI6MTg5LCJyZXFFeHBpcnkiOiIyMDI0LTA1LTA2VDA1OjIxOjMzLjM2M1oiLCJpYXQiOjE3MTQ5NzIyOTN9.cvBLkLsGcvQ5Fw7YCcbsQxKTApmbP5Jcn9Jn3C_n3K8', '2024-05-06 05:12:00', 1),
(12, 189, 'eyJhbGciOiJIUzI1NiIsInR5cCI6IkpXVCJ9.eyJpZCI6MTg5LCJyZXFFeHBpcnkiOiIyMDI0LTA1LTA2VDA1OjI1OjAzLjYwM1oiLCJpYXQiOjE3MTQ5NzI1MDN9.aUk4fjr9df4r0wgNdTmGwvRb1nqTzs8aEK57n1V72ew', '2024-05-06 05:15:29', 1),
(13, 189, 'eyJhbGciOiJIUzI1NiIsInR5cCI6IkpXVCJ9.eyJpZCI6MTg5LCJyZXFFeHBpcnkiOiIyMDI0LTA1LTA2VDA1OjI2OjU2LjEwNFoiLCJpYXQiOjE3MTQ5NzI2MTZ9.K0Jqjwo7WAmauKEW_qY_Gdh4ZORQY9jRVKPGSH0xG6k', '2024-05-06 05:17:13', 1);

-- --------------------------------------------------------

--
-- 資料表結構 `mb_user`
--

CREATE TABLE `mb_user` (
  `id` int(11) NOT NULL,
  `name` varchar(255) DEFAULT NULL,
  `username` varchar(255) DEFAULT NULL,
  `email` varchar(255) NOT NULL,
  `phone` varchar(20) DEFAULT NULL,
  `password` varchar(255) DEFAULT NULL,
  `birthday` date DEFAULT NULL,
  `created_at` timestamp NOT NULL DEFAULT current_timestamp(),
  `profile_pic_url` varchar(255) DEFAULT 'avatar.png',
  `cover_pic_url` varchar(255) DEFAULT 'cover.jpg',
  `google_id` varchar(100) DEFAULT NULL,
  `google_photo` tinyint(1) DEFAULT NULL,
  `about_me` text DEFAULT NULL,
  `allow_contact_info_visibility` tinyint(1) DEFAULT NULL,
  `youtube_link` varchar(255) DEFAULT NULL,
  `facebook_link` varchar(255) DEFAULT NULL,
  `instagram_link` varchar(255) DEFAULT NULL,
  `gmail_link` varchar(255) DEFAULT NULL,
  `otp` varchar(5) DEFAULT NULL,
  `otp_expiry` timestamp NULL DEFAULT NULL
) ENGINE=InnoDB DEFAULT CHARSET=utf8mb4 COLLATE=utf8mb4_general_ci;

--
-- 傾印資料表的資料 `mb_user`
--

INSERT INTO `mb_user` (`id`, `name`, `username`, `email`, `phone`, `password`, `birthday`, `created_at`, `profile_pic_url`, `cover_pic_url`, `google_id`, `google_photo`, `about_me`, `allow_contact_info_visibility`, `youtube_link`, `facebook_link`, `instagram_link`, `gmail_link`, `otp`, `otp_expiry`) VALUES
(1, 'John Doe', 'johndoe', 'john_doe@example.com', '+1234567890', 'hashed_password_here', '1990-01-15', '2024-01-09 04:30:00', 'avatar.png', 'cover.jpg', NULL, NULL, NULL, NULL, NULL, NULL, NULL, NULL, NULL, NULL),
(2, 'Jane Doe', 'janedoe', 'jane_doe@example.com', '+1234567891', 'hashed_password_here', '1985-05-20', '2024-01-09 05:45:00', 'avatar.png', 'cover.jpg', NULL, NULL, NULL, NULL, NULL, NULL, NULL, NULL, NULL, NULL),
(3, 'Bob Smith', 'bobsmith', 'bob_smith@example.com', '+9876543210', 'hashed_password_here', '1978-08-08', '2024-01-09 06:15:00', 'avatar.png', 'cover.jpg', NULL, NULL, NULL, NULL, NULL, NULL, NULL, NULL, NULL, NULL),
(4, 'Grace Taylor', 'gracetaylor', 'grace_taylor@example.com', '+1789012345', 'hashed_password_30', '1991-02-10', '2024-01-22 07:42:45', 'avatar.png', 'cover.jpg', NULL, NULL, NULL, NULL, NULL, NULL, NULL, NULL, NULL, NULL),
(5, 'Liam Johnson', 'liamjohnson', 'liam_johnson@example.com', '+1890123456', 'hashed_password_31', '1982-11-25', '2024-01-22 07:43:30', 'avatar.png', 'cover.jpg', NULL, NULL, NULL, NULL, NULL, NULL, NULL, NULL, NULL, NULL),
(6, 'John Doe', 'johndoe1', 'john_doe1@example.com', '+1234557890', 'hashed_password_here', '1990-01-15', '2024-01-22 07:38:48', 'avatar.png', 'cover.jpg', NULL, NULL, NULL, NULL, NULL, NULL, NULL, NULL, NULL, NULL),
(7, 'Liam Turner', 'liamturner', 'liam_turner@example.com', '+1432109876', 'hashed_password_18', '1995-04-08', '2024-01-22 07:38:48', 'avatar.png', 'cover.jpg', NULL, NULL, NULL, NULL, NULL, NULL, NULL, NULL, NULL, NULL),
(8, 'Ella Adams', 'ellaadams', 'ella_adams@example.com', '+1209876543', 'hashed_password_19', '1987-10-12', '2024-01-22 07:38:48', 'avatar.png', 'cover.jpg', NULL, NULL, NULL, NULL, NULL, NULL, NULL, NULL, NULL, NULL),
(9, 'Noah Mitchell', 'noahmitchell', 'noah_mitchell@example.com', '+1987654321', 'hashed_password_20', '1992-01-30', '2024-01-22 07:38:48', 'avatar.png', 'cover.jpg', NULL, NULL, NULL, NULL, NULL, NULL, NULL, NULL, NULL, NULL),
(10, 'Mia Turner', 'miaturner', 'mia_turner@example.com', '+1765432109', 'hashed_password_21', '1984-06-18', '2024-01-22 07:38:48', 'avatar.png', 'cover.jpg', NULL, NULL, NULL, NULL, NULL, NULL, NULL, NULL, NULL, NULL),
(11, 'Ethan Carter', 'ethancarter', 'ethan_carter@example.com', '+1543210987', 'hashed_password_22', '1999-11-04', '2024-01-22 07:38:48', 'avatar.png', 'cover.jpg', NULL, NULL, NULL, NULL, NULL, NULL, NULL, NULL, NULL, NULL),
(12, 'Aria Evans', 'ariaevans', 'aria_evans@example.com', '+1321098765', 'hashed_password_23', '1986-03-26', '2024-01-22 07:38:48', 'avatar.png', 'cover.jpg', NULL, NULL, NULL, NULL, NULL, NULL, NULL, NULL, NULL, NULL),
(13, 'Carter Hall', 'carterhall', 'carter_hall@example.com', '+1098765432', 'hashed_password_24', '1994-08-13', '2024-01-22 07:38:48', 'avatar.png', 'cover.jpg', NULL, NULL, NULL, NULL, NULL, NULL, NULL, NULL, NULL, NULL),
(14, 'Luna Martinez', 'lunamartinez', 'luna_martinez@example.com', '+1876543210', 'hashed_password_25', '1990-12-01', '2024-01-22 07:38:48', 'avatar.png', 'cover.jpg', NULL, NULL, NULL, NULL, NULL, NULL, NULL, NULL, NULL, NULL),
(15, 'Mason Scott', 'masonscott', 'mason_scott@example.com', '+1654321098', 'hashed_password_26', '1997-02-28', '2024-01-22 07:38:48', 'avatar.png', 'cover.jpg', NULL, NULL, NULL, NULL, NULL, NULL, NULL, NULL, NULL, NULL),
(16, 'Mia Davis', 'miadavis', 'mia_davis@example.com', '+1901234567', 'hashed_password_32', '1998-06-18', '2024-01-22 07:44:15', 'avatar.png', 'cover.jpg', NULL, NULL, NULL, NULL, NULL, NULL, NULL, NULL, NULL, NULL),
(17, 'Noah Smith', 'noahsmith', 'noah_smith@example.com', '+2012345678', 'hashed_password_33', '1994-01-23', '2024-01-22 07:45:00', 'avatar.png', 'cover.jpg', NULL, NULL, NULL, NULL, NULL, NULL, NULL, NULL, NULL, NULL),
(18, 'Olivia Turner', 'oliviaturner', 'olivia_turner@example.com', '+2123456789', 'hashed_password_34', '1987-08-14', '2024-01-22 07:45:45', 'avatar.png', 'cover.jpg', NULL, NULL, NULL, NULL, NULL, NULL, NULL, NULL, NULL, NULL),
(19, 'John Doe', 'johndoe27', 'john_doe27@example.com', '+1234557880', 'hashed_password_here', '1990-01-15', '2024-01-22 07:39:18', 'avatar.png', 'cover.jpg', NULL, NULL, NULL, NULL, NULL, NULL, NULL, NULL, NULL, NULL),
(20, 'Sophia King', 'sophiaking', 'sophia_king@example.com', '+1456789012', 'hashed_password_27', '1993-09-22', '2024-01-22 07:40:30', 'avatar.png', 'cover.jpg', NULL, NULL, NULL, NULL, NULL, NULL, NULL, NULL, NULL, NULL),
(21, 'Henry Wilson', 'henrywilson', 'henry_wilson@example.com', '+1567890123', 'hashed_password_28', '1989-07-14', '2024-01-22 07:41:15', 'avatar.png', 'cover.jpg', NULL, NULL, NULL, NULL, NULL, NULL, NULL, NULL, NULL, NULL),
(22, 'Ava Brown', 'avabrown', 'ava_brown@example.com', '+1678901234', 'hashed_password_29', '1996-12-07', '2024-01-22 07:42:00', 'avatar.png', 'cover.jpg', NULL, NULL, NULL, NULL, NULL, NULL, NULL, NULL, NULL, NULL),
(23, 'John Doe', 'john45727', 'john45727@example.com', '+12347880', 'hashed_password_here', '1990-01-15', '2024-01-22 07:39:58', 'avatar.png', 'cover.jpg', NULL, NULL, NULL, NULL, NULL, NULL, NULL, NULL, NULL, NULL),
(24, 'Liam Turner', 'liamturnerr', 'liam@example.com', '+1132109876', 'hashed_password_18', '1995-04-08', '2024-01-22 07:39:58', 'avatar.png', 'cover.jpg', NULL, NULL, NULL, NULL, NULL, NULL, NULL, NULL, NULL, NULL),
(25, 'Elijah Hall', 'elijahhall', 'elijah_hall@example.com', '+2234567890', 'hashed_password_35', '1992-05-07', '2024-01-22 07:46:30', 'avatar.png', 'cover.jpg', NULL, NULL, NULL, NULL, NULL, NULL, NULL, NULL, NULL, NULL),
(26, 'Lily Scott', 'lilyscott', 'lily_scott@example.com', '+2345678901', 'hashed_password_36', '1983-01-24', '2024-01-22 07:47:15', 'avatar.png', 'cover.jpg', NULL, NULL, NULL, NULL, NULL, NULL, NULL, NULL, NULL, NULL),
(27, 'Aiden Martinez', 'aidenmartinez', 'aiden_martinez@example.com', '+2456789012', 'hashed_password_37', '1996-10-19', '2024-01-22 07:48:00', 'avatar.png', 'cover.jpg', NULL, NULL, NULL, NULL, NULL, NULL, NULL, NULL, NULL, NULL),
(28, 'Zoey Turner', 'zoeyturner', 'zoey_turner@example.com', '+2567890123', 'hashed_password_38', '1985-07-26', '2024-01-22 07:48:45', 'avatar.png', 'cover.jpg', NULL, NULL, NULL, NULL, NULL, NULL, NULL, NULL, NULL, NULL),
(29, 'Jackson Reed', 'jacksonreed', 'jackson_reed@example.com', '+2678901234', 'hashed_password_39', '1999-02-28', '2024-01-22 07:49:30', 'avatar.png', 'cover.jpg', NULL, NULL, NULL, NULL, NULL, NULL, NULL, NULL, NULL, NULL),
(30, 'Sofia Johnson', 'sofiajohnson', 'sofia_johnson@example.com', '+2789012345', 'hashed_password_40', '1990-08-15', '2024-01-22 07:50:15', 'avatar.png', 'cover.jpg', NULL, NULL, NULL, NULL, NULL, NULL, NULL, NULL, NULL, NULL),
(31, 'Evelyn Adams', 'evelynadams', 'evelyn_adams@example.com', '+12345678902', 'hashed_password_41', '1995-05-12', '2024-01-22 08:30:00', 'avatar.png', 'cover.jpg', NULL, NULL, NULL, NULL, NULL, NULL, NULL, NULL, NULL, NULL),
(32, 'Matthew Turner', 'matthewturner', 'matthew_turner@example.com', '+23456789013', 'hashed_password_42', '1988-12-25', '2024-01-22 08:45:00', 'avatar.png', 'cover.jpg', NULL, NULL, NULL, NULL, NULL, NULL, NULL, NULL, NULL, NULL),
(33, 'Chloe Wilson', 'chloewilson', 'chloe_wilson@example.com', '+34567890124', 'hashed_password_43', '1997-07-08', '2024-01-22 09:00:00', 'avatar.png', 'cover.jpg', NULL, NULL, NULL, NULL, NULL, NULL, NULL, NULL, NULL, NULL),
(34, 'Daniel Reed', 'danielreed', 'daniel_reed@example.com', '+45678901235', 'hashed_password_44', '1982-02-01', '2024-01-22 09:15:00', 'avatar.png', 'cover.jpg', NULL, NULL, NULL, NULL, NULL, NULL, NULL, NULL, NULL, NULL),
(35, 'Grace Carter', 'gracecarter', 'grace_carter@example.com', '+56789012346', 'hashed_password_45', '1993-09-16', '2024-01-22 09:30:00', 'avatar.png', 'cover.jpg', NULL, NULL, NULL, NULL, NULL, NULL, NULL, NULL, NULL, NULL),
(36, 'Michael Hall', 'michaelhall', 'michael_hall@example.com', '+67890123457', 'hashed_password_46', '1986-04-29', '2024-01-22 09:45:00', 'avatar.png', 'cover.jpg', NULL, NULL, NULL, NULL, NULL, NULL, NULL, NULL, NULL, NULL),
(37, 'Lily Martinez', 'lilymartinez', 'lily_martinez@example.com', '+78901234568', 'hashed_password_47', '1991-11-12', '2024-01-22 10:00:00', 'avatar.png', 'cover.jpg', NULL, NULL, NULL, NULL, NULL, NULL, NULL, NULL, NULL, NULL),
(38, 'Jack Scott', 'jackscott', 'jack_scott@example.com', '+89012345679', 'hashed_password_48', '1984-06-25', '2024-01-22 10:15:00', 'avatar.png', 'cover.jpg', NULL, NULL, NULL, NULL, NULL, NULL, NULL, NULL, NULL, NULL),
(39, 'Sophia Turner', 'sophiaturner', 'sophia_turner@example.com', '+90123456780', 'hashed_password_49', '1998-01-30', '2024-01-22 10:30:00', 'avatar.png', 'cover.jpg', NULL, NULL, NULL, NULL, NULL, NULL, NULL, NULL, NULL, NULL),
(40, 'William Johnson', 'williamjohnson', 'william_johnson@example.com', '+12345678903', 'hashed_password_50', '1989-08-13', '2024-01-22 10:45:00', 'avatar.png', 'cover.jpg', NULL, NULL, NULL, NULL, NULL, NULL, NULL, NULL, NULL, NULL),
(41, 'Emily Davis', 'emilydavis', 'emily_davis@example.com', '+23456789014', 'hashed_password_51', '1995-03-26', '2024-01-22 11:00:00', 'avatar.png', 'cover.jpg', NULL, NULL, NULL, NULL, NULL, NULL, NULL, NULL, NULL, NULL),
(42, 'Oliver Smith', 'oliversmith', 'oliver_smith@example.com', '+34567890125', 'hashed_password_52', '1980-10-09', '2024-01-22 11:15:00', 'avatar.png', 'cover.jpg', NULL, NULL, NULL, NULL, NULL, NULL, NULL, NULL, NULL, NULL),
(43, 'Ava Adams', 'avaadams', 'ava_adams@example.com', '+45678901236', 'hashed_password_53', '1992-05-02', '2024-01-22 11:30:00', 'avatar.png', 'cover.jpg', NULL, NULL, NULL, NULL, NULL, NULL, NULL, NULL, NULL, NULL),
(44, 'James Mitchell', 'jamesmitchell', 'james_mitchell@example.com', '+56789012347', 'hashed_password_54', '1983-12-15', '2024-01-22 11:45:00', 'avatar.png', 'cover.jpg', NULL, NULL, NULL, NULL, NULL, NULL, NULL, NULL, NULL, NULL),
(45, 'Emma Brown', 'emmabrown', 'emma_brown@example.com', '+67890123458', 'hashed_password_55', '1997-07-28', '2024-01-22 12:00:00', 'avatar.png', 'cover.jpg', NULL, NULL, NULL, NULL, NULL, NULL, NULL, NULL, NULL, NULL),
(46, 'Daniel Turner', 'danielturner', 'daniel_turner@example.com', '+78901234569', 'hashed_password_56', '1984-02-10', '2024-01-22 12:15:00', 'avatar.png', 'cover.jpg', NULL, NULL, NULL, NULL, NULL, NULL, NULL, NULL, NULL, NULL),
(47, 'Olivia Hall', 'oliviahall', 'olivia_hall@example.com', '+89012345670', 'hashed_password_57', '1990-09-23', '2024-01-22 12:30:00', 'avatar.png', 'cover.jpg', NULL, NULL, NULL, NULL, NULL, NULL, NULL, NULL, NULL, NULL),
(48, 'Ethan Martinez', 'ethanmartinez', 'ethan_martinez@example.com', '+90123456781', 'hashed_password_58', '1994-04-07', '2024-01-22 12:45:00', 'avatar.png', 'cover.jpg', NULL, NULL, NULL, NULL, NULL, NULL, NULL, NULL, NULL, NULL),
(49, 'Isabella Scott', 'isabellascott', 'isabella_scott@example.com', '+12345678904', 'hashed_password_59', '1988-01-20', '2024-01-22 13:00:00', 'avatar.png', 'cover.jpg', NULL, NULL, NULL, NULL, NULL, NULL, NULL, NULL, NULL, NULL),
(50, 'Benjamin Johnson', 'benjaminjohnson', 'benjamin_johnson@example.com', '+23456789015', 'hashed_password_60', '1996-06-03', '2024-01-22 13:15:00', 'avatar.png', 'cover.jpg', NULL, NULL, NULL, NULL, NULL, NULL, NULL, NULL, NULL, NULL),
(51, 'Aria Turner', 'ariaturner', 'aria_turner@example.com', '+34567890126', 'hashed_password_61', '1982-11-16', '2024-01-22 13:30:00', 'avatar.png', 'cover.jpg', NULL, NULL, NULL, NULL, NULL, NULL, NULL, NULL, NULL, NULL),
(52, 'Mason Davis', 'masondavis', 'mason_davis@example.com', '+45678901237', 'hashed_password_62', '1995-04-05', '2024-01-22 13:45:00', 'avatar.png', 'cover.jpg', NULL, NULL, NULL, NULL, NULL, NULL, NULL, NULL, NULL, NULL),
(53, 'Liam Wilson', 'liamwilson', 'liam_wilson@example.com', '+56789012348', 'hashed_password_63', '1993-08-18', '2024-01-22 14:00:00', 'avatar.png', 'cover.jpg', NULL, NULL, NULL, NULL, NULL, NULL, NULL, NULL, NULL, NULL),
(54, 'Ava Turner', 'avaturner', 'ava_turner@example.com', '0912234344', 'hashed_password_64', '1986-01-30', '2024-01-22 14:15:00', 'avatar.png', 'cover.jpg', NULL, NULL, NULL, NULL, NULL, NULL, NULL, NULL, NULL, NULL),
(57, 'Jane', 'jane', 'JaneExample@gmail.com', '0912234345', 'hashed_pass', '2000-04-07', '2024-02-03 09:37:40', 'avatar.png', 'cover.jpg', NULL, NULL, NULL, NULL, NULL, NULL, NULL, NULL, NULL, NULL),
(58, 'Jake', 'jake01', 'jake01@example.com', '09123456789', '$2y$10$abcdefghijklmnopqrstuvwx.yz012345678', '1990-01-01', '2024-02-04 23:32:06', 'avatar.png', 'cover.jpg', NULL, NULL, NULL, NULL, NULL, NULL, NULL, NULL, NULL, NULL),
(59, 'Emma', 'emma02', 'emma02@example.com', '09123456788', '$2y$10$abcdefghijklmnopqrstuvwx.yz012345679', '1990-02-02', '2024-02-04 23:32:06', 'avatar.png', 'cover.jpg', NULL, NULL, NULL, NULL, NULL, NULL, NULL, NULL, NULL, NULL),
(60, 'Noah', 'noah03', 'noah03@example.com', '09123456787', '$2y$10$abcdefghijklmnopqrstuvwx.yz012345670', '1990-03-03', '2024-02-04 23:32:06', 'avatar.png', 'cover.jpg', NULL, NULL, NULL, NULL, NULL, NULL, NULL, NULL, NULL, NULL),
(61, 'Olivia', 'olivia04', 'olivia04@example.com', '09123456786', '$2y$10$abcdefghijklmnopqrstuvwx.yz012345671', '1990-04-04', '2024-02-04 23:32:06', 'avatar.png', 'cover.jpg', NULL, NULL, NULL, NULL, NULL, NULL, NULL, NULL, NULL, NULL),
(62, 'Liam', 'liam05', 'liam05@example.com', '09123456785', '$2y$10$abcdefghijklmnopqrstuvwx.yz012345672', '1990-05-05', '2024-02-04 23:32:06', 'avatar.png', 'cover.jpg', NULL, NULL, NULL, NULL, NULL, NULL, NULL, NULL, NULL, NULL),
(63, 'Sophia', 'sophia06', 'sophia06@example.com', '09123456684', '$2y$10$abcdefghijklmnopqrstuvwx.yz012345673', '1990-06-06', '2024-02-04 23:32:06', 'avatar.png', 'cover.jpg', NULL, NULL, NULL, NULL, NULL, NULL, NULL, NULL, NULL, NULL),
(64, 'Jackson', 'jackson07', 'jackson07@example.com', '09123456683', '$2y$10$abcdefghijklmnopqrstuvwx.yz012345674', '1990-07-07', '2024-02-04 23:32:06', 'avatar.png', 'cover.jpg', NULL, NULL, NULL, NULL, NULL, NULL, NULL, NULL, NULL, NULL),
(65, 'Ava', 'ava08', 'ava08@example.com', '09123456682', '$2y$10$abcdefghijklmnopqrstuvwx.yz012345675', '1990-08-08', '2024-02-04 23:32:06', 'avatar.png', 'cover.jpg', NULL, NULL, NULL, NULL, NULL, NULL, NULL, NULL, NULL, NULL),
(66, 'Ethan', 'ethan100', 'ethan100@example.com', '09123456589', '$2y$10$abcdefghijklmnopqrstuvwx.yz012345678', '1990-12-10', '2024-02-04 23:32:06', 'avatar.png', 'cover.jpg', NULL, NULL, NULL, NULL, NULL, NULL, NULL, NULL, NULL, NULL),
(67, 'Sophie', 'sophie09', 'sophie09@example.com', '09123456588', '$2y$10$abcdefghijklmnopqrstuvwx.yz012345679', '1990-09-09', '2024-02-04 23:32:06', 'avatar.png', 'cover.jpg', NULL, NULL, NULL, NULL, NULL, NULL, NULL, NULL, NULL, NULL),
(68, 'Mason', 'mason10', 'mason10@example.com', '09123456587', '$2y$10$abcdefghijklmnopqrstuvwx.yz012345670', '1990-10-10', '2024-02-04 23:32:06', 'avatar.png', 'cover.jpg', NULL, NULL, NULL, NULL, NULL, NULL, NULL, NULL, NULL, NULL),
(69, 'Isabella', 'isabella11', 'isabella11@example.com', '09123456586', '$2y$10$abcdefghijklmnopqrstuvwx.yz012345671', '1990-11-11', '2024-02-04 23:32:06', 'avatar.png', 'cover.jpg', NULL, NULL, NULL, NULL, NULL, NULL, NULL, NULL, NULL, NULL),
(70, 'Aiden', 'aiden12', 'aiden12@example.com', '09123456585', '$2y$10$abcdefghijklmnopqrstuvwx.yz012345672', '1990-12-12', '2024-02-04 23:32:06', 'avatar.png', 'cover.jpg', NULL, NULL, NULL, NULL, NULL, NULL, NULL, NULL, NULL, NULL),
(71, 'Aria', 'aria13', 'aria13@example.com', '09123456484', '$2y$10$abcdefghijklmnopqrstuvwx.yz012345673', '1991-01-13', '2024-02-04 23:32:06', 'avatar.png', 'cover.jpg', NULL, NULL, NULL, NULL, NULL, NULL, NULL, NULL, NULL, NULL),
(72, 'Caden', 'caden14', 'caden14@example.com', '09123456483', '$2y$10$abcdefghijklmnopqrstuvwx.yz012345674', '1991-02-14', '2024-02-04 23:32:06', 'avatar.png', 'cover.jpg', NULL, NULL, NULL, NULL, NULL, NULL, NULL, NULL, NULL, NULL),
(73, 'Zoe', 'zoe15', 'zoe15@example.com', '09123456482', '$2y$10$abcdefghijklmnopqrstuvwx.yz012345675', '1991-03-15', '2024-02-04 23:32:06', 'avatar.png', 'cover.jpg', NULL, NULL, NULL, NULL, NULL, NULL, NULL, NULL, NULL, NULL),
(74, 'Grayson', 'grayson16', 'grayson16@example.com', '09123456481', '$2y$10$abcdefghijklmnopqrstuvwx.yz012345676', '1991-04-16', '2024-02-04 23:32:06', 'avatar.png', 'cover.jpg', NULL, NULL, NULL, NULL, NULL, NULL, NULL, NULL, NULL, NULL),
(75, 'Lily', 'lily17', 'lily17@example.com', '09123456480', '$2y$10$abcdefghijklmnopqrstuvwx.yz012345677', '1991-05-17', '2024-02-04 23:32:06', 'avatar.png', 'cover.jpg', NULL, NULL, NULL, NULL, NULL, NULL, NULL, NULL, NULL, NULL),
(76, 'Mia', 'mia18', 'mia18@example.com', '09123456389', '$2y$10$abcdefghijklmnopqrstuvwx.yz012345678', '1991-06-18', '2024-02-04 23:32:06', 'avatar.png', 'cover.jpg', NULL, NULL, NULL, NULL, NULL, NULL, NULL, NULL, NULL, NULL),
(77, 'Lucas', 'lucas100', 'lucas100@example.com', '09123456388', '$2y$10$abcdefghijklmnopqrstuvwx.yz012345679', '1991-12-20', '2024-02-04 23:32:06', 'avatar.png', 'cover.jpg', NULL, NULL, NULL, NULL, NULL, NULL, NULL, NULL, NULL, NULL),
(78, 'Harper', 'harper101', 'harper101@example.com', '09123456387', '$2y$10$abcdefghijklmnopqrstuvwx.yz012345670', '1991-12-21', '2024-02-04 23:32:06', 'avatar.png', 'cover.jpg', NULL, NULL, NULL, NULL, NULL, NULL, NULL, NULL, NULL, NULL),
(79, 'Logan', 'logan102', 'logan102@example.com', '09123456386', '$2y$10$abcdefghijklmnopqrstuvwx.yz012345671', '1991-12-22', '2024-02-04 23:32:06', 'avatar.png', 'cover.jpg', NULL, NULL, NULL, NULL, NULL, NULL, NULL, NULL, NULL, NULL),
(80, 'Evelyn', 'evelyn200', 'evelyn200@example.com', '09123456289', '$2y$10$abcdefghijklmnopqrstuvwx.yz012345678', '1991-12-30', '2024-02-04 23:32:06', 'avatar.png', 'cover.jpg', NULL, NULL, NULL, NULL, NULL, NULL, NULL, NULL, NULL, NULL),
(81, 'Olivia', 'olivia19', 'olivia19@example.com', '090912345678', '$2y$10$abcdefghijklmnopqrstuvwx.yz012345679', '1991-12-31', '2024-02-04 23:32:06', 'avatar.png', 'cover.jpg', NULL, NULL, NULL, NULL, NULL, NULL, NULL, NULL, NULL, NULL),
(82, 'Noah', 'noah20', 'noah20@example.com', '090912345677', '$2y$10$abcdefghijklmnopqrstuvwx.yz012345670', '1992-01-01', '2024-02-04 23:32:06', 'avatar.png', 'cover.jpg', NULL, NULL, NULL, NULL, NULL, NULL, NULL, NULL, NULL, NULL),
(83, 'Emma', 'emma21', 'emma21@example.com', '090912345676', '$2y$10$abcdefghijklmnopqrstuvwx.yz012345671', '1992-02-02', '2024-02-04 23:32:06', 'avatar.png', 'cover.jpg', NULL, NULL, NULL, NULL, NULL, NULL, NULL, NULL, NULL, NULL),
(84, 'Liam', 'liam22', 'liam22@example.com', '090912345675', '$2y$10$abcdefghijklmnopqrstuvwx.yz012345672', '1992-03-03', '2024-02-04 23:32:06', 'avatar.png', 'cover.jpg', NULL, NULL, NULL, NULL, NULL, NULL, NULL, NULL, NULL, NULL),
(85, 'Oliver', 'oliver23', 'oliver23@example.com', '090912345674', '$2y$10$abcdefghijklmnopqrstuvwx.yz012345673', '1992-04-04', '2024-02-04 23:32:06', 'avatar.png', 'cover.jpg', NULL, NULL, NULL, NULL, NULL, NULL, NULL, NULL, NULL, NULL),
(86, 'Ava', 'ava24', 'ava24@example.com', '090912345773', '$2y$10$abcdefghijklmnopqrstuvwx.yz012345674', '1992-05-05', '2024-02-04 23:32:06', 'avatar.png', 'cover.jpg', NULL, NULL, NULL, NULL, NULL, NULL, NULL, NULL, NULL, NULL),
(87, 'Ethan', 'ethan25', 'ethan25@example.com', '090912345999', '$2y$10$abcdefghijklmnopqrstuvwx.yz012345775', '1992-06-06', '2024-02-04 23:32:06', 'avatar.png', 'cover.jpg', NULL, NULL, NULL, NULL, NULL, NULL, NULL, NULL, NULL, NULL),
(88, 'Harper', 'harper26', 'harper26@example.com', '090912345899', '$2y$10$abcdefghijklmnopqrstuvwx.yz012345776', '1992-07-07', '2024-02-04 23:32:06', 'avatar.png', 'cover.jpg', NULL, NULL, NULL, NULL, NULL, NULL, NULL, NULL, NULL, NULL),
(89, 'Amelia', 'amelia27', 'amelia27@example.com', '090912345670', '$2y$10$abcdefghijklmnopqrstuvwx.yz012345777', '1992-08-08', '2024-02-04 23:32:06', 'avatar.png', 'cover.jpg', NULL, NULL, NULL, NULL, NULL, NULL, NULL, NULL, NULL, NULL),
(90, 'Elijah', 'elijah28', 'elijah28@example.com', '091512345678', '$2y$10$abcdefghijklmnopqrstuvwx.yz012345778', '1992-09-09', '2024-02-04 23:32:06', 'avatar.png', 'cover.jpg', NULL, NULL, NULL, NULL, NULL, NULL, NULL, NULL, NULL, NULL),
(91, 'Charlotte', 'charlotte29', 'charlotte29@example.com', '091512345677', '$2y$10$abcdefghijklmnopqrstuvwx.yz012345779', '1992-10-10', '2024-02-04 23:32:06', 'avatar.png', 'cover.jpg', NULL, NULL, NULL, NULL, NULL, NULL, NULL, NULL, NULL, NULL),
(92, 'Mason', 'mason200', 'mason200@example.com', '091512347876', '$2y$10$abcdefghijklmnopqrstuvwx.yz012347870', '1992-12-30', '2024-02-04 23:32:06', 'avatar.png', 'cover.jpg', NULL, NULL, NULL, NULL, NULL, NULL, NULL, NULL, NULL, NULL),
(93, 'Aria', 'aria201', 'aria201@example.com', '091512345675', '$2y$10$abcdefghijklmnopqrstuvwx.yz012345671', '1992-12-31', '2024-02-04 23:32:06', 'avatar.png', 'cover.jpg', NULL, NULL, NULL, NULL, NULL, NULL, NULL, NULL, NULL, NULL),
(94, 'Jackson', 'jackson202', 'jackson202@example.com', '091512345674', '$2y$10$abcdefghijklmnopqrstuvwx.yz012345672', '1993-01-01', '2024-02-04 23:32:06', 'avatar.png', 'cover.jpg', NULL, NULL, NULL, NULL, NULL, NULL, NULL, NULL, NULL, NULL),
(95, 'Ella', 'ella300', 'ella300@example.com', '091512345673', '$2y$10$abcdefghijklmnopqrstuvwx.yz012345673', '1993-12-31', '2024-02-04 23:32:06', 'avatar.png', 'cover.jpg', NULL, NULL, NULL, NULL, NULL, NULL, NULL, NULL, NULL, NULL),
(96, 'Liam', 'liam301', 'liam301@example.com', '090912345780', '$2y$10$abcdefghijklmnopqrstuvwx.yz012345571', '1992-01-01', '2024-02-04 23:32:06', 'avatar.png', 'cover.jpg', NULL, NULL, NULL, NULL, NULL, NULL, NULL, NULL, NULL, NULL),
(97, 'Olivia', 'olivia302', 'olivia302@example.com', '090912345571', '$2y$10$abcdefghijklmnopqrstuvwx.yz012345572', '1992-02-02', '2024-02-04 23:32:06', 'avatar.png', 'cover.jpg', NULL, NULL, NULL, NULL, NULL, NULL, NULL, NULL, NULL, NULL),
(98, 'Noah', 'noah303', 'noah303@example.com', '090912345572', '$2y$10$abcdefghijklmnopqrstuvwx.yz012345573', '1992-03-03', '2024-02-04 23:32:06', 'avatar.png', 'cover.jpg', NULL, NULL, NULL, NULL, NULL, NULL, NULL, NULL, NULL, NULL),
(99, 'Emma', 'emma304', 'emma304@example.com', '090912345573', '$2y$10$abcdefghijklmnopqrstuvwx.yz012345674', '1992-04-04', '2024-02-04 23:32:06', 'avatar.png', 'cover.jpg', NULL, NULL, NULL, NULL, NULL, NULL, NULL, NULL, NULL, NULL),
(100, 'Oliver', 'oliver305', 'oliver305@example.com', '090912344674', '$2y$10$abcdefghijklmnopqrstuvwx.yz012345675', '1992-05-05', '2024-02-04 23:32:06', 'avatar.png', 'cover.jpg', NULL, NULL, NULL, NULL, NULL, NULL, NULL, NULL, NULL, NULL),
(101, 'Ava', 'ava306', 'ava306@example.com', '090912445675', '$2y$10$abcdefghijklmnopqrstuvwx.yz012344676', '1992-06-06', '2024-02-04 23:32:06', 'avatar.png', 'cover.jpg', NULL, NULL, NULL, NULL, NULL, NULL, NULL, NULL, NULL, NULL),
(102, 'Ethan', 'ethan307', 'ethan307@example.com', '090902345676', '$2y$10$abcdefghijklmnopqrstuvwx.yz012344677', '1992-07-07', '2024-02-04 23:32:06', 'avatar.png', 'cover.jpg', NULL, NULL, NULL, NULL, NULL, NULL, NULL, NULL, NULL, NULL),
(103, 'Harper', 'harper308', 'harper308@example.com', '090902345677', '$2y$10$abcdefghijklmnopqrstuvwx.yz012344678', '1992-08-08', '2024-02-04 23:32:06', 'avatar.png', 'cover.jpg', NULL, NULL, NULL, NULL, NULL, NULL, NULL, NULL, NULL, NULL),
(104, 'Amelia', 'amelia309', 'amelia309@example.com', '090902345678', '$2y$10$abcdefghijklmnopqrstuvwx.yz012344679', '1992-09-09', '2024-02-04 23:32:06', 'avatar.png', 'cover.jpg', NULL, NULL, NULL, NULL, NULL, NULL, NULL, NULL, NULL, NULL),
(105, 'Elijah', 'elijah310', 'elijah310@example.com', '091512344610', '$2y$10$abcdefghijklmnopqrstuvwx.yz012345670', '1992-10-10', '2024-02-04 23:32:06', 'avatar.png', 'cover.jpg', NULL, NULL, NULL, NULL, NULL, NULL, NULL, NULL, NULL, NULL),
(106, 'Charlotte', 'charlotte311', 'charlotte311@example.com', '091512345611', '$2y$10$abcdefghijklmnopqrstuvwx.yz012345671', '1992-11-11', '2024-02-04 23:32:06', 'avatar.png', 'cover.jpg', NULL, NULL, NULL, NULL, NULL, NULL, NULL, NULL, NULL, NULL),
(107, 'Mason', 'mason312', 'mason312@example.com', '091513345612', '$2y$10$abcdefghijklmnopqrstuvwx.yz012345672', '1992-12-12', '2024-02-04 23:32:06', 'avatar.png', 'cover.jpg', NULL, NULL, NULL, NULL, NULL, NULL, NULL, NULL, NULL, NULL),
(108, 'Aria', 'aria313', 'aria313@example.com', '091513345613', '$2y$10$abcdefghijklmnopqrstuvwx.yz012345673', '1992-12-13', '2024-02-04 23:32:06', 'avatar.png', 'cover.jpg', NULL, NULL, NULL, NULL, NULL, NULL, NULL, NULL, NULL, NULL),
(109, 'Jackson', 'jackson314', 'jackson314@example.com', '091513345614', '$2y$10$abcdefghijklmnopqrstuvwx.yz012345674', '1992-12-14', '2024-02-04 23:32:06', 'avatar.png', 'cover.jpg', NULL, NULL, NULL, NULL, NULL, NULL, NULL, NULL, NULL, NULL),
(110, 'Ella', 'ella315', 'ella315@example.com', '091513345615', '$2y$10$abcdefghijklmnopqrstuvwx.yz012345675', '1992-12-15', '2024-02-04 23:32:06', 'avatar.png', 'cover.jpg', NULL, NULL, NULL, NULL, NULL, NULL, NULL, NULL, NULL, NULL),
(111, 'Sophia', 'sophia400', 'sophia400@example.com', '091513345616', '$2y$10$abcdefghijklmnopqrstuvwx.yz012345676', '1992-12-16', '2024-02-04 23:32:06', 'avatar.png', 'cover.jpg', NULL, NULL, NULL, NULL, NULL, NULL, NULL, NULL, NULL, NULL),
(112, 'Logan', 'logan401', 'logan401@example.com', '091513345617', '$2y$10$abcdefghijklmnopqrstuvwx.yz012345677', '1992-12-17', '2024-02-04 23:32:06', 'avatar.png', 'cover.jpg', NULL, NULL, NULL, NULL, NULL, NULL, NULL, NULL, NULL, NULL),
(113, 'Aiden', 'aiden402', 'aiden402@example.com', '091513345618', '$2y$10$abcdefghijklmnopqrstuvwx.yz012345678', '1992-12-18', '2024-02-04 23:32:06', 'avatar.png', 'cover.jpg', NULL, NULL, NULL, NULL, NULL, NULL, NULL, NULL, NULL, NULL),
(114, 'Mia', 'mia403', 'mia403@example.com', '091513345619', '$2y$10$abcdefghijklmnopqrstuvwx.yz012345679', '1992-12-19', '2024-02-04 23:32:06', 'avatar.png', 'cover.jpg', NULL, NULL, NULL, NULL, NULL, NULL, NULL, NULL, NULL, NULL),
(115, 'Lucas', 'lucas404', 'lucas404@example.com', '091513345620', '$2y$10$abcdefghijklmnopqrstuvwx.yz012345670', '1992-12-20', '2024-02-04 23:32:06', 'avatar.png', 'cover.jpg', NULL, NULL, NULL, NULL, NULL, NULL, NULL, NULL, NULL, NULL),
(116, 'Isabella', 'isabella405', 'isabella405@example.com', '091513345621', '$2y$10$abcdefghijklmnopqrstuvwx.yz012345671', '1992-12-21', '2024-02-04 23:32:06', 'avatar.png', 'cover.jpg', NULL, NULL, NULL, NULL, NULL, NULL, NULL, NULL, NULL, NULL),
(117, 'Evelyn', 'evelyn406', 'evelyn406@example.com', '091513345622', '$2y$10$abcdefghijklmnopqrstuvwx.yz012345672', '1992-12-22', '2024-02-04 23:32:06', 'avatar.png', 'cover.jpg', NULL, NULL, NULL, NULL, NULL, NULL, NULL, NULL, NULL, NULL),
(118, 'Jack', 'jack407', 'jack407@example.com', '091512345623', '$2y$10$abcdefghijklmnopqrstuvwx.yz012345673', '1992-12-23', '2024-02-04 23:32:06', 'avatar.png', 'cover.jpg', NULL, NULL, NULL, NULL, NULL, NULL, NULL, NULL, NULL, NULL),
(119, 'Avery', 'avery408', 'avery408@example.com', '091512345624', '$2y$10$abcdefghijklmnopqrstuvwx.yz012345674', '1992-12-24', '2024-02-04 23:32:06', 'avatar.png', 'cover.jpg', NULL, NULL, NULL, NULL, NULL, NULL, NULL, NULL, NULL, NULL),
(120, 'Sebastian', 'sebastian409', 'sebastian409@example.com', '091512345625', '$2y$10$abcdefghijklmnopqrstuvwx.yz012345675', '1992-12-25', '2024-02-04 23:32:06', 'avatar.png', 'cover.jpg', NULL, NULL, NULL, NULL, NULL, NULL, NULL, NULL, NULL, NULL),
(121, 'Aubrey', 'aubrey410', 'aubrey410@example.com', '091512345626', '$2y$10$abcdefghijklmnopqrstuvwx.yz012345676', '1992-12-26', '2024-02-04 23:32:06', 'avatar.png', 'cover.jpg', NULL, NULL, NULL, NULL, NULL, NULL, NULL, NULL, NULL, NULL),
(122, 'Camila', 'camila411', 'camila411@example.com', '091512345627', '$2y$10$abcdefghijklmnopqrstuvwx.yz012345677', '1992-12-27', '2024-02-04 23:32:06', 'avatar.png', 'cover.jpg', NULL, NULL, NULL, NULL, NULL, NULL, NULL, NULL, NULL, NULL),
(123, 'Grayson', 'grayson412', 'grayson412@example.com', '091512345628', '$2y$10$abcdefghijklmnopqrstuvwx.yz012345678', '1992-12-28', '2024-02-04 23:32:06', 'avatar.png', 'cover.jpg', NULL, NULL, NULL, NULL, NULL, NULL, NULL, NULL, NULL, NULL),
(124, 'Scarlett', 'scarlett413', 'scarlett413@example.com', '091512345629', '$2y$10$abcdefghijklmnopqrstuvwx.yz012345679', '1992-12-29', '2024-02-04 23:32:06', 'avatar.png', 'cover.jpg', NULL, NULL, NULL, NULL, NULL, NULL, NULL, NULL, NULL, NULL),
(125, 'Carter', 'carter414', 'carter414@example.com', '091512345630', '$2y$10$abcdefghijklmnopqrstuvwx.yz012345670', '1992-12-30', '2024-02-04 23:32:06', 'avatar.png', 'cover.jpg', NULL, NULL, NULL, NULL, NULL, NULL, NULL, NULL, NULL, NULL),
(126, 'Madison', 'madison415', 'madison415@example.com', '091512345631', '$2y$10$abcdefghijklmnopqrstuvwx.yz012345671', '1992-12-31', '2024-02-04 23:32:06', 'avatar.png', 'cover.jpg', NULL, NULL, NULL, NULL, NULL, NULL, NULL, NULL, NULL, NULL),
(127, 'Ethan', 'ethan416', 'ethan416@example.com', '091512345632', '$2y$10$abcdefghijklmnopqrstuvwx.yz012345672', '1993-01-01', '2024-02-04 23:32:06', 'avatar.png', 'cover.jpg', NULL, NULL, NULL, NULL, NULL, NULL, NULL, NULL, NULL, NULL),
(128, 'Lily', 'lily417', 'lily417@example.com', '091512345633', '$2y$10$abcdefghijklmnopqrstuvwx.yz012345673', '1993-01-02', '2024-02-04 23:32:06', 'avatar.png', 'cover.jpg', NULL, NULL, NULL, NULL, NULL, NULL, NULL, NULL, NULL, NULL),
(129, 'Chloe', 'chloe500', 'chloe500@example.com', '091512345634', '$2y$10$abcdefghijklmnopqrstuvwx.yz012345674', '1993-01-03', '2024-02-04 23:32:06', 'avatar.png', 'cover.jpg', NULL, NULL, NULL, NULL, NULL, NULL, NULL, NULL, NULL, NULL),
(130, 'Daniel', 'daniel501', 'daniel501@example.com', '091512345635', '$2y$10$abcdefghijklmnopqrstuvwx.yz012345675', '1993-01-04', '2024-02-04 23:32:06', 'avatar.png', 'cover.jpg', NULL, NULL, NULL, NULL, NULL, NULL, NULL, NULL, NULL, NULL),
(131, 'Hazel', 'hazel502', 'hazel502@example.com', '091512345636', '$2y$10$abcdefghijklmnopqrstuvwx.yz012345676', '1993-01-05', '2024-02-04 23:32:06', 'avatar.png', 'cover.jpg', NULL, NULL, NULL, NULL, NULL, NULL, NULL, NULL, NULL, NULL),
(132, 'Liam', 'liam501', 'liam501@example.com', '091512345701', '$2y$10$abcdefghijklmnopqrstuvwx.yz012345678', '1993-01-06', '2024-02-04 23:32:06', 'avatar.png', 'cover.jpg', NULL, NULL, NULL, NULL, NULL, NULL, NULL, NULL, NULL, NULL),
(133, 'Emma', 'emma502', 'emma502@example.com', '091512345702', '$2y$10$abcdefghijklmnopqrstuvwx.yz012345679', '1993-01-07', '2024-02-04 23:32:06', 'avatar.png', 'cover.jpg', NULL, NULL, NULL, NULL, NULL, NULL, NULL, NULL, NULL, NULL),
(134, 'Oliver', 'oliver503', 'oliver503@example.com', '091512345703', '$2y$10$abcdefghijklmnopqrstuvwx.yz012345670', '1993-01-08', '2024-02-04 23:32:06', 'avatar.png', 'cover.jpg', NULL, NULL, NULL, NULL, NULL, NULL, NULL, NULL, NULL, NULL),
(135, 'Ava', 'ava504', 'ava504@example.com', '091512345704', '$2y$10$abcdefghijklmnopqrstuvwx.yz012345671', '1993-01-09', '2024-02-04 23:32:06', 'avatar.png', 'cover.jpg', NULL, NULL, NULL, NULL, NULL, NULL, NULL, NULL, NULL, NULL),
(136, 'Noah', 'noah505', 'noah505@example.com', '091512345705', '$2y$10$abcdefghijklmnopqrstuvwx.yz012345672', '1993-01-10', '2024-02-04 23:32:06', 'avatar.png', 'cover.jpg', NULL, NULL, NULL, NULL, NULL, NULL, NULL, NULL, NULL, NULL),
(137, 'Sophia', 'sophia506', 'sophia506@example.com', '091512345706', '$2y$10$abcdefghijklmnopqrstuvwx.yz012345673', '1993-01-11', '2024-02-04 23:32:06', 'avatar.png', 'cover.jpg', NULL, NULL, NULL, NULL, NULL, NULL, NULL, NULL, NULL, NULL),
(138, 'Jackson', 'jackson507', 'jackson507@example.com', '091512345707', '$2y$10$abcdefghijklmnopqrstuvwx.yz012345674', '1993-01-12', '2024-02-04 23:32:06', 'avatar.png', 'cover.jpg', NULL, NULL, NULL, NULL, NULL, NULL, NULL, NULL, NULL, NULL),
(139, 'Aria', 'aria508', 'aria508@example.com', '091512345708', '$2y$10$abcdefghijklmnopqrstuvwx.yz012345675', '1993-01-13', '2024-02-04 23:32:06', 'avatar.png', 'cover.jpg', NULL, NULL, NULL, NULL, NULL, NULL, NULL, NULL, NULL, NULL),
(140, 'Lucas', 'lucas509', 'lucas509@example.com', '091512345709', '$2y$10$abcdefghijklmnopqrstuvwx.yz012345676', '1993-01-14', '2024-02-04 23:32:06', 'avatar.png', 'cover.jpg', NULL, NULL, NULL, NULL, NULL, NULL, NULL, NULL, NULL, NULL),
(141, 'Amelia', 'amelia510', 'amelia510@example.com', '091512345710', '$2y$10$abcdefghijklmnopqrstuvwx.yz012345677', '1993-01-15', '2024-02-04 23:32:06', 'avatar.png', 'cover.jpg', NULL, NULL, NULL, NULL, NULL, NULL, NULL, NULL, NULL, NULL),
(142, 'Elijah', 'elijah511', 'elijah511@example.com', '091512345711', '$2y$10$abcdefghijklmnopqrstuvwx.yz012345678', '1993-01-16', '2024-02-04 23:32:06', 'avatar.png', 'cover.jpg', NULL, NULL, NULL, NULL, NULL, NULL, NULL, NULL, NULL, NULL),
(143, 'Aiden', 'aiden512', 'aiden512@example.com', '091512345712', '$2y$10$abcdefghijklmnopqrstuvwx.yz012345679', '1993-01-17', '2024-02-04 23:32:06', 'avatar.png', 'cover.jpg', NULL, NULL, NULL, NULL, NULL, NULL, NULL, NULL, NULL, NULL),
(144, 'Scarlett', 'scarlett513', 'scarlett513@example.com', '091512345713', '$2y$10$abcdefghijklmnopqrstuvwx.yz012345670', '1993-01-18', '2024-02-04 23:32:06', 'avatar.png', 'cover.jpg', NULL, NULL, NULL, NULL, NULL, NULL, NULL, NULL, NULL, NULL),
(145, 'Mason', 'mason514', 'mason514@example.com', '091512345714', '$2y$10$abcdefghijklmnopqrstuvwx.yz012345671', '1993-01-19', '2024-02-04 23:32:06', 'avatar.png', 'cover.jpg', NULL, NULL, NULL, NULL, NULL, NULL, NULL, NULL, NULL, NULL),
(146, 'Lily', 'lily515', 'lily515@example.com', '091512345715', '$2y$10$abcdefghijklmnopqrstuvwx.yz012345672', '1993-01-20', '2024-02-04 23:32:06', 'avatar.png', 'cover.jpg', NULL, NULL, NULL, NULL, NULL, NULL, NULL, NULL, NULL, NULL),
(147, 'Ethan', 'ethan516', 'ethan516@example.com', '091512345716', '$2y$10$abcdefghijklmnopqrstuvwx.yz012345673', '1993-01-21', '2024-02-04 23:32:06', 'avatar.png', 'cover.jpg', NULL, NULL, NULL, NULL, NULL, NULL, NULL, NULL, NULL, NULL),
(148, 'Harper', 'harper517', 'harper517@example.com', '091512345717', '$2y$10$abcdefghijklmnopqrstuvwx.yz012345674', '1993-01-22', '2024-02-04 23:32:06', 'avatar.png', 'cover.jpg', NULL, NULL, NULL, NULL, NULL, NULL, NULL, NULL, NULL, NULL),
(149, 'Avery', 'avery518', 'avery518@example.com', '091512345718', '$2y$10$abcdefghijklmnopqrstuvwx.yz012345675', '1993-01-23', '2024-02-04 23:32:06', 'avatar.png', 'cover.jpg', NULL, NULL, NULL, NULL, NULL, NULL, NULL, NULL, NULL, NULL),
(150, 'Evelyn', 'evelyn600', 'evelyn600@example.com', '091512345719', '$2y$10$abcdefghijklmnopqrstuvwx.yz012345676', '1993-01-24', '2024-02-04 23:32:06', 'avatar.png', 'cover.jpg', NULL, NULL, NULL, NULL, NULL, NULL, NULL, NULL, NULL, NULL),
(151, 'Logan', 'logan601', 'logan601@example.com', '091512345720', '$2y$10$abcdefghijklmnopqrstuvwx.yz012345677', '1993-01-25', '2024-02-04 23:32:06', 'avatar.png', 'cover.jpg', NULL, NULL, NULL, NULL, NULL, NULL, NULL, NULL, NULL, NULL),
(152, 'Zoey', 'zoey602', 'zoey602@example.com', '091512345721', '$2y$10$abcdefghijklmnopqrstuvwx.yz012345678', '1993-01-26', '2024-02-04 23:32:06', 'avatar.png', 'cover.jpg', NULL, NULL, NULL, NULL, NULL, NULL, NULL, NULL, NULL, NULL),
(157, '', 'amelia277', 'john_doe@example.comm', '0909988778', '$2a$10$5/ZhlfbGqXqi9cZqFBGrfeukplTrhMaJQXfh/65Ga3PLCm8Qq3YUG', '2024-04-02', '2024-04-07 01:24:52', '0158cbd2-1e72-433d-b05b-80606b932f8b.jpg', 'cover.jpg', NULL, 0, '', 0, '', '', '', '', NULL, NULL),
(189, NULL, 'ruins urban exploration', 'ruinsurbane@gmail.com', NULL, '$2a$10$0cSTpsgX00PDBGsilu2uW.okrr7nD9d2m9m8PoInPv04PE4Mlv.t2', NULL, '2024-04-29 02:54:20', 'https://lh3.googleusercontent.com/a/ACg8ocIGwEvMAJ31K5fw_dN1YV-m-3a5Kh5i8_1xDtoJsaXKMarSyQ=s96-c', 'cover.jpg', 'qvGpZevLlFZLtB2cFBOHlbg9HYL2', 1, NULL, NULL, NULL, NULL, NULL, NULL, NULL, '2024-05-06 05:30:40'),
(190, NULL, 'linda', 'linda@gmail.com', '0909988779', '$2a$10$5/ZhlfbGqXqi9cZqFBGrfeukplTrhMaJQXfh/65Ga3PLCm8Qq3YUG', '2024-04-23', '2024-04-30 07:23:23', 'avatar.png', 'cover.jpg', NULL, NULL, NULL, NULL, NULL, NULL, NULL, NULL, NULL, NULL),
(191, NULL, 'Ash', 'tylerStream@gmail.com', '0988888888', '$2a$10$..vSyZEmOxU8YRe4PQZpNehAcFxTi0b/vAj5SWkLF19mc4oagR7NS', '1994-10-14', '2024-05-06 02:27:35', '1242f649-1d43-4ca1-b606-e61626cc3d47.jpg', 'cover.jpg', NULL, NULL, NULL, NULL, NULL, NULL, NULL, NULL, NULL, NULL),
(192, '', 'Pikachuuuu', 'letsgo@gmail.com', '0912484848', '$2a$10$lWUSBmJKpz6Mc8sjFvWwF.zyIKJrs/L3jRLAyezhuisd5cDHzq9Nu', '1994-12-23', '2024-05-06 02:28:39', 'd25a2f65-d27d-4e82-9017-0e7701a7be8c.jpg', 'cover.jpg', NULL, NULL, NULL, NULL, NULL, NULL, NULL, NULL, NULL, NULL),
(193, 'Shuntei For ms', 'Shuntei For ms', 'ms0491826@gmail.com', '0987654321', NULL, NULL, '2024-05-06 03:59:37', 'https://lh3.googleusercontent.com/a/ACg8ocJ8usVVFd0uT-dUvKnvcbFNi4x_7wQTwfDlCtqiluaroGYD98g=s96-c', 'cover.jpg', 'QmIjyb37DLTuNj93VL77boS7sbP2', 1, NULL, NULL, NULL, NULL, NULL, NULL, NULL, NULL),
(194, 'johnny', 'johnny', 'johnny@gmail.com', '0987654321', '$2a$10$BP9KDrYe08/nvfLGJmO0qOfjMyh/JsuO1yBadE8vrQLJ.TBGzCUMe', '2024-05-01', '2024-05-06 06:40:09', 'avatar.png', 'cover.jpg', NULL, NULL, 'hello', 0, 'https://www.youtube.com/', 'https://www.youtube.com/', 'https://www.youtube.com/', '', NULL, NULL),
(195, '', 'angela', 'angela@gmail.com', '0987654321', '$2a$10$y6iSCaD8M37oZ2cixU4QPeuLbRAafeCKiIb9H8miWVVy1JusVV2XC', '2024-04-30', '2024-05-06 07:46:07', 'avatar.png', 'cover.jpg', NULL, NULL, '', 1, '', '', '', '', NULL, NULL),
(196, NULL, '賴俊瑋', 'kevinlai29@outlook.com', NULL, NULL, NULL, '2024-05-06 09:09:19', 'https://lh3.googleusercontent.com/a/ACg8ocJLE_Sb6VHKHsVYzFGqgQKudxbK7sw8rUDLHq2npqDcKF2TBxLz=s96-c', 'cover.jpg', 'TEuWV6n8raQ2X8vab777PDYW86y1', 1, NULL, NULL, NULL, NULL, NULL, NULL, NULL, NULL);

-- --------------------------------------------------------

--
-- 資料表結構 `mb_user_preference`
--

CREATE TABLE `mb_user_preference` (
  `pid` int(11) NOT NULL,
  `user_id` int(11) DEFAULT NULL,
  `live` tinyint(1) DEFAULT NULL,
  `product` tinyint(1) DEFAULT NULL,
  `trip` tinyint(1) DEFAULT NULL,
  `game` tinyint(1) DEFAULT NULL,
  `all` tinyint(1) DEFAULT NULL
) ENGINE=InnoDB DEFAULT CHARSET=utf8mb4 COLLATE=utf8mb4_general_ci;

--
-- 傾印資料表的資料 `mb_user_preference`
--

INSERT INTO `mb_user_preference` (`pid`, `user_id`, `live`, `product`, `trip`, `game`, `all`) VALUES
(1, 57, 1, 1, 1, 1, 0),
(2, 157, 1, 1, 1, 1, 0),
(3, 159, 1, 1, 1, 1, 0),
(4, 160, 1, 1, 1, 1, 0),
(5, 161, 0, 0, 1, 0, 0),
(6, 162, 1, 1, 1, 1, 0),
(7, 163, 1, 1, 1, 1, 0),
(8, 170, 1, 1, 1, 1, 0),
(11, 1, 1, 1, 1, 1, 0),
(12, 3, 1, 1, 1, 1, 0),
(13, 5, 1, 1, 1, 1, 0),
(14, 6, 1, 1, 1, 1, 0),
(15, 8, 1, 1, 1, 1, 0),
(16, 10, 1, 1, 1, 1, 0),
(17, 12, 1, 1, 1, 1, 0),
(18, 14, 1, 1, 1, 1, 0),
(19, 17, 1, 1, 1, 1, 0),
(20, 19, 1, 1, 1, 1, 0),
(21, 20, 1, 1, 1, 1, 0),
(22, 22, 1, 1, 1, 1, 0),
(23, 23, 1, 1, 1, 1, 0),
(24, 25, 1, 1, 1, 1, 0),
(25, 27, 1, 1, 1, 1, 0),
(26, 29, 1, 1, 1, 1, 0),
(27, 31, 1, 1, 1, 1, 0),
(28, 33, 1, 1, 1, 1, 0),
(29, 35, 1, 1, 1, 1, 0),
(30, 37, 1, 1, 1, 1, 0),
(31, 39, 1, 1, 1, 1, 0),
(32, 41, 1, 1, 1, 1, 0),
(33, 43, 1, 1, 1, 1, 0),
(34, 45, 1, 1, 1, 1, 0),
(35, 47, 1, 1, 1, 1, 0),
(36, 49, 1, 1, 1, 1, 0),
(37, 51, 1, 1, 1, 1, 0),
(38, 53, 1, 1, 1, 1, 0),
(39, 58, 1, 1, 1, 1, 0),
(40, 61, 1, 1, 1, 1, 0),
(41, 64, 1, 1, 1, 1, 0),
(42, 67, 1, 1, 1, 1, 0),
(43, 70, 1, 1, 1, 1, 0),
(44, 73, 1, 1, 1, 1, 0),
(45, 76, 1, 1, 1, 1, 0),
(46, 79, 1, 1, 1, 1, 0),
(47, 81, 1, 1, 1, 1, 0),
(48, 84, 1, 1, 1, 1, 0),
(49, 87, 1, 1, 1, 1, 0),
(50, 90, 1, 1, 1, 1, 0),
(51, 93, 1, 1, 1, 1, 0),
(52, 96, 1, 1, 1, 1, 0),
(53, 99, 1, 1, 1, 1, 0),
(54, 102, 1, 1, 1, 1, 0),
(55, 105, 1, 1, 1, 1, 0),
(56, 108, 1, 1, 1, 1, 0),
(57, 111, 1, 1, 1, 1, 0),
(58, 114, 1, 1, 1, 1, 0),
(59, 117, 1, 1, 1, 1, 0),
(60, 120, 1, 1, 1, 1, 0),
(61, 123, 1, 1, 1, 1, 0),
(62, 126, 1, 1, 1, 1, 0),
(63, 129, 1, 1, 1, 1, 0),
(64, 132, 1, 1, 1, 1, 0),
(65, 135, 1, 1, 1, 1, 0),
(66, 138, 1, 1, 1, 1, 0),
(67, 141, 1, 1, 1, 1, 0),
(68, 144, 1, 1, 1, 1, 0),
(69, 147, 1, 1, 1, 1, 0),
(70, 150, 1, 1, 1, 1, 0),
(71, 2, 1, 1, 1, 1, 0),
(72, 4, 1, 1, 1, 1, 0),
(73, 7, 1, 1, 1, 1, 0),
(74, 9, 1, 1, 1, 1, 0),
(75, 11, 1, 1, 1, 1, 0),
(76, 13, 1, 1, 1, 1, 0),
(77, 15, 1, 1, 1, 1, 0),
(78, 16, 1, 1, 1, 1, 0),
(79, 18, 1, 1, 1, 1, 0),
(80, 21, 1, 1, 1, 1, 0),
(81, 24, 1, 1, 1, 1, 0),
(82, 26, 1, 1, 1, 1, 0),
(83, 28, 1, 1, 1, 1, 0),
(84, 30, 1, 1, 1, 1, 0),
(85, 32, 1, 1, 1, 1, 0),
(86, 34, 1, 1, 1, 1, 0),
(87, 36, 1, 1, 1, 1, 0),
(88, 38, 1, 1, 1, 1, 0),
(89, 40, 1, 1, 1, 1, 0),
(90, 42, 1, 1, 1, 1, 0),
(91, 44, 1, 1, 1, 1, 0),
(92, 46, 1, 1, 1, 1, 0),
(93, 48, 1, 1, 1, 1, 0),
(94, 50, 1, 1, 1, 1, 0),
(95, 52, 1, 1, 1, 1, 0),
(96, 59, 1, 1, 1, 1, 0),
(97, 62, 1, 1, 1, 1, 0),
(98, 65, 1, 1, 1, 1, 0),
(99, 68, 1, 1, 1, 1, 0),
(100, 71, 1, 1, 1, 1, 0),
(101, 74, 1, 1, 1, 1, 0),
(102, 77, 1, 1, 1, 1, 0),
(103, 82, 1, 1, 1, 1, 0),
(104, 85, 1, 1, 1, 1, 0),
(105, 88, 1, 1, 1, 1, 0),
(106, 91, 1, 1, 1, 1, 0),
(107, 94, 1, 1, 1, 1, 0),
(108, 97, 1, 1, 1, 1, 0),
(109, 100, 1, 1, 1, 1, 0),
(110, 103, 1, 1, 1, 1, 0),
(111, 106, 1, 1, 1, 1, 0),
(112, 109, 1, 1, 1, 1, 0),
(113, 112, 1, 1, 1, 1, 0),
(114, 115, 1, 1, 1, 1, 0),
(115, 118, 1, 1, 1, 1, 0),
(116, 121, 1, 1, 1, 1, 0),
(117, 124, 1, 1, 1, 1, 0),
(118, 127, 1, 1, 1, 1, 0),
(119, 130, 1, 1, 1, 1, 0),
(120, 133, 1, 1, 1, 1, 0),
(121, 136, 1, 1, 1, 1, 0),
(122, 139, 1, 1, 1, 1, 0),
(123, 142, 1, 1, 1, 1, 0),
(124, 145, 1, 1, 1, 1, 0),
(125, 148, 1, 1, 1, 1, 0),
(126, 151, 1, 1, 1, 1, 0),
(127, 54, 1, 1, 1, 1, 0),
(128, 60, 1, 1, 1, 1, 0),
(129, 63, 1, 1, 1, 1, 0),
(130, 66, 1, 1, 1, 1, 0),
(131, 69, 1, 1, 1, 1, 0),
(132, 72, 1, 1, 1, 1, 0),
(133, 75, 1, 1, 1, 1, 0),
(134, 78, 1, 1, 1, 1, 0),
(135, 80, 1, 1, 1, 1, 0),
(136, 83, 1, 1, 1, 1, 0),
(137, 86, 1, 1, 1, 1, 0),
(138, 89, 1, 1, 1, 1, 0),
(139, 92, 1, 1, 1, 1, 0),
(140, 95, 1, 1, 1, 1, 0),
(141, 98, 1, 1, 1, 1, 0),
(142, 101, 1, 1, 1, 1, 0),
(143, 104, 1, 1, 1, 1, 0),
(144, 107, 1, 1, 1, 1, 0),
(145, 110, 1, 1, 1, 1, 0),
(146, 113, 1, 1, 1, 1, 0),
(147, 116, 1, 1, 1, 1, 0),
(148, 119, 1, 1, 1, 1, 0),
(149, 122, 1, 1, 1, 1, 0),
(150, 125, 1, 1, 1, 1, 0),
(151, 128, 1, 1, 1, 1, 0),
(152, 131, 1, 1, 1, 1, 0),
(153, 134, 1, 1, 1, 1, 0),
(154, 137, 1, 1, 1, 1, 0),
(155, 140, 1, 1, 1, 1, 0),
(156, 143, 1, 1, 1, 1, 0),
(157, 146, 1, 1, 1, 1, 0),
(158, 149, 1, 1, 1, 1, 0),
(159, 152, 1, 1, 1, 1, 0),
(160, 182, 1, 1, 1, 1, 0),
(162, 188, 1, 1, 0, 1, 0),
(163, 191, 1, 1, 1, 1, 0),
(164, 192, 1, 1, 1, 1, 0),
(165, 193, 1, 1, 1, 1, 0),
(166, 194, 1, 1, 1, 1, 0),
(167, 193, 1, 1, 1, 1, 0),
(168, 194, 1, 1, 1, 1, 0),
(169, 195, 1, 1, 1, 1, 0),
(170, 196, 1, 1, 1, 1, 0);

-- --------------------------------------------------------

--
-- 資料表結構 `sn_comments`
--

CREATE TABLE `sn_comments` (
  `comment_id` int(11) NOT NULL,
  `user_id` int(11) DEFAULT NULL,
  `post_id` int(11) DEFAULT NULL,
  `content` text DEFAULT NULL,
  `comment_timestamp` timestamp NOT NULL DEFAULT current_timestamp() ON UPDATE current_timestamp()
) ENGINE=InnoDB DEFAULT CHARSET=utf8mb4 COLLATE=utf8mb4_general_ci;

--
-- 傾印資料表的資料 `sn_comments`
--

INSERT INTO `sn_comments` (`comment_id`, `user_id`, `post_id`, `content`, `comment_timestamp`) VALUES
(1, 101, 11, '城堡廢墟好有神秘感，你是怎麼發現的呢？', '2024-02-07 18:00:00'),
(2, 102, 12, '山中寺廟的景色一定很宏偉，分享一下你的探險心得吧！', '2024-02-08 21:00:00'),
(3, 103, 13, '古墓墳場的氛圍應該很特別，感受到歷史的重量了嗎？', '2024-02-10 00:00:00'),
(4, 104, 14, '沙漠考古是個挑戰，有發現什麼特別的古代器物嗎？', '2024-02-11 02:00:00'),
(5, 105, 15, '現代藝術展對你有什麼啟發呢？', '2024-02-11 19:00:00'),
(6, 106, 16, '喜歡你的油畫，有其他作品嗎？', '2024-02-12 21:00:00'),
(7, 107, 17, '奇幻小說世界中有哪個故事讓你印象深刻？', '2024-02-13 23:00:00'),
(8, 108, 18, '寫奇幻小說需要什麼靈感？', '2024-02-15 02:00:00'),
(9, 109, 19, '城市夜景的濾鏡效果真的很美，分享一下拍攝技巧吧！', '2024-02-15 18:00:00'),
(10, 110, 20, '日出景點在哪裡？一定很壯觀吧！', '2024-02-16 20:00:00'),
(11, 201, 21, '特色餐廳的招牌料理看起來好美味，推薦我們也去嚐嚐吧！', '2024-02-17 23:00:00'),
(12, 202, 22, '家裡做的外地美食一定很特別，有沒有特別的秘訣可以分享？', '2024-02-19 02:00:00'),
(13, 203, 23, '未來科技展中有什麼產品讓你印象深刻？', '2024-02-19 19:00:00'),
(14, 204, 24, '組裝最新的電腦是個不小的挑戰，有什麼心得可以分享？', '2024-02-20 21:00:00'),
(15, 205, 25, '山區的花海一定很美，有沒有拍攝到其他特別的花卉？', '2024-02-22 00:00:00'),
(16, 206, 26, '透過望遠鏡觀察星空是很浪漫的事情，有什麼星體吸引到你？', '2024-02-23 02:00:00'),
(17, 207, 27, '搖滾音樂祭上的表演一定很精彩，你最喜歡哪一隊樂隊？', '2024-02-23 18:00:00'),
(18, 208, 28, '自己創作的音樂有特別的風格嗎？', '2024-02-24 21:00:00'),
(19, 209, 29, '城市的高樓大廈間還有其他被遺忘的建築嗎？', '2024-02-26 00:00:00'),
(20, 210, 30, '考古尋寶活動中發現的古代寶藏一定很精彩，有什麼收穫？', '2024-02-27 02:00:00'),
(21, 301, 31, '當代藝術展的畫作讓我對當代藝術有了更深的理解，你有喜歡的作品嗎？', '2024-02-27 18:00:00'),
(22, 302, 32, '奇幻冒險小說中是否有讓你印象深刻的情節？', '2024-02-28 21:00:00'),
(23, 303, 33, '拍攝夜空星軌的技巧是什麼？有沒有特別的攝影設備？', '2024-03-01 00:00:00'),
(24, 304, 34, '城市各地的美食真的是無窮盡，有沒有特別推薦的小店？', '2024-03-02 02:00:00'),
(25, 305, 35, '虛擬實境技術的展示是否讓你感受到科技的未來發展方向？', '2024-03-02 19:00:00'),
(26, 306, 36, '湖邊觀察到翠鳥的瞬間一定很美，有沒有其他動物也出現呢？', '2024-03-03 22:00:00'),
(27, 307, 37, '在音樂節上和朋友high翻天，有沒有特別難忘的瞬間？', '2024-03-05 01:00:00'),
(33, 403, 14, '沙漠考古的過程中有沒有遇到挑戰？', '2024-02-11 01:45:00'),
(34, 404, 25, '花卉山坡的景色一定美不勝收，我也喜歡拍攝大自然的美。', '2024-02-21 23:30:00'),
(35, 405, 36, '湖邊觀察到翠鳥的瞬間一定很難得，有沒有其他有趣的觀察？', '2024-03-03 23:15:00'),
(36, 406, 31, '當代藝術展中哪一件作品讓你留下深刻印象？', '2024-02-27 18:45:00'),
(37, 407, 19, '城市夜景的濾鏡拍攝技巧有什麼秘訣？', '2024-02-15 17:25:00'),
(38, 408, 33, '拍攝夜空星軌的困難點在哪裡？', '2024-02-29 22:50:00'),
(40, 410, 21, '特色餐廳的招牌料理看起來很美味，想嚐嚐看！', '2024-02-17 23:20:00'),
(55, NULL, 15, '女友美~~~~', '2024-02-24 14:15:10'),
(56, NULL, 18, '', '2024-03-14 07:33:49'),
(61, 190, 622, '很有感觸!', '2024-04-30 03:46:57'),
(62, 190, 621, '感同身受!', '2024-04-30 03:49:14'),
(93, 92, 315, '這篇文章讓我思考了很多。', '2024-05-03 08:53:57'),
(94, 21, 712, '很喜歡你的觀點，謝謝分享。', '2024-05-03 08:53:57'),
(95, 135, 618, '這個主題很值得討論，期待更多內容。', '2024-05-03 08:53:57'),
(96, 47, 225, '這讓我感到驚訝，我從未想過這樣的觀點。', '2024-05-03 08:53:57'),
(97, 73, 534, '這篇文章的圖片真是太美了。', '2024-05-03 08:53:57'),
(98, 108, 722, '有趣的文章，我學到了新知識。', '2024-05-03 08:53:57'),
(99, 16, 416, '非常欣賞這篇文章，請繼續努力。', '2024-05-03 08:53:57'),
(100, 88, 118, '這個問題我也一直在思考。', '2024-05-03 08:53:57'),
(101, 39, 314, '很喜歡這篇文章的內容，請繼續分享。', '2024-05-03 08:53:57'),
(102, 101, 515, '我同意你的觀點，寫得很好。', '2024-05-03 08:53:57'),
(103, 58, 718, '我對這個主題很感興趣，期待更多相關內容。', '2024-05-03 08:53:57'),
(104, 124, 224, '感謝你提出這個問題，讓我思考了很多。', '2024-05-03 08:53:57'),
(105, 81, 411, '我認同你的看法，謝謝分享。', '2024-05-03 08:53:57'),
(106, 37, 614, '這個主題我也一直在關注。', '2024-05-03 08:53:57'),
(107, 142, 314, '很喜歡這篇文章的風格和內容。', '2024-05-03 08:53:57'),
(108, 50, 813, '請問這個主題有沒有更多的相關資料？', '2024-05-03 08:53:57'),
(109, 115, 416, '這篇文章讓我思考了很久。', '2024-05-03 08:53:57'),
(110, 63, 718, '有趣的見解，我很喜歡。', '2024-05-03 08:53:57'),
(111, 29, 622, '我對這個主題有自己的看法。', '2024-05-03 08:53:57'),
(112, 79, 124, '很棒的文章，我學到了很多。', '2024-05-03 08:53:57'),
(113, 5, 520, '這篇文章讓我思考了很多。', '2024-05-03 08:54:19'),
(114, 23, 112, '很喜歡你的觀點，謝謝分享。', '2024-05-03 08:54:19'),
(115, 87, 315, '這個主題很值得討論，期待更多內容。', '2024-05-03 08:54:19'),
(116, 41, 419, '這讓我感到驚訝，我從未想過這樣的觀點。', '2024-05-03 08:54:19'),
(117, 62, 215, '這篇文章的圖片真是太美了。', '2024-05-03 08:54:19'),
(118, 104, 618, '有趣的文章，我學到了新知識。', '2024-05-03 08:54:19'),
(119, 16, 212, '非常欣賞這篇文章，請繼續努力。', '2024-05-03 08:54:19'),
(120, 88, 312, '這個問題我也一直在思考。', '2024-05-03 08:54:19'),
(121, 39, 719, '很喜歡這篇文章的內容，請繼續分享。', '2024-05-03 08:54:19'),
(122, 103, 518, '我同意你的觀點，寫得很好。', '2024-05-03 08:54:19'),
(123, 78, 613, '我對這個主題很感興趣，期待更多相關內容。', '2024-05-03 08:54:19'),
(124, 124, 511, '感謝你提出這個問題，讓我思考了很多。', '2024-05-03 08:54:19'),
(125, 81, 418, '我認同你的看法，謝謝分享。', '2024-05-03 08:54:19'),
(126, 35, 521, '這個主題我也一直在關注。', '2024-05-03 08:54:19'),
(127, 142, 617, '很喜歡這篇文章的風格和內容。', '2024-05-03 08:54:19'),
(128, 50, 523, '請問這個主題有沒有更多的相關資料？', '2024-05-03 08:54:19'),
(129, 115, 722, '這篇文章讓我思考了很久。', '2024-05-03 08:54:19'),
(130, 63, 624, '有趣的見解，我很喜歡。', '2024-05-03 08:54:19'),
(131, 29, 713, '我對這個主題有自己的看法。', '2024-05-03 08:54:19'),
(132, 79, 124, '很棒的文章，我學到了很多。', '2024-05-03 08:54:19'),
(133, 8, 716, '這篇文章真的讓我深思。', '2024-05-03 08:55:19'),
(134, 42, 318, '很喜歡這個主題，請多多分享。', '2024-05-03 08:55:19'),
(135, 99, 620, '這個主題真的很有趣，期待更多內容。', '2024-05-03 08:55:19'),
(136, 56, 224, '這讓我覺得很意外，從未想過這樣的觀點。', '2024-05-03 08:55:19'),
(137, 71, 415, '這篇文章的圖片太美了，讚！', '2024-05-03 08:55:19'),
(138, 112, 219, '有趣的內容，我從中學到了新知識。', '2024-05-03 08:55:19'),
(139, 29, 513, '很喜歡這篇文章，期待你的下一篇。', '2024-05-03 08:55:19'),
(140, 85, 616, '這個問題我也一直在思考，謝謝分享。', '2024-05-03 08:55:19'),
(141, 17, 122, '很喜歡這篇文章的風格，請繼續保持。', '2024-05-03 08:55:19'),
(142, 104, 320, '我同意你的觀點，非常有見地。', '2024-05-03 08:55:19'),
(143, 62, 718, '這個主題非常吸引人，我很感興趣。', '2024-05-03 08:55:19'),
(144, 77, 517, '感謝你提出這個問題，讓我更加了解了這個議題。', '2024-05-03 08:55:19'),
(145, 39, 624, '我認同你的看法，寫得很好。', '2024-05-03 08:55:19'),
(146, 120, 823, '這個主題我也一直在關注，希望有更多的討論。', '2024-05-03 08:55:19'),
(147, 49, 212, '很喜歡這篇文章的內容，期待你的下一篇。', '2024-05-03 08:55:19'),
(148, 95, 214, '請問這個主題有沒有更多的相關資料？', '2024-05-03 08:55:19'),
(149, 28, 413, '這篇文章讓我反思了很多，謝謝分享。', '2024-05-03 08:55:19'),
(150, 82, 722, '有趣的見解，我很喜歡這個角度。', '2024-05-03 08:55:19'),
(151, 16, 819, '我對這個主題有自己的看法，希望能與您分享。', '2024-05-03 08:55:19'),
(152, 67, 621, '這是一篇很棒的文章，我很享受閱讀。', '2024-05-03 08:55:19'),
(184, 38, 112, '這篇文章給了我新的想法，謝謝分享。', '2024-05-03 08:56:17'),
(185, 74, 520, '很喜歡這個主題，期待更多的內容。', '2024-05-03 08:56:17'),
(186, 103, 722, '這個主題真的很有意思，希望能看到更多相關討論。', '2024-05-03 08:56:17'),
(187, 49, 218, '這讓我重新思考了一些問題，很有啟發性。', '2024-05-03 08:56:17'),
(188, 81, 317, '這篇文章的圖片太美了，我被吸引住了。', '2024-05-03 08:56:17'),
(189, 126, 516, '有趣的見解，我很享受閱讀這篇文章。', '2024-05-03 08:56:17'),
(190, 18, 717, '這篇文章讓我深思，希望有更多類似的內容。', '2024-05-03 08:56:17'),
(191, 93, 324, '這個問題是我一直在思考的，謝謝你提出來。', '2024-05-03 08:56:17'),
(192, 61, 225, '很喜歡這篇文章的風格，期待你的下一篇。', '2024-05-03 08:56:17'),
(193, 112, 421, '我認同你的觀點，寫得很好。', '2024-05-03 08:56:17'),
(194, 47, 523, '這個主題非常吸引人，我很感興趣。', '2024-05-03 08:56:17'),
(195, 89, 515, '感謝你分享這個問題，讓我想到了很多。', '2024-05-03 08:56:17'),
(196, 54, 820, '我認為這篇文章提出了一些很有趣的觀點。', '2024-05-03 08:56:17'),
(197, 28, 724, '這篇文章的內容很棒，我很享受閱讀。', '2024-05-03 08:56:17'),
(198, 76, 421, '請問這個主題有沒有更多的相關資料？', '2024-05-03 08:56:17'),
(199, 135, 327, '這篇文章讓我思考了很多，期待更多的內容。', '2024-05-03 08:56:17'),
(200, 64, 522, '有趣的見解，我很喜歡這個角度。', '2024-05-03 08:56:17'),
(201, 19, 714, '我對這個主題有自己的看法，希望能與您分享。', '2024-05-03 08:56:17'),
(202, 83, 617, '這是一篇很棒的文章，我很享受閱讀。', '2024-05-03 08:56:17'),
(203, 127, 826, '這篇文章給了我很多新的思考角度。', '2024-05-03 08:56:17'),
(204, 33, 623, '很喜歡這篇文章的內容，謝謝你的分享。', '2024-05-03 08:56:17'),
(205, 92, 319, '這個主題很值得討論，期待更多相關內容。', '2024-05-03 08:56:17'),
(206, 57, 815, '這篇文章的內容非常有趣，我很享受閱讀。', '2024-05-03 08:56:17'),
(207, 109, 522, '我對這個主題有自己的看法，希望能與您討論。', '2024-05-03 08:56:17'),
(208, 72, 726, '這篇文章讓我想到了很多，期待更多的內容。', '2024-05-03 08:56:17'),
(209, 24, 415, '我認同你的觀點，寫得很好。', '2024-05-03 08:56:17'),
(210, 69, 520, '這個主題非常吸引人，我很感興趣。', '2024-05-03 08:56:17'),
(211, 97, 623, '感謝你提出這個問題，讓我重新思考了很多問題。', '2024-05-03 08:56:17'),
(212, 45, 417, '這篇文章的內容很棒，我很享受閱讀。', '2024-05-03 08:56:17'),
(213, 118, 819, '我對這個主題有自己的看法，希望能與您分享。', '2024-05-03 08:56:17'),
(214, 78, 516, '這是一篇很棒的文章，我很享受閱讀。', '2024-05-03 08:56:17'),
(246, 35, 115, '這篇文章引發了我對這個主題更深的思考。', '2024-05-03 08:57:01'),
(247, 82, 314, '很喜歡這篇文章，期待你的下一篇。', '2024-05-03 08:57:01'),
(248, 123, 718, '這個主題真的很有趣，我希望能看到更多相關的內容。', '2024-05-03 08:57:01'),
(249, 57, 517, '這讓我重新思考了一些問題，很有啟發性。', '2024-05-03 08:57:01'),
(250, 91, 822, '這篇文章的圖片太美了，我被吸引住了。', '2024-05-03 08:57:01'),
(251, 104, 621, '有趣的見解，我很享受閱讀這篇文章。', '2024-05-03 08:57:01'),
(252, 29, 816, '這篇文章讓我深思，希望有更多類似的內容。', '2024-05-03 08:57:01'),
(253, 85, 423, '這個問題是我一直在思考的，謝謝你提出來。', '2024-05-03 08:57:01'),
(254, 51, 211, '很喜歡這篇文章的風格，期待你的下一篇。', '2024-05-03 08:57:01'),
(255, 112, 620, '我認同你的觀點，寫得很好。', '2024-05-03 08:57:01'),
(256, 67, 421, '這個主題非常吸引人，我很感興趣。', '2024-05-03 08:57:01'),
(257, 89, 316, '感謝你分享這個問題，讓我想到了很多。', '2024-05-03 08:57:01'),
(258, 54, 716, '我認為這篇文章提出了一些很有趣的觀點。', '2024-05-03 08:57:01'),
(259, 28, 724, '這篇文章的內容很棒，我很享受閱讀。', '2024-05-03 08:57:01'),
(260, 76, 324, '請問這個主題有沒有更多的相關資料？', '2024-05-03 08:57:01'),
(261, 135, 527, '這篇文章讓我思考了很多，期待更多的內容。', '2024-05-03 08:57:01'),
(262, 64, 521, '有趣的見解，我很喜歡這個角度。', '2024-05-03 08:57:01'),
(263, 19, 718, '我對這個主題有自己的看法，希望能與您分享。', '2024-05-03 08:57:01'),
(264, 83, 613, '這是一篇很棒的文章，我很享受閱讀。', '2024-05-03 08:57:01'),
(265, 127, 821, '這篇文章給了我很多新的思考角度。', '2024-05-03 08:57:01'),
(266, 33, 721, '很喜歡這篇文章的內容，謝謝你的分享。', '2024-05-03 08:57:01'),
(267, 92, 318, '這個主題很值得討論，期待更多相關內容。', '2024-05-03 08:57:01'),
(268, 57, 822, '這篇文章的內容非常有趣，我很享受閱讀。', '2024-05-03 08:57:01'),
(269, 109, 528, '我對這個主題有自己的看法，希望能與您討論。', '2024-05-03 08:57:01'),
(270, 72, 713, '這篇文章讓我想到了很多，期待更多的內容。', '2024-05-03 08:57:01'),
(271, 24, 412, '我認同你的觀點，寫得很好。', '2024-05-03 08:57:01'),
(272, 69, 524, '這個主題非常吸引人，我很感興趣。', '2024-05-03 08:57:01'),
(273, 97, 624, '感謝你提出這個問題，讓我重新思考了很多問題。', '2024-05-03 08:57:01'),
(274, 45, 416, '這篇文章的內容很棒，我很享受閱讀。', '2024-05-03 08:57:01'),
(275, 118, 818, '我對這個主題有自己的看法，希望能與您分享。', '2024-05-03 08:57:01'),
(276, 78, 518, '這是一篇很棒的文章，我很享受閱讀。', '2024-05-03 08:57:01'),
(277, 15, 412, '這篇文章引發了我對這個主題更深的思考。', '2024-05-03 08:59:05'),
(278, 68, 623, '很喜歡這篇文章，期待你的下一篇。', '2024-05-03 08:59:05'),
(279, 121, 716, '這個主題真的很有趣，我希望能看到更多相關的內容。', '2024-05-03 08:59:05'),
(280, 59, 528, '這讓我重新思考了一些問題，很有啟發性。', '2024-05-03 08:59:05'),
(281, 88, 324, '這篇文章的圖片太美了，我被吸引住了。', '2024-05-03 08:59:05'),
(282, 102, 721, '有趣的見解，我很享受閱讀這篇文章。', '2024-05-03 08:59:05'),
(283, 37, 821, '這篇文章讓我深思，希望有更多類似的內容。', '2024-05-03 08:59:05'),
(284, 74, 425, '這個問題是我一直在思考的，謝謝你提出來。', '2024-05-03 08:59:05'),
(285, 48, 215, '很喜歡這篇文章的風格，期待你的下一篇。', '2024-05-03 08:59:05'),
(286, 116, 622, '我認同你的觀點，寫得很好。', '2024-05-03 08:59:05'),
(287, 71, 715, '這個主題非常吸引人，我很感興趣。', '2024-05-03 08:59:05'),
(288, 95, 318, '感謝你分享這個問題，讓我想到了很多。', '2024-05-03 08:59:05'),
(289, 52, 729, '我認為這篇文章提出了一些很有趣的觀點。', '2024-05-03 08:59:05'),
(290, 29, 723, '這篇文章的內容很棒，我很享受閱讀。', '2024-05-03 08:59:05'),
(291, 79, 329, '請問這個主題有沒有更多的相關資料？', '2024-05-03 08:59:05'),
(292, 139, 528, '這篇文章讓我思考了很多，期待更多的內容。', '2024-05-03 08:59:05'),
(293, 67, 521, '有趣的見解，我很喜歡這個角度。', '2024-05-03 08:59:05'),
(294, 28, 713, '我對這個主題有自己的看法，希望能與您分享。', '2024-05-03 08:59:05'),
(295, 85, 613, '這是一篇很棒的文章，我很享受閱讀。', '2024-05-03 08:59:05'),
(296, 129, 825, '這篇文章給了我很多新的思考角度。', '2024-05-03 08:59:05'),
(297, 42, 728, '很喜歡這篇文章的內容，謝謝你的分享。', '2024-05-03 08:59:05'),
(298, 98, 319, '這個主題很值得討論，期待更多相關內容。', '2024-05-03 08:59:05'),
(299, 56, 825, '這篇文章的內容非常有趣，我很享受閱讀。', '2024-05-03 08:59:05'),
(300, 112, 525, '我對這個主題有自己的看法，希望能與您討論。', '2024-05-03 08:59:05'),
(301, 72, 722, '這篇文章讓我想到了很多，期待更多的內容。', '2024-05-03 08:59:05'),
(302, 24, 419, '我認同你的觀點，寫得很好。', '2024-05-03 08:59:05'),
(303, 69, 521, '這個主題非常吸引人，我很感興趣。', '2024-05-03 08:59:05'),
(304, 107, 621, '感謝你提出這個問題，讓我重新思考了很多問題。', '2024-05-03 08:59:05'),
(305, 45, 418, '這篇文章的內容很棒，我很享受閱讀。', '2024-05-03 08:59:05'),
(306, 118, 812, '我對這個主題有自己的看法，希望能與您分享。', '2024-05-03 08:59:05'),
(307, 78, 517, '這是一篇很棒的文章，我很享受閱讀。', '2024-05-03 08:59:05'),
(308, 19, 418, '這篇文章引發了我對這個主題更深的思考。', '2024-05-03 08:59:05'),
(309, 68, 623, '很喜歡這篇文章，期待你的下一篇。', '2024-05-03 08:59:05'),
(310, 121, 721, '這個主題真的很有趣，我希望能看到更多相關的內容。', '2024-05-03 08:59:05'),
(311, 59, 521, '這讓我重新思考了一些問題，很有啟發性。', '2024-05-03 08:59:05'),
(312, 88, 324, '這篇文章的圖片太美了，我被吸引住了。', '2024-05-03 08:59:05'),
(313, 102, 722, '有趣的見解，我很享受閱讀這篇文章。', '2024-05-03 08:59:05'),
(314, 37, 821, '這篇文章讓我深思，希望有更多類似的內容。', '2024-05-03 08:59:05'),
(315, 74, 426, '這個問題是我一直在思考的，謝謝你提出來。', '2024-05-03 08:59:05'),
(316, 48, 215, '很喜歡這篇文章的風格，期待你的下一篇。', '2024-05-03 08:59:05'),
(317, 116, 622, '我認同你的觀點，寫得很好。', '2024-05-03 08:59:05'),
(318, 71, 716, '這個主題非常吸引人，我很感興趣。', '2024-05-03 08:59:05'),
(319, 95, 318, '感謝你分享這個問題，讓我想到了很多。', '2024-05-03 08:59:05'),
(320, 52, 725, '我認為這篇文章提出了一些很有趣的觀點。', '2024-05-03 08:59:05'),
(321, 29, 723, '這篇文章的內容很棒，我很享受閱讀。', '2024-05-03 08:59:05'),
(322, 79, 329, '請問這個主題有沒有更多的相關資料？', '2024-05-03 08:59:05'),
(323, 139, 521, '這篇文章讓我思考了很多，期待更多的內容。', '2024-05-03 08:59:05'),
(324, 67, 521, '有趣的見解，我很喜歡這個角度。', '2024-05-03 08:59:05'),
(325, 28, 713, '我對這個主題有自己的看法，希望能與您分享。', '2024-05-03 08:59:05'),
(326, 85, 613, '這是一篇很棒的文章，我很享受閱讀。', '2024-05-03 08:59:05'),
(327, 129, 822, '這篇文章給了我很多新的思考角度。', '2024-05-03 08:59:05'),
(328, 42, 728, '很喜歡這篇文章的內容，謝謝你的分享。', '2024-05-03 08:59:05'),
(329, 98, 319, '這個主題很值得討論，期待更多相關內容。', '2024-05-03 08:59:05'),
(330, 56, 821, '這篇文章的內容非常有趣，我很享受閱讀。', '2024-05-03 08:59:05'),
(331, 112, 525, '我對這個主題有自己的看法，希望能與您討論。', '2024-05-03 08:59:05'),
(332, 72, 722, '這篇文章讓我想到了很多，期待更多的內容。', '2024-05-03 08:59:05'),
(333, 24, 419, '我認同你的觀點，寫得很好。', '2024-05-03 08:59:05'),
(334, 69, 522, '這個主題非常吸引人，我很感興趣。', '2024-05-03 08:59:05'),
(335, 107, 621, '感謝你提出這個問題，讓我重新思考了很多問題。', '2024-05-03 08:59:05'),
(336, 45, 418, '這篇文章的內容很棒，我很享受閱讀。', '2024-05-03 08:59:05'),
(337, 118, 815, '我對這個主題有自己的看法，希望能與您分享。', '2024-05-03 08:59:05'),
(338, 78, 517, '這是一篇很棒的文章，我很享受閱讀。', '2024-05-03 08:59:05'),
(342, 190, 824, 'nice post', '2024-05-06 05:47:05'),
(343, 190, 826, '廢墟中的自然美景令人驚嘆。在這些荒廢的地方，植物和動物找到了生存的空間，生命在废墟中延續。我觀察到了廢墟中的自然美景令人驚嘆。在這些荒廢的地方，植物和動物找到了生存的空間，生命在废墟中延續。我觀察到了', '2024-05-06 06:00:47'),
(344, 190, 826, '廢墟中的自然美景令人驚嘆。在這些荒廢的地方，植物和動物找到了生存的空間，生命在废墟中延續。我觀察到了廢墟中的自然美景令人驚嘆。在這些荒廢的地方，植物和動物找到了生存的空間，生命在废墟中延續。我觀察到了', '2024-05-06 06:04:27'),
(345, 190, 827, '廢墟中的自然美景令人驚嘆。在這些荒廢的地方，植物和動物找到了生存的空間，生命在废墟中延續。我觀察到了廢墟中的自然美景令人驚嘆。在這些荒廢的地方，植物和動物找到了生存的空間，生命在废墟中延續。我觀察到了', '2024-05-06 06:12:01'),
(346, 190, 827, 'nice post', '2024-05-06 06:15:01'),
(347, 157, 827, 'Where was this taken?', '2024-05-06 06:27:34'),
(348, 193, 827, 'goooooooooood', '2024-05-06 06:38:31');

-- --------------------------------------------------------

--
-- 資料表結構 `sn_comments_reply`
--

CREATE TABLE `sn_comments_reply` (
  `cr_id` int(11) NOT NULL,
  `user_id` int(11) DEFAULT NULL,
  `post_id` int(11) DEFAULT NULL,
  `content` text DEFAULT NULL,
  `parent_id` int(11) DEFAULT NULL,
  `comment_timestamp` timestamp NOT NULL DEFAULT current_timestamp() ON UPDATE current_timestamp()
) ENGINE=InnoDB DEFAULT CHARSET=utf8mb4 COLLATE=utf8mb4_general_ci;

--
-- 傾印資料表的資料 `sn_comments_reply`
--

INSERT INTO `sn_comments_reply` (`cr_id`, `user_id`, `post_id`, `content`, `parent_id`, `comment_timestamp`) VALUES
(1, 201, 11, '是的，我當時在城堡附近探險，發現了這個荒廢的城堡。', 1, '2024-02-07 18:30:00'),
(2, 202, 12, '山中寺廟的建築非常宏偉，感覺彷彿回到古代。', 2, '2024-02-08 21:30:00'),
(3, 203, 13, '古墓墳場的氛圍確實讓人感受到歷史的良好。', 3, '2024-02-10 00:30:00'),
(4, 204, 14, '挖掘出的古代器物非常有收穫，都是些有價值的文物。', 4, '2024-02-11 02:30:00'),
(5, 205, 15, '現代藝術展讓我對藝術有了更深刻的理解，多了一種觀察方式。', 5, '2024-02-11 19:30:00'),
(6, 206, 16, '謝謝！還有其他風格的油畫，歡迎查看我的個人作品集。', 6, '2024-02-12 21:30:00'),
(7, 207, 17, '奇幻小說世界中《魔法之門》的故事令我深感震撼。', 7, '2024-02-13 23:30:00'),
(8, 208, 18, '靈感來自於夢境、神話，寫作時常常身歷其境。', 8, '2024-02-15 02:30:00'),
(9, 209, 19, '使用了一些特殊的濾鏡，增強了夜景的神秘感。', 9, '2024-02-15 18:30:00'),
(10, 210, 20, '日出景點在山巔，雖然需要爬山，但風景絕對值得。', 10, '2024-02-16 20:30:00'),
(21, 301, 21, '這家特色餐廳的招牌料理真的是我最愛，非常推薦你去品嚐一下！', 11, '2024-02-17 23:30:00'),
(22, 302, 22, '其實是參考了一些外地食譜，然後根據自己口味做了一些改良。', 12, '2024-02-19 02:30:00'),
(23, 303, 23, '未來科技展中最讓我驚艷的是一個虛擬實境產品，仿佛身歷其境。', 13, '2024-02-19 19:30:00'),
(24, 304, 24, '組裝電腦時需要注意散熱問題，選擇合適的零件也是關鍵。', 14, '2024-02-20 21:30:00'),
(25, 305, 25, '除了花海，我還拍攝到了一些特別的山區野花，非常漂亮。', 15, '2024-02-22 00:30:00'),
(26, 306, 26, '星空中有一顆閃爍的星星讓我特別感動，仿佛在點燃希望。', 16, '2024-02-23 02:30:00'),
(27, 307, 27, '最喜歡的樂隊是「狂熱搖滾」，現場表演真的讓人high翻天。', 17, '2024-02-23 18:30:00'),
(28, 308, 28, '我的音樂風格偏向搖滾和流行的結合，希望大家能夠喜歡。', 18, '2024-02-24 21:30:00'),
(29, 309, 29, '城市中還有一些老舊的建築，但是多數已經遺忘在高樓的陰影中。', 19, '2024-02-26 00:30:00'),
(30, 310, 30, '考古尋寶活動中發現了一批古代寶藏，包括文物和珍貴的首飾。', 20, '2024-02-27 02:30:00'),
(31, 401, 31, '是的，有一幅抽象畫作《夢境之門》深深吸引了我，彷彿置身於另一個世界。', 21, '2024-02-27 18:30:00'),
(32, 402, 32, '《奇幻冒險》中的主角勇敢面對各種挑戰，讓我印象深刻。', 22, '2024-02-28 21:30:00'),
(33, 403, 33, '拍攝夜空星軌需要較長時間的曝光和固定的相機，還有耐心等待美好時刻。', 23, '2024-03-01 00:30:00'),
(34, 404, 34, '有一家隱藏版的美食小店在市區角落，風格獨特，非常推薦！', 24, '2024-03-02 02:30:00'),
(35, 405, 35, '是的，虛擬實境技術的進步讓我們看到了科技未來的無限可能性。', 25, '2024-03-02 19:30:00'),
(36, 406, 36, '湖邊還有一些其他野生動物，例如小鳥和松鼠。', 26, '2024-03-03 22:30:00'),
(37, 407, 37, '音樂節上和朋友一起跳舞、歡笑的瞬間是我難以忘懷的回憶。', 27, '2024-03-05 01:30:00'),
(43, 503, 14, '沙漠中的考古活動中，我們遇到了沙漠風暴的挑戰，但也發現了寶藏。', 33, '2024-02-11 02:00:00'),
(44, 504, 25, '除了花海，還有一些特殊品種的花卉，色彩繽紛。', 34, '2024-02-22 00:00:00'),
(45, 505, 36, '湖邊的生態真的豐富，還看到了一隻獨特的水鳥。', 35, '2024-03-03 23:45:00'),
(46, 506, 31, '《夢境之門》的抽象表現引起了我對夢境的思考。', 36, '2024-02-27 19:00:00'),
(47, 507, 19, '夜景攝影時選擇合適的濾鏡和光線角度是關鍵。', 37, '2024-02-15 17:45:00'),
(48, 508, 33, '拍攝夜空星軌需要在低光害的地區，避免光污染。', 38, '2024-02-29 23:00:00'),
(50, 510, 21, '特色餐廳的招牌料理真的很好吃，你一定會喜歡的！', 40, '2024-02-17 23:45:00'),
(51, 10, 36, 'test', 26, '2024-01-30 03:23:33');

-- --------------------------------------------------------

--
-- 資料表結構 `sn_comment_likes`
--

CREATE TABLE `sn_comment_likes` (
  `like_id` int(11) NOT NULL,
  `user_id` int(11) DEFAULT NULL,
  `comment_id` int(11) DEFAULT NULL
) ENGINE=InnoDB DEFAULT CHARSET=utf8mb4 COLLATE=utf8mb4_general_ci;

-- --------------------------------------------------------

--
-- 資料表結構 `sn_comment_reply_likes`
--

CREATE TABLE `sn_comment_reply_likes` (
  `like_id` int(11) NOT NULL,
  `user_id` int(11) DEFAULT NULL,
  `reply_id` int(11) DEFAULT NULL
) ENGINE=InnoDB DEFAULT CHARSET=utf8mb4 COLLATE=utf8mb4_general_ci;

-- --------------------------------------------------------

--
-- 資料表結構 `sn_followed_boards`
--

CREATE TABLE `sn_followed_boards` (
  `follow_id` int(11) NOT NULL,
  `user_id` int(11) DEFAULT NULL,
  `board_id` int(11) DEFAULT NULL,
  `border_name` varchar(255) DEFAULT NULL,
  `followed_timestamp` timestamp NOT NULL DEFAULT current_timestamp() ON UPDATE current_timestamp()
) ENGINE=InnoDB DEFAULT CHARSET=utf8mb4 COLLATE=utf8mb4_general_ci;

--
-- 傾印資料表的資料 `sn_followed_boards`
--

INSERT INTO `sn_followed_boards` (`follow_id`, `user_id`, `board_id`, `border_name`, `followed_timestamp`) VALUES
(2, 2, 1, '美食', '2024-01-23 13:15:45'),
(3, 3, 2, '旅遊', '2024-01-23 13:20:18'),
(4, 4, 1, '攝影', '2024-01-23 13:30:02'),
(5, 2, 2, '時尚', '2024-01-23 13:35:49'),
(6, 5, 3, '運動', '2024-01-23 13:40:12'),
(7, 3, 3, '藝術', '2024-01-23 13:45:30'),
(8, 4, 2, '科技', '2024-01-23 13:50:11'),
(9, 5, 1, '音樂', '2024-01-23 13:55:27'),
(10, 2, 3, '健康', '2024-01-23 14:00:14'),
(11, 3, 1, '閱讀', '2024-01-23 14:05:40'),
(12, 4, 3, '汽車', '2024-01-23 14:10:22'),
(13, 5, 2, '影視', '2024-01-23 14:15:08'),
(14, 2, 1, '手作', '2024-01-23 14:20:17'),
(15, 3, 2, '生活', '2024-01-23 14:25:45'),
(16, 4, 1, '寵物', '2024-01-23 14:30:29'),
(17, 5, 3, '設計', '2024-01-23 14:35:12'),
(18, 2, 2, '旅遊', '2024-01-23 14:40:20'),
(19, 3, 1, '美食', '2024-01-23 14:45:37'),
(20, 4, 3, '攝影', '2024-01-23 14:50:09'),
(21, 5, 2, '時尚', '2024-01-23 14:55:18'),
(22, 2, 1, '運動', '2024-01-23 15:00:45'),
(23, 3, 2, '藝術', '2024-01-23 15:05:30'),
(24, 4, 1, '科技', '2024-01-23 15:10:15'),
(25, 5, 3, '音樂', '2024-01-23 15:15:22'),
(26, 2, 2, '健康', '2024-01-23 15:20:35'),
(27, 3, 1, '閱讀', '2024-01-23 15:25:40'),
(28, 4, 3, '汽車', '2024-01-23 15:30:50'),
(29, 5, 2, '影視', '2024-01-23 15:35:12'),
(30, 2, 1, '手作', '2024-01-23 15:40:25'),
(31, 3, 3, '美食', '2024-01-24 10:30:18'),
(32, 4, 4, '手作', '2024-01-24 10:45:02'),
(33, 5, 5, '影片分享', '2024-01-24 11:00:49'),
(34, 2, 6, '攝影', '2024-01-24 11:15:12'),
(35, 3, 7, '健身', '2024-01-24 11:30:30'),
(36, 4, 8, '時尚', '2024-01-24 11:45:11'),
(37, 5, 9, '心理學', '2024-01-24 12:00:27'),
(38, 2, 10, '美妝', '2024-01-24 12:15:14'),
(39, 3, 11, '音樂', '2024-01-24 12:30:40'),
(40, 4, 12, '娛樂新聞', '2024-01-24 12:45:22'),
(41, 5, 13, '寵物', '2024-01-24 13:00:08'),
(42, 2, 14, '旅遊攝影', '2024-01-24 13:15:17'),
(43, 3, 15, '旅遊規劃', '2024-01-24 13:30:45'),
(44, 4, 16, '手作藝術', '2024-01-24 13:50:29'),
(45, 5, 17, '心靈成長', '2024-01-24 14:15:12'),
(46, 2, 18, '遊戲', '2024-01-24 14:40:20'),
(47, 3, 19, '家庭生活', '2024-01-24 15:05:37'),
(48, 2, 2, '旅遊', '2024-01-24 10:15:30');

-- --------------------------------------------------------

--
-- 資料表結構 `sn_friends`
--

CREATE TABLE `sn_friends` (
  `friendship_id` int(11) NOT NULL,
  `user_id` int(11) DEFAULT NULL,
  `friend_id` int(11) DEFAULT NULL,
  `status` varchar(255) DEFAULT 'unfollow',
  `friend_timestamp` timestamp NOT NULL DEFAULT current_timestamp()
) ENGINE=InnoDB DEFAULT CHARSET=utf8mb4 COLLATE=utf8mb4_general_ci;

--
-- 傾印資料表的資料 `sn_friends`
--

INSERT INTO `sn_friends` (`friendship_id`, `user_id`, `friend_id`, `status`, `friend_timestamp`) VALUES
(1, 193, 191, 'follow', '2024-05-06 04:03:35'),
(5, 193, 190, 'follow', '2024-05-06 06:39:11'),
(6, 194, 190, 'follow', '2024-05-06 06:40:18'),
(7, 194, 192, 'follow', '2024-05-06 07:42:31'),
(9, 194, 191, 'follow', '2024-05-06 07:42:49'),
(10, 194, 144, 'follow', '2024-05-06 07:43:13'),
(11, 194, 140, 'follow', '2024-05-06 07:43:16'),
(12, 193, 194, 'follow', '2024-05-06 07:44:52'),
(13, 193, 189, 'follow', '2024-05-06 07:45:21'),
(15, 195, 193, 'follow', '2024-05-06 07:46:20'),
(16, 195, 191, 'follow', '2024-05-06 07:46:26'),
(17, 195, 192, 'follow', '2024-05-06 07:46:28'),
(24, 195, 194, 'follow', '2024-05-07 08:39:49'),
(30, 194, 195, 'follow', '2024-05-07 10:38:48'),
(46, 194, 196, 'follow', '2024-05-09 15:45:14');

-- --------------------------------------------------------

--
-- 資料表結構 `sn_messages`
--

CREATE TABLE `sn_messages` (
  `message_id` int(11) NOT NULL,
  `user_id` int(11) DEFAULT NULL,
  `receiver_id` int(11) DEFAULT NULL,
  `message_content` text DEFAULT NULL,
  `messages_timestamp` timestamp NOT NULL DEFAULT current_timestamp() ON UPDATE current_timestamp(),
  `read_status` varchar(255) DEFAULT NULL
) ENGINE=InnoDB DEFAULT CHARSET=utf8mb4 COLLATE=utf8mb4_general_ci;

--
-- 傾印資料表的資料 `sn_messages`
--

INSERT INTO `sn_messages` (`message_id`, `user_id`, `receiver_id`, `message_content`, `messages_timestamp`, `read_status`) VALUES
(2, 2, 1, '你好嗎？', '2024-01-23 04:15:45', '未讀'),
(3, 3, 2, '最近過得如何？', '2024-01-23 04:20:18', '未讀'),
(4, 4, 1, '有什麼新鮮事嗎？', '2024-01-23 04:30:02', '已讀'),
(5, 2, 2, '記得晚上一起吃飯喔！', '2024-01-23 04:35:49', '未讀'),
(6, 5, 3, '來聊天吧！', '2024-01-23 04:40:12', '已讀'),
(7, 3, 3, '今天有發生什麼有趣的事情嗎？', '2024-01-23 04:45:30', '未讀'),
(8, 4, 2, '下次一起出去玩吧！', '2024-01-23 04:50:11', '未讀'),
(9, 5, 1, '最近忙嗎？', '2024-01-23 04:55:27', '已讀'),
(10, 2, 3, '有空一起喝咖啡吧！', '2024-01-23 05:00:14', '未讀'),
(11, 3, 1, '新的一天要加油！', '2024-01-23 05:05:40', '未讀'),
(12, 4, 3, '下週會有新活動，一起參加吧！', '2024-01-23 05:10:22', '已讀'),
(13, 5, 2, '你看過最近的電影嗎？', '2024-01-23 05:15:08', '未讀'),
(14, 2, 1, '晚上一起打遊戲！', '2024-01-23 05:20:17', '已讀'),
(15, 3, 2, '這個周末有什麼計畫嗎？', '2024-01-23 05:25:45', '未讀'),
(16, 4, 1, '喜歡的音樂有什麼推薦嗎？', '2024-01-23 05:30:29', '未讀'),
(17, 5, 3, '最近在看的書是什麼？', '2024-01-23 05:35:12', '已讀'),
(18, 2, 2, '新發現的好吃的餐廳，要一起去試試看！', '2024-01-23 05:40:20', '未讀'),
(19, 3, 1, '心情不好嗎？聊聊吧！', '2024-01-23 05:45:37', '已讀'),
(20, 4, 3, '最近有什麼困擾的事情嗎？', '2024-01-23 05:50:09', '未讀'),
(21, 5, 2, '下次去哪裡旅遊比較好呢？', '2024-01-23 05:55:18', '未讀'),
(22, 2, 1, '你對新的工作感覺如何？', '2024-01-23 06:00:45', '已讀'),
(23, 3, 2, '忙碌的生活有點疲憊，要注意休息喔！', '2024-01-23 06:05:30', '未讀'),
(24, 4, 1, '最近學到什麼新技能了嗎？', '2024-01-23 06:10:15', '已讀'),
(25, 5, 3, '新年計畫有哪些？', '2024-01-23 06:15:22', '未讀'),
(26, 2, 2, '最近的天氣真是讓人愉快！', '2024-01-23 06:20:35', '已讀'),
(27, 3, 1, '下次一起參加健身課程吧！', '2024-01-23 06:25:40', '未讀'),
(28, 4, 3, '喜歡的食物是什麼？', '2024-01-23 06:30:50', '未讀'),
(29, 5, 2, '近期有什麼好笑的事情分享一下！', '2024-01-23 06:35:12', '已讀'),
(30, 2, 1, '有空一起去逛逛街嗎？', '2024-01-23 06:40:25', '未讀'),
(31, 3, 3, '有空一起出來聚聚吧！', '2024-01-24 10:30:18', '未讀'),
(32, 4, 4, '最近工作順利嗎？', '2024-01-24 10:45:02', '已讀'),
(33, 5, 5, '約個時間一起吃飯吧！', '2024-01-24 11:00:49', '未讀'),
(34, 2, 6, '下次一起去拍照吧！', '2024-01-24 11:15:12', '已讀'),
(35, 3, 7, '這個周末有空嗎？', '2024-01-24 11:30:30', '未讀'),
(36, 4, 8, '新影片上線，快來看看！', '2024-01-24 11:45:11', '已讀'),
(37, 5, 9, '最近讀了一本好書，分享給你！', '2024-01-24 12:00:27', '未讀'),
(38, 2, 10, '最近天氣不錯，要不要一起出遊？', '2024-01-24 12:15:14', '已讀'),
(39, 3, 11, '新發現的音樂真的很好聽，推薦給你！', '2024-01-24 12:30:40', '未讀'),
(40, 4, 12, '快樂分享，歡迎一起參與！', '2024-01-24 12:45:22', '已讀'),
(41, 5, 13, '最近寵物有什麼新玩具嗎？', '2024-01-24 13:00:08', '未讀'),
(42, 2, 14, '旅遊攝影心得分享，歡迎詢問！', '2024-01-24 13:15:17', '已讀'),
(43, 3, 15, '下次旅遊計劃，一起來參加吧！', '2024-01-24 13:30:45', '未讀'),
(44, 4, 16, '手作藝術製作教學，一起動手做吧！', '2024-01-24 13:50:29', '已讀'),
(45, 5, 17, '心靈成長心得，歡迎討論！', '2024-01-24 14:15:12', '未讀'),
(46, 2, 18, '遊戲攻略分享，一同挑戰高難度！', '2024-01-24 14:40:20', '已讀'),
(47, 3, 19, '家庭生活點滴，歡迎互相交流！', '2024-01-24 15:05:37', '未讀'),
(48, 2, 2, '你好，最近過得如何？', '2024-01-24 10:15:30', '已讀');

-- --------------------------------------------------------

--
-- 資料表結構 `sn_notifications`
--

CREATE TABLE `sn_notifications` (
  `notification_id` int(11) NOT NULL,
  `user_id` int(11) DEFAULT NULL,
  `sender_id` int(11) DEFAULT NULL,
  `notification_type` varchar(255) DEFAULT NULL,
  `notifications_timestamp` timestamp NOT NULL DEFAULT current_timestamp() ON UPDATE current_timestamp()
) ENGINE=InnoDB DEFAULT CHARSET=utf8mb4 COLLATE=utf8mb4_general_ci;

--
-- 傾印資料表的資料 `sn_notifications`
--

INSERT INTO `sn_notifications` (`notification_id`, `user_id`, `sender_id`, `notification_type`, `notifications_timestamp`) VALUES
(2, 2, 1, '你的好友喜歡了你的貼文', '2024-01-23 08:15:45'),
(3, 3, 2, '你收到一則私訊', '2024-01-23 08:20:18'),
(4, 4, 1, '有新的追蹤者', '2024-01-23 08:30:02'),
(5, 2, 2, '你的貼文被評為熱門', '2024-01-23 08:35:49'),
(6, 5, 3, '你的好友發布了新的貼文', '2024-01-23 08:40:12'),
(7, 3, 3, '有人回覆了你的評論', '2024-01-23 08:45:30'),
(8, 4, 2, '你的好友邀請你參加活動', '2024-01-23 08:50:11'),
(9, 5, 1, '你有新的粉絲', '2024-01-23 08:55:27'),
(10, 2, 3, '你的好友按讚了你的留言', '2024-01-23 09:00:14'),
(11, 3, 1, '你的好友標記了你', '2024-01-23 09:05:40'),
(12, 4, 3, '你的貼文被分享', '2024-01-23 09:10:22'),
(13, 5, 2, '你的好友邀請你加入群組', '2024-01-23 09:15:08'),
(14, 2, 1, '你有新的通知', '2024-01-23 09:20:17'),
(15, 3, 2, '你的好友發布了新的影片', '2024-01-23 09:25:45'),
(16, 4, 1, '你的留言收到回覆', '2024-01-23 09:30:29'),
(17, 5, 3, '你的好友讚賞了你的留言', '2024-01-23 09:35:12'),
(18, 2, 2, '你的好友邀請你參加線上活動', '2024-01-23 09:40:20'),
(19, 3, 1, '你的貼文被加入收藏', '2024-01-23 09:45:37'),
(20, 4, 3, '你的好友發布了新的故事', '2024-01-23 09:50:09'),
(21, 5, 2, '你的好友回應了你的問題', '2024-01-23 09:55:18'),
(22, 2, 1, '你的好友邀請你一起遊玩遊戲', '2024-01-23 10:00:45'),
(23, 3, 2, '你的好友發送了禮物給你', '2024-01-23 10:05:30'),
(24, 4, 1, '你的貼文被推薦', '2024-01-23 10:10:15'),
(25, 5, 3, '你的好友邀請你一起觀看直播', '2024-01-23 10:15:22'),
(26, 2, 2, '你的好友發布了新的文章', '2024-01-23 10:20:35'),
(27, 3, 1, '你的好友對你的貼文留言', '2024-01-23 10:25:40'),
(28, 4, 3, '你的好友邀請你參加聚會', '2024-01-23 10:30:50'),
(29, 5, 2, '你的好友發布了新的資訊', '2024-01-23 10:35:12'),
(30, 2, 1, '你的好友發來新訊息', '2024-01-23 10:40:25'),
(31, 3, 3, '你有一則新的私訊', '2024-01-24 10:30:18'),
(32, 4, 4, '有人回覆了你的評論', '2024-01-24 10:45:02'),
(33, 5, 5, '你的貼文被點讚了', '2024-01-24 11:00:49'),
(34, 2, 6, '你的好友邀請你加入一個板塊', '2024-01-24 11:15:12'),
(35, 3, 7, '你的貼文被收藏了', '2024-01-24 11:30:30'),
(36, 4, 8, '你的好友更新了他的貼文', '2024-01-24 11:45:11'),
(37, 5, 9, '你有一則新的通知', '2024-01-24 12:00:27'),
(38, 2, 10, '有人追蹤了你的貼文', '2024-01-24 12:15:14'),
(39, 3, 11, '你的評論被點讚了', '2024-01-24 12:30:40'),
(40, 4, 12, '你的好友邀請你參加活動', '2024-01-24 12:45:22'),
(41, 5, 13, '你的私人訊息已被閱讀', '2024-01-24 13:00:08'),
(42, 2, 14, '有人在你的貼文中提到了你', '2024-01-24 13:15:17'),
(43, 3, 15, '你的好友發佈了新的影片', '2024-01-24 13:30:45'),
(44, 4, 16, '有人邀請你參加聚會', '2024-01-24 13:50:29'),
(45, 5, 17, '你的好友更新了他的相冊', '2024-01-24 14:15:12'),
(46, 2, 18, '你的評論被回覆了', '2024-01-24 14:40:20'),
(47, 3, 19, '有人追蹤了你的板塊', '2024-01-24 15:05:37'),
(48, 2, 2, '你的朋友喜歡了你的貼文', '2024-01-24 10:15:30');

-- --------------------------------------------------------

--
-- 資料表結構 `sn_posts`
--

CREATE TABLE `sn_posts` (
  `post_id` int(11) NOT NULL,
  `user_id` int(11) DEFAULT NULL,
  `title` varchar(255) DEFAULT NULL,
  `content` text DEFAULT NULL,
  `image_url` text DEFAULT NULL,
  `video_url` varchar(255) DEFAULT NULL,
  `location` varchar(255) DEFAULT NULL,
  `tagged_users` text DEFAULT NULL,
  `posts_timestamp` timestamp NOT NULL DEFAULT current_timestamp() ON UPDATE current_timestamp(),
  `board_id` int(11) DEFAULT NULL,
  `emotion` varchar(255) DEFAULT NULL,
  `post_type` varchar(10) DEFAULT NULL,
  `view_count` int(11) NOT NULL DEFAULT 0,
  `likes` int(11) NOT NULL DEFAULT 0,
  `tags` varchar(255) DEFAULT NULL
) ENGINE=InnoDB DEFAULT CHARSET=utf8mb4 COLLATE=utf8mb4_general_ci;

--
-- 傾印資料表的資料 `sn_posts`
--

INSERT INTO `sn_posts` (`post_id`, `user_id`, `title`, `content`, `image_url`, `video_url`, `location`, `tagged_users`, `posts_timestamp`, `board_id`, `emotion`, `post_type`, `view_count`, `likes`, `tags`) VALUES
(11, 111, '探索荒廢的城堡', '發現了一個荒廢的城堡，裡面充滿著神秘感。', 'sculpture01.jpg', NULL, '城堡廢墟', '103,107', '2024-05-03 07:54:56', 2, NULL, NULL, 1, 0, NULL),
(12, 112, '山中古廟的探險', '在探險中意外發現了一座隱藏在山中的古老寺廟。', '', NULL, '山中寺廟', '106,109', '2024-05-02 15:41:29', 2, NULL, NULL, 0, 0, NULL),
(13, 113, '古墓墳場的探索之旅', '參觀了一個古老的墓地，感受到歷史的厚重。', NULL, NULL, '古墓墳場', '102,104', '2024-05-02 15:41:50', 3, NULL, NULL, 0, 0, NULL),
(14, 114, '沙漠考古之旅', '在沙漠中挖掘出了一批古代器物，讓人驚喜不已。', NULL, NULL, '沙漠考古', '108,110', '2024-05-02 15:42:01', 3, NULL, NULL, 0, 0, NULL),
(15, 115, '現代藝術展的精彩之旅', '參加了一場現代藝術展，對藝術有了新的體會。', 'ktv04.jpg', NULL, '現代藝術館', '101,105', '2024-05-03 08:04:34', 4, NULL, NULL, 0, 0, NULL),
(16, 116, '創作的油畫作品分享', '分享一幅自己創作的油畫，希望大家喜歡。', NULL, NULL, '', '111,113', '2024-05-02 15:42:06', 4, NULL, NULL, 0, 0, NULL),
(17, 117, '奇幻小說世界的探索', '這本奇幻小說中的世界真是太精彩了，推薦給大家。', 'tape01.jpg', NULL, '奇幻小說世界                                          ', '114,116', '2024-05-03 08:05:10', 5, NULL, NULL, 0, 0, NULL),
(18, 118, '自己創作的奇幻小說', '自己動手寫了一篇奇幻小說，期待大家的意見。', NULL, '', '', '', '2024-05-02 15:42:10', 5, NULL, NULL, 0, 0, NULL),
(19, 119, '城市夜景的迷人之美', '使用不同的濾鏡拍攝城市夜景，效果非常迷人。', 'horse05.jpg', '', '城市夜景', '101,103', '2024-02-05 08:06:47', 6, NULL, NULL, 0, 0, NULL),
(20, 120, '日出景點的分享', '分享一個拍攝日出的秘密地點，讓大家一起感受自然之美。', 'greenhouse.jpg', '', '日出景點', '104,107', '2024-05-03 08:06:54', 6, NULL, NULL, 0, 0, NULL),
(21, 121, '特色餐廳的美味料理', '品嚐了一家特色餐廳的招牌料理，美味極了！', NULL, '', '特色餐廳', '102,108', '2024-05-02 15:42:16', 7, NULL, NULL, 0, 0, NULL),
(22, 122, '家中的外地美食挑戰', '自己嘗試在家做出外地美食，分享給大家挑戰一下。', NULL, '', '', '109,110', '2024-05-02 15:42:18', 7, NULL, NULL, 0, 0, NULL),
(23, 123, '未來科技展的新奇體驗', '參與了一場最新科技產品的展示，未來真是令人期待。', 'ktv05.jpg', '', '未來科技展', '101,104', '2024-03-01 08:06:14', 8, NULL, NULL, 0, 0, NULL),
(24, 124, '自行組裝的最新電腦', '自己組裝了一部最新的電腦，分享一下DIY心得。', 'shelter04.jpg', '', '', '111,113', '2024-05-03 08:06:25', 8, NULL, NULL, 0, 0, NULL),
(25, 125, '花卉山坡的美麗景色', '在山區發現了一片美麗的花海，感受到大自然的奇蹟。', NULL, '', '花卉山坡', '102,105', '2024-05-02 15:42:24', 9, NULL, NULL, 0, 0, NULL),
(26, 126, '星空觀測的驚艷發現', '透過望遠鏡觀察星空，發現了一些令人驚艷的星體。', NULL, '', '星空觀測點', '106,109', '2024-05-02 15:42:26', 9, NULL, NULL, 0, 0, NULL),
(27, 127, '搖滾音樂祭的熱鬧場面', '參加了一場搖滾音樂祭，現場氣氛非常high。', 'ktv05.jpg', '', '搖滾音樂祭', '101,103', '2024-05-03 08:05:54', 10, NULL, NULL, 0, 0, NULL),
(28, 128, '自己創作的心靈之音', '創作了一首屬於自己的音樂，希望能夠觸動人心。', 'ktv03.jpg', '', '', '', '2024-02-07 08:05:42', 10, NULL, NULL, 0, 0, NULL),
(29, 129, '被遺忘的老舊建築探索', '遊走在城市的高樓大廈間，發現了一處被遺忘的老舊建築。', NULL, '', '老舊建築', '104,107', '2024-05-02 15:42:32', 2, NULL, NULL, 1, 0, NULL),
(30, 130, '考古尋寶的驚喜發現', '參與了一場考古尋寶活動，發現了一批古代寶藏。', NULL, '', '考古尋寶', '108,110', '2024-05-02 15:42:35', 3, NULL, NULL, 0, 0, NULL),
(31, 131, '當代藝術展的深度思考', '參與了一場當代藝術家的展覽，對當代藝術有了更深的理解。', NULL, '', '當代藝術展', '101,103', '2024-05-03 08:37:46', 4, NULL, NULL, 1, 0, NULL),
(32, 132, '奇幻冒險小說的引人入勝', '閱讀了一本充滿奇幻冒險的小說，讓人無法自拔。', 'tape01.jpg', '', '奇幻冒險', '111,113', '2024-05-03 08:05:03', 5, NULL, NULL, 0, 0, NULL),
(33, 133, '夜空星軌的迷人景象', '嘗試拍攝夜空中的閃爍星星，捕捉到了美麗的星軌。', NULL, '', '夜空星軌', '106,109', '2024-05-02 15:42:41', 6, NULL, NULL, 0, 0, NULL),
(34, 134, '美食小店的隱藏美味', '嚐遍了城市各地的美食，發現了一家隱藏版的美味小店。', NULL, '', '美食小店', '101,105', '2024-05-02 15:42:43', 7, NULL, NULL, 0, 0, NULL),
(35, 135, '虛擬實境技術的奇妙體驗', '參與了一場虛擬實境技術的展示，感受到科技的奇妙之處。', NULL, '', '虛擬實境技術', '108,110', '2024-05-02 15:42:45', 8, NULL, NULL, 2, 0, NULL),
(36, 136, '湖邊觀察到的翠鳥羽毛色彩', '在湖邊觀察到一群翠鳥，它們的羽毛色彩真是迷人。', NULL, '', '湖邊觀察', '102,107', '2024-05-02 15:43:05', 9, NULL, NULL, 0, 0, NULL),
(37, 137, '音樂節的狂歡時刻', ' 在音樂節上與朋友一起high翻天，留下了美好的回憶。\r\n              ', NULL, NULL, '音樂節狂歡                                                                                    ', '103,109', '2024-05-02 15:43:19', 10, NULL, NULL, 1, 0, NULL),
(620, 190, '探索廢墟之美', '漫步在廢棄的城市中，發現曾經繁華的廢墟，這是一場深入的歷史之旅。在這片被時間遺忘的土地上，我感受到了一種靜謐的美。荒廢的建築和破敗的街道，透露出歲月的滄桑，但也帶著一絲神秘的魅力。在這裡，我感受到了歷史的厚重，彷彿能聽到曾經的喧囂聲和歡笑聲。探索廢墟不僅是對過去的回顧，更是一種對生命和時間的思考。', 'settlement03.jpg', NULL, NULL, NULL, '2024-05-03 07:42:16', 0, 'happy', NULL, 0, 0, NULL),
(621, 190, '廢墟中的孤獨', '身處廢墟之中，我感受到了一種強烈的孤獨。周圍是破敗的建築和荒涼的土地，沒有人煙，只有歲月的痕跡。在這片廢墟中，我與自己對話，思考著生命的意義和存在的價值。孤獨並不可怕，它讓我更加深刻地理解了自己，也讓我對周圍的世界有了更多的思考。', 'settlement01.jpg', NULL, NULL, NULL, '2024-02-06 07:43:03', 0, 'boring', NULL, 1, 0, NULL),
(622, 190, '廢墟的悲傷', '在廢墟中，我感受到了一種深沉的悲傷。曾經輝煌的建築如今已經成為了一片廢墟，歲月的洗禮讓一切都變得蒼涼。我想起了曾經的輝煌和美好，心中充滿了無盡的悲傷和惋惜。廢墟是時間的見證者，它讓我更加珍惜眼前的一切，也讓我思考著未來的去向。', '1714448855735sampleå.png', NULL, NULL, NULL, '2024-04-30 08:18:28', 0, 'sad', NULL, 7, 0, NULL),
(623, 190, '廢墟的探險', '身處廢墟之中，我彷彿變成了一名探險家，尋找著失落的寶藏和未知的秘密。每一個破舊的建築都隱藏著無數的故事，每一處破碎的痕跡都是一段歷史的見證。在這片廢墟中，我感受到了一種探險的樂趣，每一次發現都讓我興奮不已。探索廢墟，就像是探索未知的世界，充滿了挑戰和驚喜。', '1714447501152pixai-1733342089536063993-1.png', NULL, NULL, NULL, '2024-05-03 03:45:28', 0, '', NULL, 23, 1, NULL),
(656, 138, '沉睡的城市', '在一次探險中，我發現了一座沉睡已久的城市。城市中的一切都彷彿凝固在時間的河流中，街道上長滿了青苔，建築物被蔓生的植物所吞噬。在這片沉睡的土地上，我感受到了一種莫名的寂寞和悲涼。或許曾經這裡熙熙攘攘，但現在只剩下了歲月的痕跡。', NULL, NULL, NULL, NULL, '2024-05-02 16:40:19', 3, 'sad', NULL, 0, 0, NULL),
(657, 139, '遺忘的寶藏', '在一處古老的廢墟中，我意外地發現了一個被遺忘的寶藏。寶藏的存在讓我震驚不已，我不禁思考這些寶藏的歷史和來源。或許這是一段隱藏在時光中的秘密，也是一段值得探索的冒險。', 'ktv03.jpg', NULL, NULL, NULL, '2024-05-03 07:53:29', 3, NULL, NULL, 0, 0, NULL),
(658, 140, '失落的記憶', '站在一棟荒廢的建築前，我突然感到了一種深深的懷念。這座建築曾經見證了太多的故事和回憶，但現在卻被人們遺忘在歷史的角落。我想起了曾經在這裡度過的時光，那些美好的回憶彷彿在眼前一一浮現。', 'hotel04.jpg', NULL, NULL, NULL, '2024-03-05 08:07:58', 3, NULL, NULL, 0, 0, NULL),
(659, 141, '神秘的地下城', '在一次探險中，我偶然發現了一座神秘的地下城。進入城中，我被眼前的景象所震撼，彷彿置身於另一個世界。城中充滿了複雜的通道和神秘的符號，每一步都是一次冒險。我努力探索著，想要解開這座城市的秘密。', NULL, NULL, NULL, NULL, '2024-05-02 16:40:54', 4, NULL, NULL, 0, 0, NULL),
(660, 142, '沉沒的夢想', '站在一座已經荒廢的遊樂園前，我感受到了一種莫名的悲涼。這裡曾經是孩子們的天堂，充滿了歡笑和快樂的笑聲。但現在，遊樂設施已經生鏽腐爛，夢想也隨著時光消逝。站在這片荒廢的土地上，我想起了自己曾經的夢想，不禁感到心碎和感慨。', 'hotel02.jpg', NULL, NULL, NULL, '2024-05-03 08:07:43', 4, 'sad', NULL, 0, 0, NULL),
(661, 143, '迷失的靈魂', '在一座古老的墓地中，我感受到了一種無比的寂寞。墓地中的墓碑上刻滿了陌生的名字和年代，這裡曾經是多少人的安息之地。走過墓地，我不禁思考著生命的意義和終點。或許每個人都是迷失的靈魂，在生與死之間徘徊。', 'horse02.jpg', NULL, NULL, NULL, '2024-05-03 08:07:32', 4, NULL, NULL, 0, 0, NULL),
(662, 144, '遺忘的城市', '在一座被遺忘的城市中，我感受到了一種莫名的孤獨。城市中的一切都彷彿凝固在時光之中，沒有了往日的喧囂和熱鬧。走在街道上，我彷彿能聽到曾經的歌聲和笑聲，但現在已經化為烏有。', 'ktv03.jpg', NULL, NULL, NULL, '2024-03-07 07:53:11', 5, 'sad', NULL, 0, 0, NULL),
(663, 145, '荒廢的廢墟', '在一片荒廢的廢墟中，我感受到了一種無盡的寂寞。這裡曾經是人們生活的地方，但現在卻已經成為了一片荒蕪之地。走過廢墟，我看著破敗的建築和斑駁的牆壁，不禁感嘆時光的無情。', NULL, NULL, NULL, NULL, '2024-05-02 16:40:47', 5, NULL, NULL, 0, 0, NULL),
(664, 146, '遺忘的古堡', '在一座被遺忘的古堡中，我感受到了一種深深的懷念。古堡中的一切都彷彿凝固在時光之中，看著這些破敗的牆壁和斑駁的石柱，我想起了曾經的歷史和故事。或許這裡曾經是一段輝煌的歷史的見證者，但現在已經成為了一段被遺忘的過去。', NULL, NULL, NULL, NULL, '2024-05-02 16:40:40', 5, NULL, NULL, 0, 0, NULL),
(665, 147, '遺忘的船隻', '在一片荒涼的海岸上，我發現了一艘被遺忘的船隻。船身已經生鏽腐爛，被海浪沖刷得千瘡百孔。站在船邊，我想象著這艘船曾經歷過的故事和冒險。或許它曾經是一個航海家的家，如今卻成為了大海的孤島。', 'shelter04.jpg', NULL, NULL, NULL, '2024-05-03 07:52:21', 6, NULL, NULL, 0, 0, NULL),
(666, 148, '遺忘的村莊', '在一個偏遠的山谷中，我發現了一個被遺忘的村莊。村莊中的房屋已經荒廢，草木叢生，彷彿一片被遺忘的土地。走過村莊，我想象著曾經這裡是一個充滿生機和活力的地方，但如今卻成了一段被遺忘的過去。', 'home2.jpg', NULL, NULL, NULL, '2024-05-03 07:51:46', 6, 'sad', NULL, 0, 0, NULL),
(667, 149, '沉睡的森林', '在一片茂密的森林中，我發現了一個被遺忘已久的神秘地方。走進森林，我彷彿置身於一個古老的童話故事中。樹木古老而蔓延，地面上長滿了野草和青苔。在這片森林中，我感受到了一種奇異而神秘的氛圍，彷彿隨時都會發生奇幻的事情。', 'settlement02.jpg', NULL, NULL, NULL, '2024-05-03 07:46:25', 6, NULL, NULL, 0, 0, NULL),
(668, 150, '失落的神廟', '在一片叢林深處，我發現了一座被遺忘的神廟。神廟的建築仿佛蘊藏著無數的神秘和秘密，我不禁被它所吸引。走進神廟，我感受到了一股神聖而庄嚴的氛圍，彷彿時光在這裡靜止。或許這座神廟曾經是人們信仰的中心，如今卻隱藏在叢林深處，成為了一段被遺忘的歷史。', 'steel02.jpg', NULL, NULL, NULL, '2024-05-03 07:45:55', 7, NULL, NULL, 0, 0, NULL),
(669, 151, '荒漠中的遺跡', '在一片荒涼的沙漠中，我發現了一處被遺忘的古老遺跡。遺跡中的建築仿佛在向我述說著古老的故事和歷史。走過遺跡，我想象著曾經這裡是一個繁華的城市，如今卻已經成為了沙漠的一部分。站在遺跡中，我感受到了時光的無情和生命的脆弱。', 'school06.jpg', NULL, NULL, NULL, '2024-05-03 07:49:55', 7, NULL, NULL, 0, 0, NULL),
(670, 152, '遺忘的寺廟', '在一座古老的山谷中，我發現了一座被遺忘的寺廟。寺廟的建築充滿了古老的神秘和魅力，讓人不禁感嘆時光的流逝。走進寺廟，我感受到了一股悠遠而庄嚴的氛圍，彷彿時光在這裡靜止。或許這座寺廟曾經是人們信仰的中心，如今卻被遺忘在山谷之中。', 'house01.jpg', NULL, NULL, NULL, '2024-05-03 07:49:36', 7, NULL, NULL, 0, 0, NULL),
(673, 155, '被遺忘的教堂', '在一個偏遠的山谷中，我發現了一座被遺忘的教堂。教堂的建築仿佛在向我述說著古老的故事和歷史，讓我不禁感嘆時光的流逝。走進教堂，我感受到了一股悠遠而神聖的氛圍，彷彿時光在這裡靜止。或許這座教堂曾經是人們信仰的中心，如今卻被遺忘在山谷之中。', 'room02.jpg', NULL, NULL, NULL, '2024-05-03 07:49:08', 8, NULL, NULL, 0, 0, NULL),
(674, 156, '遺忘的小屋', '在一片蒼茫的草原上，我發現了一間被遺忘的小屋。小屋的木頭已經腐爛，屋頂被蔓藤纏繞，看起來已經空置許久。我不禁想像這裡曾經是誰的家，又發生了怎樣的故事。或許有人曾在這裡度過快樂的時光，如今卻成了被遺忘的一角。', 'room01.jpg', NULL, NULL, NULL, '2024-05-03 07:48:57', 9, NULL, NULL, 0, 0, NULL),
(675, 157, '被遺忘的廢墟', '在一片荒涼的山區中，我發現了一座被遺忘的廢墟。廢墟中的建築已經破敗不堪，彷彿在述說著一段被遺忘的歷史。我不禁感嘆時光的無情，這裡曾經是一段充滿生機和活力的歷史，如今卻只剩下一片荒涼。', 'shelter03.jpg', NULL, NULL, NULL, '2024-05-03 07:44:25', 9, NULL, NULL, 0, 0, NULL),
(677, 159, '荒廢的礦坑', '在一個偏遠的山谷中，我發現了一個荒廢已久的礦坑。礦坑中充滿了荒草和野草，彷彿已經被大自然重新征服。走過礦坑，我想象著曾經這裡是一個繁忙的工作場所，如今卻已成為了大自然的一部分。', 'tunel01.jpg', NULL, NULL, NULL, '2024-05-03 07:44:10', 10, NULL, NULL, 0, 0, NULL),
(678, 160, '遺忘的洞穴', '在一個偏遠的山區中，我發現了一個被遺忘的洞穴。洞穴的入口被灌木和藤蔓遮蓋，彷彿在守護著這段被遺忘的歷史。走進洞穴，我感受到了一股神秘和幽暗，彷彿這裡蘊藏著無數的秘密等待著被揭開。', 'tunel03.jpg', NULL, NULL, NULL, '2024-05-03 07:47:48', 9, NULL, NULL, 0, 0, NULL),
(679, 161, '遺忘的遊樂園', '在一個荒涼的郊區中，我發現了一個被遺忘的遊樂園。遊樂園中的設施已經生鏽腐爛，彷彿在述說著一段被遺忘的歷史。我不禁感嘆時光的無情，這裡曾經是孩子們的天堂，如今卻只剩下一片荒涼。', 'school06.jpg', NULL, NULL, NULL, '2024-05-03 07:43:42', 2, NULL, NULL, 0, 0, NULL),
(680, 162, '荒廢的農莊', '在一個遠離城市的地方，我發現了一個荒廢的農莊。農莊的房屋已經倒塌，田地裡長滿了雜草。站在農莊裡，我想象著曾經這裡是一個勞動和希望的象徵，如今卻成了被遺忘的一角。', 'steel01.jpg', NULL, NULL, NULL, '2024-05-03 07:43:23', 9, NULL, NULL, 0, 0, NULL),
(681, 151, '遺忘的鐵路', '在一個偏遠的地方，我發現了一條被遺忘的鐵路。鐵軌上長滿了雜草，彷彿已經多年沒有火車行經。走過鐵路，我想象著曾經這裡是繁忙的交通樞紐，如今卻已成為了被遺忘的一角。', NULL, NULL, NULL, NULL, '2024-03-05 07:36:59', 3, NULL, NULL, 0, 0, NULL),
(682, 162, '遺忘的工廠', '在一個偏遠的工業區中，我發現了一座荒廢的工廠。工廠的建築已經倒塌，廠房中充滿了荒草和野草。走過工廠，我想象著曾經這裡是勞動和生產的中心，如今卻已成為了被遺忘的一角。', 'settlement02.jpg', NULL, NULL, NULL, '2024-05-03 07:36:47', 2, NULL, NULL, 0, 0, NULL),
(683, 138, '探索古代遺跡', '我踏上了一場探索古代遺跡的旅程，穿越時空的感覺令人心驚。這些遺跡見證了古代文明的輝煌，每一塊石頭都承載著歷史的記憶。在遺跡之中，我仿佛能夠聽見遠古時代的呼喚，感受到了那段遙遠而神秘的歷史。這趟旅程不僅是對過去的追憶，更是對人類文明的一次崇敬與讚嘆。', 'malay01.jpg', NULL, NULL, NULL, '2024-03-05 08:08:29', 3, NULL, NULL, 0, 0, NULL),
(684, 139, '遺忘之地的探索', '我踏上了一段充滿著遺忘之地的探險之旅，那裡是時間的凝固，記憶的墓地。荒涼的風景中，我感受到了一種莫名的孤獨和悲涼，仿佛整個世界都在無聲地嘆息。然而，正是這份孤獨和悲涼，讓我更加珍惜眼前的一切，也讓我更加努力地活在當下。或許，唯有在遺忘之地的深處，才能找到內心的寧靜與安詳。', NULL, NULL, NULL, NULL, '2024-03-10 16:50:15', 2, 'sad', NULL, 0, 0, NULL),
(685, 140, '古老城市的重生', '我來到了一座被遺忘的古老城市，那裡充滿了神秘和魅力。在城市的每一個角落，都能感受到曾經的繁華和生機。這座城市雖然已經荒廢多年，但在我眼中，它依然是一個充滿希望的地方。我相信，隨著時間的流逝，這座古老的城市將會重生，重新焕發出昔日的光彩。', 'ktv03.jpg', NULL, NULL, NULL, '2024-05-03 07:53:27', 2, NULL, NULL, 0, 0, NULL),
(686, 141, '沉睡的城市', '我來到了一座沉睡的城市，那裡彷彿被遺忘在歷史的角落中。漫步在城市的街道上，我感受到了一種莫名的悲涼和寂寞。這座城市曾經是繁華的中心，卻在某個時刻，突然間沉睡下來，永遠地閉上了眼睛。站在這座城市的中心，我不禁思考著人類文明的崩塌與重生。', 'ktv03.jpg', NULL, NULL, NULL, '2024-05-03 07:53:22', 2, NULL, NULL, 0, 0, NULL),
(687, 142, '古代文明的奧秘', '在一片古老的廢墟中，我發現了一個隱藏的秘密。這個秘密與古代文明有著密切的關聯，讓我深入地思考著古代人類的智慧和創造力。透過對廢墟的探索，我逐漸揭開了這個秘密的面紗，發現了其中蘊藏的奧秘與力量。這段探索之旅不僅讓我更加了解古代文明，也讓我對人類的未來充滿了希望與期待。', NULL, NULL, NULL, NULL, '2024-05-02 16:50:15', 3, NULL, NULL, 0, 0, NULL),
(688, 143, '廢墟的探險之旅', '我踏上了一段廢墟的探險之旅，那裡充滿了未知和挑戰。在廢墟中，我不斷地尋找著線索，探索著這片神秘的土地。每一個角落都可能藏著驚人的秘密，每一次發現都讓我興奮不已。廢墟的探險之旅讓我感受到了生命的無窮可能性，也讓我更加勇敢地面對未來的挑戰。', NULL, NULL, NULL, NULL, '2024-05-02 16:50:15', 2, NULL, NULL, 0, 0, NULL),
(689, 144, '廢墟的魅力', '廢墟中散發著一種特殊的魅力，那是時光的印記，歷史的痕跡。走在廢墟的街道上，我感受到了一種奇特的安詳和寧靜，彷彿與世界脫離了聯繫。在這片被遺忘的土地上，我仿佛找到了自己的归屬，也找到了內心深處的平靜。廢墟的魅力是如此獨特而動人，讓我深深著迷。', NULL, NULL, NULL, NULL, '2024-04-15 16:50:15', 2, NULL, NULL, 0, 0, NULL),
(690, 145, '時光的記憶', '在一片被遺忘的土地上，我找到了時光的記憶，那是古老文明的痕跡。走在廢墟的街道上，我仿佛能夠聽見遠古時代的呼喚，感受到那段古老而神秘的歷史。時光的記憶是如此的強大而震撼，讓我深深著迷。在這片土地上，我不僅找到了歷史的軌跡，也找到了自己的定位。', 'quake04.jpg', NULL, NULL, NULL, '2024-04-05 07:52:54', 2, NULL, NULL, 0, 0, NULL),
(691, 138, '遺忘之城的探險', '我踏上了一場尋找遺忘之城的探險。穿越斑駁的廢墟，彷彿回到了古老的時代。城市的殘垣斷壁中隱藏著無數的故事，而我正努力挖掘每一塊石頭下的秘密。這座遺忘之城或許已經淹沒在歷史的長河中，但我相信，每一次探險都能讓它重獲新生。', 'school05.jpg', NULL, '遺忘之城', NULL, '2024-05-03 08:08:37', 2, NULL, NULL, 0, 0, NULL),
(692, 139, '荒廢之地的回憶', '漫步在荒廢之地，我回憶起了過去的點點滴滴。這裡曾經是一個繁華的城市，充滿了生機和活力。然而，現在它已經成為了一片死寂，只有回憶在空曠的廢墟中輕輕迴盪。我沉浸在回憶之中，感受著時光流逝的無奈，卻也珍惜著每一段美好的回憶。', 'hotel06.jpg', NULL, '荒廢之地', NULL, '2024-03-12 08:08:12', 2, NULL, NULL, 0, 0, NULL),
(693, 140, '失落文明的秘密', '在尋找失落文明的旅途中，我發現了許多意想不到的秘密。這些失落文明的遺跡蘊含著古老的智慧和神秘的力量，每一處都讓我著迷不已。我不斷地挖掘著這些秘密，期待著解開失落文明背後的真相。或許答案就在眼前，只等我一探究竟。', NULL, NULL, '失落文明', NULL, '2024-05-03 04:38:21', 2, NULL, NULL, 0, 0, NULL),
(694, 141, '廢墟之美', '廢墟中的美孕育著古老的歷史和無盡的回憶。每一處破敗的建築都彷彿在述說著過去的輝煌，每一絲風吹過的聲音都彷彿在迴盪著昔日的喧囂。我沉浸在廢墟之美中，感受著歲月的流逝，卻也領悟到了生命的脆弱與美好。', 'hotel05.jpg', NULL, '廢墟之美', NULL, '2024-05-03 08:08:05', 2, NULL, NULL, 0, 0, NULL),
(695, 142, '荒廢之地的探險', '踏上荒廢之地的探險，我發現了一片古老的城市廢墟。這裡充滿了神秘與未知，每一步都彷彿在踏上一段未知的歷史。我迫不及待地探索著，期待著解開這片荒廢之地的秘密，發現其中的寶藏。', 'ktv03.jpg', NULL, '荒廢之地', NULL, '2024-05-03 07:53:19', 2, NULL, NULL, 0, 0, NULL),
(696, 143, '廢墟之旅', '廢墟之旅是一場時光的穿梭，一場尋找遺忘的冒險。走在斑駁的街道上，我感受到了歷史的沉重與美好。每一處破敗的建築都是一段歷史的見證，每一處殘存的遺跡都是一段故事的開始。廢墟之旅讓我明白，歷史永遠都不會被遺忘，它在每一處廢墟中都蘊藏著無盡的故事。', NULL, NULL, '廢墟之旅', NULL, '2024-05-03 04:44:10', 2, NULL, NULL, 0, 0, NULL),
(697, 144, '尋找失落城市的探險', '我決定踏上尋找失落城市的探險之旅，探索那些被遺忘的歷史。穿越古老的廢墟，我彷彿置身於一個時空交錯的迷宮之中。我不斷地追尋著城市的蹤跡，期待著發現失落城市的秘密，解開它的歷史之謎。', 'hotel03.jpg', NULL, '失落城市', NULL, '2024-05-03 09:06:47', 2, NULL, NULL, 57, 0, NULL),
(698, 145, '遺忘之城的探險', '我踏上了一場尋找遺忘之城的探險。穿越斑駁的廢墟，彷彿回到了古老的時代。城市的殘垣斷壁中隱藏著無數的故事，而我正努力挖掘每一塊石頭下的秘密。這座遺忘之城或許已經淹沒在歷史的長河中，但我相信，每一次探險都能讓它重獲新生。', NULL, NULL, '遺忘之城', NULL, '2024-04-09 04:34:56', 2, NULL, NULL, 0, 0, NULL),
(699, 146, '荒廢之地的回憶', '漫步在荒廢之地，我回憶起了過去的點點滴滴。這裡曾經是一個繁華的城市，充滿了生機和活力。然而，現在它已經成為了一片死寂，只有回憶在空曠的廢墟中輕輕迴盪。我沉浸在回憶之中，感受著時光流逝的無奈，卻也珍惜著每一段美好的回憶。', 'quake04.jpg', NULL, '荒廢之地', NULL, '2024-03-08 07:52:49', 2, NULL, NULL, 0, 0, NULL),
(700, 147, '失落文明的秘密', '在尋找失落文明的旅途中，我發現了許多意想不到的秘密。這些失落文明的遺跡蘊含著古老的智慧和神秘的力量，每一處都讓我著迷不已。我不斷地挖掘著這些秘密，期待著解開失落文明背後的真相。或許答案就在眼前，只等我一探究竟。', 'shelter04.jpg', NULL, '失落文明', NULL, '2024-03-08 07:52:32', 2, NULL, NULL, 0, 0, NULL),
(701, 148, '廢墟之美', '廢墟中的美孕育著古老的歷史和無盡的回憶。每一處破敗的建築都彷彿在述說著過去的輝煌，每一絲風吹過的聲音都彷彿在迴盪著昔日的喧囂。我沉浸在廢墟之美中，感受著歲月的流逝，卻也領悟到了生命的脆弱與美好。', 'sculpture02.jpg', NULL, '廢墟之美', NULL, '2024-05-03 09:06:43', 2, NULL, NULL, 45, 0, NULL),
(702, 149, '荒廢之地的探險', '踏上荒廢之地的探險，我發現了一片古老的城市廢墟。這裡充滿了神秘與未知，每一步都彷彿在踏上一段未知的歷史。我迫不及待地探索著，期待著解開這片荒廢之地的秘密，發現其中的寶藏。', 'quake02.jpg', NULL, '荒廢之地', NULL, '2024-05-03 07:51:22', 2, NULL, NULL, 0, 0, NULL),
(703, 150, '廢墟之旅', '廢墟之旅是一場時光的穿梭，一場尋找遺忘的冒險。走在斑駁的街道上，我感受到了歷史的沉重與美好。每一處破敗的建築都是一段歷史的見證，每一處殘存的遺跡都是一段故事的開始。廢墟之旅讓我明白，歷史永遠都不會被遺忘，它在每一處廢墟中都蘊藏著無盡的故事。', 'sculpture01.jpg', NULL, '廢墟之旅', NULL, '2024-05-03 07:50:57', 2, NULL, NULL, 0, 0, NULL),
(704, 151, '尋找失落城市的探險', '我決定踏上尋找失落城市的探險之旅，探索那些被遺忘的歷史。穿越古老的廢墟，我彷彿置身於一個時空交錯的迷宮之中。我不斷地追尋著城市的蹤跡，期待著發現失落城市的秘密，解開它的歷史之謎。', 'ufo02.jpg', NULL, '失落城市', NULL, '2024-05-03 07:50:07', 2, NULL, NULL, 0, 0, NULL),
(705, 52, '古老文明的探索', '在遺忘之城的探險中，我發現了古老文明的蹤跡。這座城市充滿了古老的建築和神秘的符號，每一處都彷彿在訴說著一段古老的歷史。我深入探索著這座城市的每一個角落，期待著解開古老文明的秘密，探索它的神秘之謎。', 'dummy02.jpg', NULL, '遺忘之城', NULL, '2024-05-03 09:06:40', 3, NULL, NULL, 5, 0, NULL),
(706, 53, '遺忘之城的探險', '我踏上了一場尋找遺忘之城的探險。穿越斑駁的廢墟，彷彿回到了古老的時代。城市的殘垣斷壁中隱藏著無數的故事，而我正努力挖掘每一塊石頭下的秘密。這座遺忘之城或許已經淹沒在歷史的長河中，但我相信，每一次探險都能讓它重獲新生。', 'school04.jpg', NULL, '遺忘之城', NULL, '2024-05-03 09:06:32', 3, NULL, NULL, 65, 0, NULL),
(707, 54, '荒廢之地的回憶', '漫步在荒廢之地，我回憶起了過去的點點滴滴。這裡曾經是一個繁華的城市，充滿了生機和活力。然而，現在它已經成為了一片死寂，只有回憶在空曠的廢墟中輕輕迴盪。我沉浸在回憶之中，感受著時光流逝的無奈，卻也珍惜著每一段美好的回憶。', 'school04.jpg', NULL, '荒廢之地', NULL, '2024-05-03 07:55:14', 3, NULL, NULL, 0, 0, NULL),
(710, 57, '當代藝術的魅力', '當代藝術的魅力在於它的多樣性和包容性。每一件作品都彷彿在述說著藝術家的心靈故事，每一次展覽都讓人感受到了生命的豐富與多彩。我愛上了當代藝術，因為它讓我看到了不同的世界，感受到了不同的情感，並讓我更加熱愛生活。', NULL, NULL, '當代藝術展', NULL, '2024-05-03 04:50:18', 4, NULL, NULL, 0, 0, NULL),
(711, 58, '藝術的力量', '藝術是一種無形的力量，它能夠觸動人心，啟迪人們的思想，改變人們的生活。我深信著藝術的力量，因為它在我的生命中扮演著重要的角色。每一次欣賞藝術作品都讓我感受到生命的美好，每一次創作都讓我感受到自己的存在價值。藝術，讓我們更加熱愛這個世界，更加熱愛生活。', 'pink02.jpg', NULL, '藝術展', NULL, '2024-05-03 07:54:27', 4, NULL, NULL, 0, 0, NULL),
(712, 59, '藝術品的詮釋', '每一件藝術品都有著自己的故事，而我們作為觀眾，則有著不同的詮釋。當我們欣賞一幅畫作時，或許我們會被它的美麗所吸引，或許我們會被它的意境所感動，但不管怎樣，每一次的詮釋都是獨一無二的。藝術品的詮釋是一場心靈的對話，一次對生命的反思，讓我們更加了解自己，更加珍惜這個世界。', 'jproom04.jpg', NULL, '藝術品', NULL, '2024-05-03 07:54:19', 4, NULL, NULL, 0, 0, NULL),
(713, 60, '藝術與生活', '藝術是生活的一部分，也是生活的意義所在。它存在於我們周圍的每一個角落，融入到我們的生活中，影響著我們的思想和情感。無論是一幅畫作、一首歌曲，還是一部電影，都可以讓我們感受到生命的美好，感受到情感的深度。藝術與生活相融合，讓我們更加熱愛這個世界，更加熱愛生活。', 'sculpture01.jpg', NULL, '藝術', NULL, '2024-05-03 07:54:48', 4, NULL, NULL, 0, 0, NULL),
(714, 61, '藝術的魅力', '藝術有著無窮的魅力，它能夠觸動人心，激發人們的情感，並且讓人們感受到生命的美好。每一次欣賞藝術作品都讓我感到無比的愉悅和滿足，每一次創作都讓我感受到生命的豐富和多彩。藝術是我生命中不可或缺的一部分，我願意將它與更多的人分享，讓他們也能感受到藝術的魅力。', 'pink03.jpg', NULL, '藝術展', NULL, '2024-05-03 09:06:29', 4, NULL, NULL, 56, 0, NULL),
(715, 62, '奇幻冒險小說推薦', '最近讀了一本精彩的奇幻冒險小說，推薦給大家一起來探索其中的神秘世界！', NULL, NULL, NULL, '117,118', '2024-05-03 06:25:08', 5, NULL, NULL, 0, 0, NULL),
(716, 63, '奇幻冒險的樂趣', '奇幻冒險是一場無盡的探索，每一次的冒險都充滿了未知和挑戰，讓人無法自拔。我愛上了奇幻冒險，因為它讓我感受到了生命的樂趣和多彩，讓我不斷地探索著未知的世界，不斷地挑戰著自己的極限。奇幻冒險，讓我們的生命更加精彩，讓我們的靈魂更加豐富。', NULL, NULL, NULL, '114,116', '2024-05-06 05:38:20', 5, NULL, NULL, 1, 0, NULL),
(717, 64, '奇幻冒險的魅力', '奇幻冒險有著無窮的魅力，它讓我們感受到了生命的無限可能性，讓我們感受到了冒險的樂趣和挑戰。每一次的奇幻冒險都是一次心靈的洗禮，讓我們更加了解自己，更加珍惜這個世界。奇幻冒險，讓我們的生命更加精彩，讓我們的靈魂更加豐富。', 'home01.jpg', NULL, NULL, '117,118', '2024-05-03 08:04:11', 5, NULL, NULL, 0, 0, NULL),
(718, 65, '奇幻冒險的驚喜', '奇幻冒險是一場充滿驚喜的旅程，每一次的探索都帶給我們意想不到的驚喜和挑戰。我愛上了奇幻冒險，因為它讓我感受到了生命的樂趣和多彩，讓我不斷地探索著未知的世界，不斷地挑戰著自己的極限。奇幻冒險，讓我們的生命更加精彩，讓我們的靈魂更加豐富。', 'jproom04.jpg', NULL, NULL, '114,116', '2024-05-03 07:54:16', 5, NULL, NULL, 0, 0, NULL),
(719, 66, '奇幻冒險的美好', '奇幻冒險是一場充滿美好的旅程，每一次的探索都充滿了驚喜和挑戰，讓我們感受到了生命的無盡可能性。我愛上了奇幻冒險，因為它讓我不斷地探索著未知的世界，不斷地挑戰著自己的極限，讓我的生命更加精彩，讓我的靈魂更加豐富。', 'horse01.jpg', NULL, NULL, '117,118', '2024-05-03 09:06:09', 5, NULL, NULL, 6, 0, NULL),
(720, 12, '探索攝影技巧', '分享攝影技巧和心得，一起來探索攝影的世界！', 'tunel04.jpg', NULL, NULL, '116,118', '2024-03-15 07:56:59', 6, NULL, NULL, 0, 0, NULL),
(721, 15, '攝影作品分享', '分享自己拍攝的攝影作品，歡迎大家欣賞和交流！', 'tape03.jpg', NULL, NULL, '110,111', '2024-02-14 08:18:04', 6, NULL, NULL, 0, 0, NULL),
(722, 27, '攝影技巧探討', '探討攝影技巧和拍攝技巧，一起來交流學習！', NULL, NULL, NULL, '114,116', '2024-05-03 06:29:12', 6, NULL, NULL, 0, 0, NULL),
(723, 33, '攝影心得分享', '分享攝影心得和拍攝技巧，歡迎大家一起來交流！', NULL, NULL, NULL, '109,110', '2024-05-03 09:06:05', 6, NULL, NULL, 5, 0, NULL),
(724, 45, '攝影作品展示', '展示自己的攝影作品，歡迎大家欣賞和評論！', 'jpclinic04.jpg', NULL, NULL, '113,114', '2024-03-05 07:55:43', 6, NULL, NULL, 0, 0, NULL),
(725, 3, '特色美食分享', '分享各地特色美食，讓大家一起品嘗美味！', 'seaside03.jpg', NULL, NULL, '121,123', '2023-05-17 07:47:09', 7, NULL, NULL, 0, 0, NULL),
(726, 6, '美食攻略推薦', '推薦各地美食店和特色小吃，讓你的味蕾享受一場美食之旅！', 'seaside05.jpg', NULL, NULL, '127,129', '2024-03-22 07:46:57', 7, NULL, NULL, 0, 0, NULL),
(727, 9, '美食達人分享', '分享自己對美食的獨特見解和品味，歡迎一起來交流！', NULL, NULL, NULL, '132,134', '2024-05-03 09:06:01', 7, NULL, NULL, 0, 65, NULL),
(728, 12, '美食探險記', '分享各地美食探險的趣事和美食體驗，讓大家一起探索未知的美味！', 'ktv04.jpg', NULL, NULL, '139,141', '2024-03-13 08:26:14', 7, NULL, NULL, 0, 0, NULL),
(729, 15, '美食文化探索', '探索各地美食文化的源起和特色，讓我們更加了解飲食背後的故事！', NULL, NULL, NULL, '144,146', '2024-01-17 06:48:25', 7, NULL, NULL, 0, 0, NULL),
(730, 8, '最新科技產品評測', '分享對最新科技產品的評測和觀點，讓大家了解科技的最新動態！', 'oldtv03.jpg', NULL, NULL, '123,125', '2024-03-04 08:17:04', 8, NULL, NULL, 0, 0, NULL),
(731, 11, '科技創新探索', '探索科技的前沿領域，分享最新的科技創新和發展趨勢！', 'school02.jpg', NULL, NULL, '128,130', '2024-01-16 08:17:16', 8, NULL, NULL, 0, 0, NULL),
(732, 14, '科技應用分享', '分享科技在日常生活中的應用，讓大家更加了解科技改變生活的影響！', NULL, NULL, NULL, '133,135', '2024-05-03 09:05:57', 8, NULL, NULL, 0, 4, NULL),
(733, 17, '科技趨勢預測', '探討未來科技發展的趨勢和可能性，讓我們一起來預測未來的世界！', 'ufo01.jpg', NULL, NULL, '138,140', '2024-01-17 07:57:10', 8, NULL, NULL, 0, 0, NULL),
(734, 20, '科技產品開箱評測', '分享最新科技產品的開箱評測和實測報告，讓大家更了解產品特色！', 'ufo02.jpg', NULL, NULL, '143,145', '2024-05-03 09:04:11', 8, NULL, NULL, 7, 0, NULL),
(735, 21, '湖邊日出美景', '在湖邊欣賞到了壯麗的日出景色，感受大自然的美妙！', 'seaside05.jpg', NULL, '湖邊', '148,150', '2024-03-06 07:56:37', 9, NULL, NULL, 0, 0, NULL),
(736, 24, '山區花卉採集', '在山區採集到了各種美麗的野花，品味大自然的豐富魅力！', 'greenhouse.jpg', NULL, '山區', '153,155', '2024-05-03 07:58:17', 9, NULL, NULL, 0, 0, NULL),
(737, 27, '星空觀測分享', '在星空觀測中發現了一些令人驚嘆的星體，分享觀測心得！', 'grass01.jpg', NULL, '星空觀測點', '158,160', '2024-05-03 08:00:31', 9, NULL, NULL, 0, 0, NULL),
(738, 30, '海灘沙漠遠足', '在海灘沙漠中展開一場刺激的遠足旅程，探索大自然的神秘面紗！', 'seaside04.jpg', NULL, '海灘沙漠', '163,165', '2024-05-03 09:04:08', 9, NULL, NULL, 67, 0, NULL),
(739, 33, '森林探險之旅', '在茂密的森林中進行一場刺激的探險之旅，感受大自然的原始魅力！', NULL, NULL, '森林', '168,170', '2024-03-12 08:48:50', 9, NULL, NULL, 0, 0, NULL),
(740, 41, '音樂祭上的激情', '參加了一場音樂祭，感受到了熱情洋溢的音樂氛圍！', 'dry04.jpg', NULL, '音樂祭現場', '178,180', '2024-05-03 08:02:47', 10, NULL, NULL, 0, 0, NULL),
(741, 46, '音樂創作分享', '創作了一首新的音樂作品，分享自己的音樂心得與創作過程！', NULL, NULL, NULL, '183,185', '2024-02-06 09:02:15', 10, NULL, NULL, 0, 0, NULL),
(742, 51, '音樂鑑賞心得', '分享了一首深受喜愛的音樂，並分享了對該音樂的感受與解讀！', NULL, NULL, NULL, '188,190', '2024-04-03 09:04:20', 10, NULL, NULL, 0, 0, NULL),
(744, 61, '音樂回顧與展望', '回顧了一段音樂發展的歷史，並展望了未來音樂的發展趨勢！', NULL, NULL, NULL, '198,200', '2024-02-05 09:08:30', 10, NULL, NULL, 0, 0, NULL),
(745, 92, '現場音樂分享', '我最近參加了一場現場音樂演出，音樂的震撼和氛圍讓我完全沉浸其中，忘卻了一切煩憂。現場的感受和錄音收藏都無法傳達，只有親身體驗才能感受到其中的魔力。推薦給大家，如果有機會一定要去現場感受一下，絕對不會讓你失望！', 'jproom04.jpg', NULL, NULL, '26,28', '2024-05-03 07:54:08', 10, NULL, NULL, 0, 0, NULL),
(746, 97, '自彈自唱的音樂分享', '最近我開始學習彈奏吉他並自彈自唱一些歌曲，這是我與音樂更深層次的接觸。雖然技巧還不夠純熟，但能夠將心情通過音樂表達出來，讓我感到非常滿足。音樂讓我忘卻一切煩憂，成為我生活中不可或缺的一部分。', 'horse02.jpg', NULL, NULL, '31,33', '2024-05-03 08:03:52', 10, NULL, NULL, 0, 0, NULL),
(747, 102, '音樂創作的心得分享', '我最近開始嘗試進行音樂創作，雖然過程艱難，但每一個創作的瞬間都讓我感到無比的興奮和滿足。音樂創作是一個表達情感和思想的最佳途徑，也讓我更深入地了解了自己。希望能夠不斷突破自己，創作出更多優秀的作品，與大家分享我的音樂世界。', NULL, NULL, NULL, '36,38', '2024-05-03 09:04:06', 10, NULL, NULL, 6, 0, NULL),
(748, 107, '音樂鑑賞心得', '我最近聽了一張很棒的專輯，音樂風格新穎，歌詞深刻，讓我對音樂有了全新的認識。每一首歌曲都能觸動我的心弦，讓我沉浸其中無法自拔。音樂的力量是如此強大，它能夠治癒心靈，啟迪思想，讓我對生活充滿了希望和活力。', 'guitar.jpg', NULL, NULL, '41,43', '2024-05-03 08:03:30', 10, NULL, NULL, 0, 0, NULL),
(749, 112, '音樂之旅', '最近我開始踏上一段音樂之旅，尋找各種不同風格和類型的音樂，豐富自己的音樂知識和鑑賞能力。音樂之旅不僅是一次心靈的洗禮，也是對生活的一種熱愛和追求。希望能夠和大家一起分享這段美妙的音樂之旅，一起感受音樂的魅力和力量。', NULL, NULL, NULL, '46,48', '2024-05-03 09:04:03', 10, NULL, NULL, 76, 0, NULL),
(750, 117, '音樂故事分享', '我想分享一個關於音樂的故事。有一次，我在深夜裡聽著音樂，突然被一首歌曲深深吸引住了，歌詞中的每一句都像是在講述著我的故事，讓我感到無比的共鳴。那一刻，我仿佛置身於歌曲的世界中，感受著其中蘊含的情感和力量。音樂就像是一個陪伴我們度過孤獨時光的好朋友，讓我們不再感到孤單。', 'guitar.jpg', NULL, NULL, '51,53', '2024-05-03 08:03:25', 10, NULL, NULL, 0, 0, NULL),
(751, 122, '音樂與生活', '音樂是我的生活中不可或缺的一部分，它像是一種魔法，能夠撫慰我受傷的心靈，激發我內心的力量。每當我感到沮喪和失落時，只要靜靜地聆聽著音樂，就能夠找回自己。音樂不僅是一種娛樂方式，更是一種情感的表達和共鳴。希望能夠和大家一起分享音樂帶給我的美好時光。', '1714466602184house04.jpg', NULL, NULL, '56,58', '2024-05-06 05:54:38', 10, NULL, NULL, 667, 0, NULL),
(752, 127, '音樂之愛', '我對音樂有著深深的愛戀，它像是一種魔力，能夠撫平我內心的波濤，讓我感受到無限的溫暖和力量。每一首歌曲都是一段感人的故事，每一個音符都是一種情感的表達。音樂是我生活中最美好的陪伴，我願意與它一起度過每一個時刻。', 'ktv02.jpg', NULL, NULL, '61,63', '2024-05-03 08:05:35', 10, NULL, NULL, 0, 0, NULL),
(753, 132, '音樂的魅力', '音樂有著無窮的魅力，它能夠觸動我們內心最深處的情感，引領我們走進一個美好的世界。每一首歌曲都是一種靈魂的對話，每一個音符都是一種情感的表達。音樂讓我們感受到愛與美的力量，讓我們對生活充滿希望和信心。', NULL, NULL, NULL, '66,68', '2024-05-03 09:03:57', 10, NULL, NULL, 54, 0, NULL),
(754, 137, '音樂的魔力', '音樂是一種神奇的力量，它能夠撫慰我們受傷的心靈，激勵我們內心的力量。每一首歌曲都是一段感人的故事，每一個音符都是一種情感的表達。音樂讓我們忘卻一切煩憂，尋找到內心的寧靜與安寧。希望能夠和大家一起分享音樂帶給我的美好時光。', NULL, NULL, NULL, '71,73', '2024-03-05 09:38:45', 10, NULL, NULL, 0, 0, NULL),
(755, 8, '旅行中的美好', '最近我去了一個美麗的地方旅行，那裡的風景令人嘆為觀止，讓我彷彿置身於一幅美麗的畫中。在那裡，我感受到了大自然的奧妙與神秘，讓我對生活充滿了希望與感激。旅行不僅是一種享受，更是一種心靈的洗禮，讓我們重新找回自己。希望能夠和大家一起分享這段美好的旅程。', 'tunel04.jpg', NULL, NULL, '8,9', '2024-05-03 09:03:54', 9, NULL, NULL, 45, 0, NULL),
(756, 13, '探索未知', '生活就像一場冒險，充滿了未知的挑戰和機遇。我們不斷地前進，探索著身邊的世界，尋找著屬於自己的那片天空。每一次的探險都是一次成長，讓我們變得更加堅強和勇敢。希望能夠和大家一起勇敢地踏上未知的旅程，迎接生活的挑戰。', 'quake03.jpg', NULL, NULL, '11,13', '2024-02-14 08:17:40', 9, NULL, NULL, 0, 0, NULL),
(757, 18, '追尋夢想', '每個人都有著自己的夢想，它是我們生活的動力和目標。追尋夢想的路上充滿了艱辛和挑戰，但只要我們不斷努力，就一定能夠實現自己的夢想。希望能夠和大家一起分享追尋夢想的旅程，共同努力，實現人生的目標。', NULL, NULL, NULL, '16,18', '2023-09-22 09:24:45', 9, NULL, NULL, 0, 0, NULL),
(758, 23, '感悟人生', '人生就像一本書，每一個故事都是一段感悟，每一個轉折都是一次成長。我們在人生的道路上不斷前行，學會著成長和堅強。感悟人生的意義，讓我們更加珍惜眼前的一切，珍惜與我們相伴的每一個人。', 'tunel04.jpg', NULL, NULL, '21,23', '2024-03-05 07:56:04', 9, NULL, NULL, 0, 0, NULL),
(759, 28, '珍惜當下', '人生充滿了不確定性，我們永遠不知道明天會發生什麼，所以要好好珍惜眼前的一切。每一個當下都是珍貴的，值得我們用心去感受和珍惜。希望能夠和大家一起珍惜當下，享受生活的每一個美好時刻。', 'tape06.jpg', NULL, NULL, '26,28', '2024-05-03 09:03:07', 9, NULL, NULL, 45, 0, NULL),
(760, 33, '感恩生活', '感恩生活中的每一個瞬間，感恩身邊的每一個人。生活給予我們太多太多，我們應該心存感激，珍惜所擁有的一切。每一個微笑，每一個感動，都是生活的贈禮。讓我們用一顆感恩的心去面對生活，用感恩的態度去對待每一個人。', 'western02.jpg', NULL, NULL, '31,33', '2024-05-03 08:19:28', 9, NULL, NULL, 0, 0, NULL),
(761, 38, '勇敢前行', '勇敢前行，不畏艱難，勇敢追尋心中的夢想。生活充滿了挑戰和困難，但只要我們勇敢地面對，就一定能夠克服一切。希望能夠和大家一起勇敢地前行，迎接生活的挑戰，實現自己的夢想。', 'frame03.jpg', NULL, NULL, '36,38', '2024-05-03 09:03:04', 9, NULL, NULL, 78, 0, NULL),
(762, 43, '夢想與現實', '夢想是我們生活的動力，是我們不斷奮鬥的目標。但夢想與現實之間總是存在著差距，我們需要努力去實現自己的夢想，不斷奮鬥，不斷前進。希望能夠和大家一起分享夢想與現實之間的掙扎，共同努力，實現自己的夢想。', NULL, NULL, NULL, '41,43', '2024-02-06 09:35:10', 9, NULL, NULL, 0, 0, NULL),
(763, 48, '熱愛生活', '熱愛生活，享受每一個當下。生活充滿了美好和希望，我們應該用一顆感恩的心去面對生活，用熱愛的態度去享受每一個當下。希望能夠和大家一起分享生活的美好，共同享受生活的每一個瞬間。', 'jpclinic04.jpg', NULL, NULL, '46,48', '2024-05-03 07:55:35', 9, NULL, NULL, 0, 0, NULL),
(764, 53, '堅持信念', '堅持信念，永遠不要放棄。人生充滿了挑戰和困難，但只要我們堅持信念，勇敢地面對，就一定能夠克服一切。希望能夠和大家一起堅持信念，勇敢前行，追尋自己的夢想。', NULL, NULL, NULL, '51,53', '2024-05-03 09:03:01', 9, NULL, NULL, 55, 0, NULL),
(765, 58, '感悟生命', '生命是一場旅程，充滿了感悟和體悟。我們在生命的道路上不斷成長，學會著珍惜和感恩。希望能夠和大家一起感悟生命的意義，珍惜眼前的一切，享受生活的每一個瞬間。', NULL, NULL, NULL, '56,58', '2024-03-05 09:41:25', 9, NULL, NULL, 0, 0, NULL),
(766, 63, '珍惜友情', '友情是生命中最珍貴的禮物，是我們生活中最美好的陪伴。在我們成長的道路上，朋友是我們最值得信賴的伙伴，是我們最真摯的知己。希望能夠和大家一起珍惜友情，感恩身邊的每一個朋友。', 'jproom04.jpg', NULL, NULL, '61,63', '2024-05-03 09:02:55', 9, NULL, NULL, 78, 0, NULL),
(767, 68, '感恩有你', '感恩有你的陪伴，感恩有你的關心。在生命的旅途中，我們遇到了很多人，但你是我最珍貴的朋友。希望能夠和你一起感恩，一起珍惜，一起走完生命的每一段旅程。', NULL, NULL, NULL, '66,68', '2024-03-03 09:45:35', 9, NULL, NULL, 0, 0, NULL),
(768, 22, '愛與包容', '愛是一種力量，它能夠激勵我們不斷成長，讓我們感受到生命的美好。在愛的世界裡，包容是一種美德，它能夠讓我們更加理解彼此，更加珍惜彼此。希望能夠和大家一起分享愛與包容的力量，共同努力，讓世界充滿更多的愛與溫暖。', 'frame04.jpg', NULL, NULL, '20,22', '2024-05-03 09:02:52', 8, NULL, NULL, 66, 0, NULL),
(769, 27, '生活的意義', '生活的意義在於不斷追尋，不斷成長。我們每個人都有自己的夢想和目標，只有不斷努力，才能夠實現自己的夢想，找到生活的意義。希望能夠和大家一起探討生活的意義，共同努力，實現自己的夢想。', 'church03.jpg', NULL, NULL, '25,27', '2024-03-05 08:00:04', 8, NULL, NULL, 0, 0, NULL),
(770, 32, '感受愛的力量', '愛是一種力量，它能夠改變一切。當我們用愛去面對生活，用愛去對待他人，就能夠感受到愛的力量。希望能夠和大家一起分享愛的力量，共同努力，讓世界充滿更多的愛和溫暖。', 'arcade04.jpg', NULL, NULL, '30,32', '2024-05-03 07:59:19', 8, NULL, NULL, 0, 0, NULL),
(771, 37, '追求夢想', '夢想是我們生活的動力，是我們不斷前行的目標。只有不斷努力，才能夠實現自己的夢想，找到生活的意義。希望能夠和大家一起追求夢想，共同努力，實現自己的夢想。', 'frame04.jpg', NULL, NULL, '35,37', '2024-05-03 08:01:15', 8, NULL, NULL, 0, 0, NULL),
(772, 42, '珍惜友情', '友情是生活中最珍貴的禮物，是我們最美好的陪伴。在我們生命的旅途中，朋友是我們最值得信賴的伙伴，是我們最真摯的知己。希望能夠和大家一起珍惜友情，感恩身邊的每一個朋友。', 'home03.jpg', NULL, NULL, '40,42', '2024-05-03 09:02:47', 8, NULL, NULL, 55, 0, NULL),
(773, 47, '堅持信念', '堅持信念，永遠不要放棄。人生充滿了挑戰和困難，但只要我們堅持信念，勇敢地面對，就一定能夠克服一切。希望能夠和大家一起堅持信念，勇敢前行，追尋自己的夢想。', 'gracehill02.jpg', NULL, NULL, '45,47', '2024-03-06 08:01:53', 8, NULL, NULL, 0, 0, NULL),
(774, 52, '感恩生活', '感恩生活中的每一個瞬間，感恩身邊的每一個人。生活給予我們太多太多，我們應該心存感激，珍惜所擁有的一切。每一個微笑，每一個感動，都是生活的贈禮。讓我們用一顆感恩的心去面對生活，用感恩的態度去對待每一個人。', 'tape01.jpg', NULL, NULL, '50,52', '2024-05-03 09:02:44', 8, NULL, NULL, 34, 0, NULL),
(775, 57, '勇敢前行', '勇敢前行，不畏艱難，勇敢追尋心中的夢想。生活充滿了挑戰和困難，但只要我們勇敢地面對，就一定能夠克服一切。希望能夠和大家一起勇敢地前行，迎接生活的挑戰，實現自己的夢想。', NULL, NULL, NULL, '55,57', '2024-03-04 10:03:35', 8, NULL, NULL, 0, 0, NULL),
(776, 12, '享受大自然', '大自然是生命的源泉，是我們生活中不可或缺的一部分。在大自然中，我們可以感受到無盡的生命力，可以感受到生命的美好。希望能夠和大家一起走進大自然，感受大自然的魅力，共同享受大自然帶給我們的快樂。', 'seaside05.jpg', NULL, NULL, '10,12', '2024-03-12 07:56:44', 7, NULL, NULL, 0, 0, NULL),
(777, 17, '探索未知', '生活充滿了未知，充滿了各種可能性。我們應該勇於探索，勇於面對未知的挑戰，才能夠更好地成長。希望能夠和大家一起勇敢地探索未知，共同發現生活的美好。', 'ufo01.jpg', NULL, NULL, '15,17', '2024-01-17 07:57:14', 7, NULL, NULL, 0, 0, NULL),
(778, 22, '尋找內心的平靜', '在這個喧囂的世界裡，我們常常感到焦慮和不安。但是，只要我們找到內心的平靜，就能夠抵擋外界的干擾，保持一顆平和的心。希望能夠和大家一起尋找內心的平靜，共同享受生活的寧靜。', 'tape06.jpg', NULL, NULL, '20,22', '2024-05-03 09:02:41', 7, NULL, NULL, 5, 0, NULL),
(779, 27, '感受美的力量', '美是生活中最珍貴的禮物，是我們生活中不可或缺的一部分。當我們感受美的力量，就能夠感受到生命的美好。希望能夠和大家一起分享美的力量，共同努力，讓世界充滿更多的美和溫暖。', 'dry01.jpg', NULL, NULL, '25,27', '2024-02-06 08:00:11', 7, NULL, NULL, 0, 0, NULL),
(780, 32, '探索宇宙奧秘', '宇宙是一個充滿奧秘的世界，是我們生命中無法逃避的一部分。我們應該勇於探索，勇於面對宇宙的奧秘，才能夠更加深入地理解生命的意義。希望能夠和大家一起探索宇宙的奧秘，共同感受宇宙的神奇。', 'arcade07.jpg', NULL, NULL, '30,32', '2024-05-03 09:02:38', 7, NULL, NULL, 44, 0, NULL),
(781, 37, '品味生活', '生活是一首美麗的詩，是一幅精彩的畫。我們應該用心去品味生活，用心去感受生活的美好。希望能夠和大家一起品味生活，共同感受生活的美妙。', 'tape06.jpg', NULL, NULL, '35,37', '2024-05-09 15:32:41', 7, NULL, NULL, 34, 0, NULL),
(782, 42, '探索知識的海洋', '知識是生命中最珍貴的財富，是我們不斷前行的動力。我們應該勇於探索知識的海洋，不斷學習，不斷成長。希望能夠和大家一起探索知識的海洋，共同追尋真理。', NULL, NULL, NULL, '40,42', '2024-05-03 09:02:33', 7, NULL, NULL, 55, 0, NULL),
(783, 47, '感受音樂的魅力', '音樂是生活中最美妙的禮物，是我們生活中不可或缺的一部分。當我們聽音樂時，就能夠感受到生命的美好。希望能夠和大家一起分享音樂的魅力，共同感受生活的美好。', 'jpclinic04.jpg', NULL, NULL, '45,47', '2024-05-03 09:02:30', 7, NULL, NULL, 56, 0, NULL),
(784, 5, '探索廢墟之美', '探索廢墟就像踏入被時間凍結的另一個世界。腐朽的牆壁、蔓延的植被和陰森的寂靜述說著過去的故事。每張照片都像是我在解開謎團，這些被遺忘的地方承載著令人心驚的美麗。讓我們一起踏上這趟穿越時光的旅程。', '1714466602184house04.jpg', NULL, NULL, '3,5', '2024-05-06 05:56:15', 6, NULL, NULL, 874, 0, NULL),
(785, 12, '迷失於腐朽之中', '在腐朽之中，我找到了美。每一根生鏽的樑柱和崩塌的牆壁都講述著被遺忘的生活和被摒棄的夢想。透過我的鏡頭，我捕捉到了腐朽的詩意，自然重新收復了人類所遺留下的一切。探索這些廢墟是一次對過去的旅程，也是對一切事物無常性的提醒。', 'quake02.jpg', NULL, NULL, '10,12', '2024-05-03 09:02:16', 6, NULL, NULL, 45, 0, NULL),
(786, 19, '被遺忘的回憶', '在被遺棄的地方的寂靜中，我聽到了被遺忘的回憶的低語。每張照片都是過去的一扇窗，展示了曾經居住在這些地方的人的故事。腐朽變成了藝術，美從廢墟中崛起。加入我們，一起探索被遺忘的、凍結在時光中的瞬間。', 'woodhut01.jpg', NULL, NULL, '17,19', '2023-11-18 08:18:36', 6, NULL, NULL, 0, 0, NULL),
(787, 25, '腐朽之美', '在瓦礫和腐朽之中，仍然存在著一種美。我尋找被遺忘的地方，被損壞的建築和被遺忘的風景吸引了我。透過我的攝影作品，我努力捕捉腐朽和美之間的微妙平衡，揭示了廢棄中存在的詩意。加入我，一起探索腐朽的魅力。', 'ktv01.jpg', NULL, NULL, '23,25', '2024-05-03 09:02:12', 6, NULL, NULL, 44, 0, NULL),
(788, 32, '過去的回音', '在被遺棄的地方的寂靜中，我聽到了過去的回音。每張照片都是歷史的碎片，是那些先前生活在這裡的人的一瞥。腐朽成為一個畫布，自然用鏽和常春藤作畫。加入我們，一起漫步在被遺忘的走廊和崩潰的外牆之間，捕捉腐朽之美。', 'dry03.jpg', NULL, NULL, '30,32', '2024-05-03 08:00:42', 6, NULL, NULL, 0, 0, NULL),
(789, 39, '令人難忘的廢墟', '被遺棄的地方有一種令人難忘的美，一種悲傷的優雅，能夠俘虜靈魂。我被遺忘的地方吸引著，時間仿佛停滯了，腐朽卻主宰著一切。透過我的鏡頭，我追求捕捉腐朽的迷人魅力，將廢墟變成藝術。加入我們，一起探索被遺忘中的美。', 'home3.jpg', NULL, NULL, '37,39', '2024-05-03 09:02:09', 6, NULL, NULL, 76, 0, NULL),
(790, 46, '破碎的夢想', '在被遺棄的建築物的崩塌遺址中，我找到了破碎的夢想的痕跡。每張照片都講述著希望、失落和時間的流逝。透過我的鏡頭，我追求捕捉腐朽之美，將寂靜的思考時刻定格在瓦礫中。加入我們，一起踏上探索被遺棄之地的旅程，那裡的美在腐朽中蓬勃發展。', 'jpclinic04.jpg', NULL, NULL, '44,46', '2024-05-09 15:40:18', 6, NULL, NULL, 2, 0, NULL),
(792, 5, '廢墟美食探險', '廢墟美食探險是一場獨特的冒險，那裡蘊藏著無限的驚喜。我沿著荒廢的小徑，發現了被遺忘的餐廳和破敗的烹飪工作室。在廢墟中，我發現了被遺忘的食譜和珍貴的食材，這些都是經過時間考驗的美味。加入我，一起品嚐廢墟美食的獨特魅力！', 'oldtv02.jpg', NULL, NULL, '3,5', '2024-05-03 09:02:05', 7, NULL, NULL, 33, 0, NULL),
(793, 12, '廢墟烹飪之旅', '在廢墟中尋找美食是一場挑戰，也是一場冒險。我在古老的建築中發現了被遺忘的烹飪技巧和古老的食譜。儘管環境艱苦，但這些廢墟中的美食仍然是令人垂涎的。跟著我的鏡頭，一起探索廢墟中的美食之旅！', NULL, NULL, NULL, '10,12', '2024-03-18 10:47:15', 7, NULL, NULL, 0, 0, NULL),
(795, 25, '廢墟美食探險', '廢墟中的美食探險是一場刺激又充滿挑戰的旅程。我發現了被遺忘的餐廳和廚房，那裡蘊藏著古老的食譜和神秘的食材。在這些廢墟中，我學會了創造美味的料理，並品嚐了令人難忘的美食饗宴。加入我，一起探索廢墟中的美食奇跡！', NULL, NULL, NULL, '23,25', '2024-04-11 10:51:45', 7, NULL, NULL, 0, 0, NULL),
(796, 32, '廢墟美食之旅', '廢墟美食之旅將你帶入一個充滿驚喜和挑戰的世界。我在荒廢的建築中發現了被遺忘的烹飪技巧和珍貴的食材。在這些廢墟中，我學會了如何利用有限的資源創造出令人難以置信的美食。加入我，一起品嚐廢墟中的美食寶藏！', 'woodhut02.jpg', NULL, NULL, '30,32', '2024-05-03 09:02:00', 7, NULL, NULL, 34, 0, NULL),
(797, 39, '廢墟烹飪探險', '廢墟烹飪探險帶你進入一個充滿神秘和驚喜的世界。我穿越荒廢的地方，發現了被遺忘的食譜和古老的烹飪技巧。在這些廢墟中，我學會了如何創造美味的料理，並品嚐了令人難以置信的美食。加入我，一起探索廢墟中的美食寶藏！', 'dummy01.jpg', NULL, NULL, '37,39', '2024-03-15 08:01:00', 7, NULL, NULL, 0, 0, NULL),
(798, 46, '廢墟美食之旅', '廢墟美食之旅是一場挑戰，也是一場冒險。我穿越荒廢的建築，尋找被遺忘的食譜和烹飪技巧。在廢墟中，我發現了令人驚嘆的美食寶藏，品嚐了令人難以置信的美味佳餚。加入我，一起探索廢墟中的美食奇跡！', NULL, NULL, NULL, '44,46', '2024-03-13 10:58:30', 7, NULL, NULL, 0, 0, NULL),
(799, 7, '廢墟科技探索', '廢墟科技探索是一場刺激的冒險，那裡蘊藏著古老的技術和神秘的發明。我在荒廢的工廠和破敗的實驗室中發現了令人難以置信的科技遺產。這些被遺忘的發明將改變我們對過去科技的理解，並啟發我們對未來的想像。加入我，一起探索廢墟科技的奇妙世界！', 'tempuse.jpg', NULL, NULL, '5,7', '2024-05-03 07:46:47', 8, NULL, NULL, 0, 0, NULL),
(800, 14, '廢墟科技探險', '廢墟科技探險帶你進入一個神秘的世界，那裡有被遺忘的科技和神秘的發明。我在荒廢的工廠和破敗的研究所中發現了令人驚嘆的科技寶藏。這些被遺忘的發明將改變我們對科技的看法，並啟發我們對未來的探索。加入我，一起探索廢墟科技的奧秘！', NULL, NULL, NULL, '12,14', '2023-12-04 11:02:15', 8, NULL, NULL, 0, 0, NULL),
(801, 21, '廢墟科技之旅', '廢墟科技之旅將你帶入一個充滿挑戰和驚喜的世界。我在荒廢的建築中發現了被遺忘的科技和古老的發明。在這些廢墟中，我學到了許多關於過去科技的知識，並啟發了對未來的想像。加入我，一起探索廢墟科技的奧秘之旅！', 'woodhut03.jpg', NULL, NULL, '19,21', '2024-05-03 09:01:57', 8, NULL, NULL, 56, 0, NULL),
(802, 28, '廢墟科技之旅', '廢墟科技之旅是一場挑戰，也是一場冒險。我穿越荒廢的建築，尋找被遺忘的科技和古老的發明。在廢墟中，我發現了令人驚嘆的科技寶藏，並了解到過去的科技對我們的影響。加入我，一起探索廢墟科技的奧秘之旅！', NULL, NULL, NULL, '26,28', '2024-02-21 11:06:45', 8, NULL, NULL, 0, 0, NULL),
(803, 35, '廢墟科技探險', '廢墟科技探險將你帶入一個充滿神秘和挑戰的世界。我穿越荒廢的地方，發現了被遺忘的科技和古老的發明。在這些廢墟中，我學到了許多關於科技的知識，並了解到過去的科技對我們的影響。加入我，一起探索廢墟科技的奧秘！', NULL, NULL, NULL, '33,35', '2024-05-03 11:09:00', 8, NULL, NULL, 0, 0, NULL),
(804, 42, '廢墟科技之旅', '廢墟科技之旅是一場挑戰，也是一場冒險。我在荒廢的建築中發現了被遺忘的科技和古老的發明。這些被遺忘的發明將改變我們對科技的理解，並啟發我們對未來的想像。加入我，一起探索廢墟科技的奇妙世界！', 'horse08.jpg', NULL, NULL, '40,42', '2024-03-06 08:02:18', 8, NULL, NULL, 0, 0, NULL),
(805, 49, '廢墟科技探險', '廢墟科技探險是一場挑戰，也是一場冒險。我穿越荒廢的地方，發現了被遺忘的科技和古老的發明。這些被遺忘的發明將改變我們對科技的看法，並啟發我們對未來的探索。加入我，一起探索廢墟科技的奧秘！', 'school04.jpg', NULL, NULL, '47,49', '2024-05-03 09:01:53', 8, NULL, NULL, 54, 0, NULL),
(815, 7, '廢墟自然探索', '走入廢墟，你會發現自然的力量是如此強大。在這些荒廢的地方，植物重新佔據了生存的空間，生命在废墟中延續。我觀察到了植物的生長，動物的活動以及微小生物的存在。這些廢墟成為了生態系統的一部分，展示了自然與人類活動之間的微妙平衡。加入我，一起探索廢墟中的自然奇觀！', 'quake04.jpg', NULL, NULL, '5,7', '2024-05-03 09:01:49', 9, NULL, NULL, 56, 0, NULL),
(816, 14, '廢墟生態觀察', '在廢墟中觀察自然的美麗和力量。這些荒廢的地方充滿了生命，植物在破敗的建築中茁壯成長，動物找到了安身之所。我靜靜地觀察著，看到了自然界的驚奇和美麗。這些廢墟不僅是城市的遺址，更是自然生態的樂園。加入我，一起探索廢墟生態的奧秘！', 'steel05.jpg', NULL, NULL, '12,14', '2024-05-03 09:01:47', 9, NULL, NULL, 45, 0, NULL),
(817, 21, '廢墟中的生態奇觀', '走進廢墟，你會看到自然與破敗建築之間的奇妙連結。植物在荒廢的地方茁壯成長，動物找到了避難所。我靜靜地觀察著，見證了生命的頑強和美麗。這些廢墟不僅是城市的遺址，更是自然生態的寶庫。加入我，一起探索廢墟中的自然奇觀！', 'church01.jpg', NULL, NULL, '19,21', '2024-05-03 09:01:42', 9, NULL, NULL, 34, 0, NULL),
(818, 28, '廢墟中的自然奇觀', '走入廢墟，你會看到自然界的力量和美麗。在這些荒廢的地方，植物和動物找到了生存的空間，生命在废墟中繼續。我觀察到了植物的生長，動物的活動以及自然的變化。加入我，一起探索廢墟中的自然奇觀，感受大自然的神奇！', 'seaside04.jpg', NULL, NULL, '26,28', '2024-05-03 09:01:34', 9, NULL, NULL, 12, 0, NULL),
(819, 35, '廢墟自然探索', '廢墟中的自然美景令人驚嘆。在這些荒廢的地方，植物和動物找到了生存的空間，生命在废墟中延續。我觀察到了植物的生長，動物的活動以及自然的變化。這些廢墟成為了生態系統的一部分，展示了自然與人類活動之間的微妙平衡。加入我，一起探索廢墟中的自然奇觀！', 'church02.jpg', NULL, NULL, '33,35', '2024-05-03 09:01:28', 9, NULL, NULL, 21, 0, NULL),
(827, 189, '廢墟自然探索', '廢墟中的自然美景令人驚嘆。在這些荒廢的地方，植物和動物找到了生存的空間，生命在废墟中延續。我觀察到了', '1714975902506mohammed-idris-djoudi-Lj-zGi51VW0-unsplash.jpg', NULL, NULL, NULL, '2024-05-07 03:52:38', NULL, '', NULL, 14, 0, '');

-- --------------------------------------------------------

--
-- 資料表結構 `sn_post_favorites`
--

CREATE TABLE `sn_post_favorites` (
  `favorite_id` int(11) NOT NULL,
  `user_id` int(11) DEFAULT NULL,
  `post_id` int(11) DEFAULT NULL
) ENGINE=InnoDB DEFAULT CHARSET=utf8mb4 COLLATE=utf8mb4_general_ci;

-- --------------------------------------------------------

--
-- 資料表結構 `sn_post_likes`
--

CREATE TABLE `sn_post_likes` (
  `like_id` int(11) NOT NULL,
  `user_id` int(11) DEFAULT NULL,
  `post_id` int(11) DEFAULT NULL
) ENGINE=InnoDB DEFAULT CHARSET=utf8mb4 COLLATE=utf8mb4_general_ci;

--
-- 傾印資料表的資料 `sn_post_likes`
--

INSERT INTO `sn_post_likes` (`like_id`, `user_id`, `post_id`) VALUES
(1, NULL, 564),
(3, 190, 583),
(4, 189, 615),
(7, 194, 848),
(8, 193, 848),
(10, 194, 851),
(11, 195, 851),
(14, 194, 853),
(15, 194, 855),
(18, 195, 847),
(19, 194, 847),
(21, 195, 858),
(22, 194, 858),
(23, 194, 862),
(24, 195, 862),
(30, 195, 862),
(31, 195, 868),
(51, 193, 868);

-- --------------------------------------------------------

--
-- 資料表結構 `sn_public_boards`
--

CREATE TABLE `sn_public_boards` (
  `board_id` int(11) NOT NULL,
  `board_name` varchar(255) DEFAULT NULL,
  `description` text DEFAULT NULL
) ENGINE=InnoDB DEFAULT CHARSET=utf8mb4 COLLATE=utf8mb4_general_ci;

--
-- 傾印資料表的資料 `sn_public_boards`
--

INSERT INTO `sn_public_boards` (`board_id`, `board_name`, `description`) VALUES
(1, '綜合', '綜合討論與分享'),
(2, '建築探險', '分享各種建築探險的經驗與心得'),
(3, '歷史考古', '探討世界各地的歷史與考古發現'),
(4, '藝術展覽', '分享藝術展覽資訊與心得'),
(5, '奇幻小說', '討論各種奇幻小說作品'),
(6, '攝影技巧', '交流攝影技巧與分享作品'),
(7, '美食之旅', '分享各地美食的探索之旅'),
(8, '科技前沿', '討論最新科技發展'),
(9, '自然觀察', '觀察大自然的美與奇蹟'),
(10, '音樂分享', '分享各種音樂風格與心得');

-- --------------------------------------------------------

--
-- 資料表結構 `sn_search_history`
--

CREATE TABLE `sn_search_history` (
  `history_id` int(11) NOT NULL,
  `user_id` int(11) NOT NULL,
  `search_keyword` varchar(255) NOT NULL,
  `search_timestamp` timestamp NOT NULL DEFAULT current_timestamp()
) ENGINE=InnoDB DEFAULT CHARSET=utf8mb4 COLLATE=utf8mb4_general_ci;

--
-- 傾印資料表的資料 `sn_search_history`
--

INSERT INTO `sn_search_history` (`history_id`, `user_id`, `search_keyword`, `search_timestamp`) VALUES
(2, 2, '旅遊', '2024-01-24 00:15:30'),
(3, 3, '美食', '2024-01-24 00:30:18'),
(4, 4, '手作', '2024-01-24 00:45:02'),
(5, 5, '電影推薦', '2024-01-24 01:00:49'),
(6, 2, '健身', '2024-01-24 01:15:12'),
(7, 3, '音樂', '2024-01-24 01:30:30'),
(8, 4, '攝影技巧', '2024-01-24 01:45:11'),
(9, 5, '閱讀推薦', '2024-01-24 02:00:27'),
(10, 2, '手搖飲', '2024-01-24 02:15:14'),
(11, 3, '動畫', '2024-01-24 02:30:40'),
(12, 4, '美妝', '2024-01-24 02:45:22'),
(13, 5, '科技新聞', '2024-01-24 03:00:08'),
(14, 2, '寵物養護', '2024-01-24 03:15:17'),
(15, 3, '旅遊景點', '2024-01-24 03:30:45'),
(16, 4, '手工藝品', '2024-01-24 03:50:29'),
(17, 5, '心理學', '2024-01-24 04:15:12'),
(18, 2, '遊戲推薦', '2024-01-24 04:40:20'),
(19, 3, '家庭規劃', '2024-01-24 05:05:37'),
(20, 4, '手機App', '2024-01-24 05:30:09'),
(21, 5, '生態保育', '2024-01-24 05:55:18'),
(22, 2, '科學知識', '2024-01-24 06:20:45'),
(23, 3, '汽車評價', '2024-01-24 06:45:30'),
(24, 4, '新書推薦', '2024-01-24 07:10:20'),
(25, 5, '戶外活動', '2024-01-24 07:35:27'),
(26, 2, '手遊攻略', '2024-01-24 08:00:14'),
(27, 3, '國際新聞', '2024-01-24 08:25:40'),
(28, 4, '投資理財', '2024-01-24 08:50:29'),
(29, 5, '電子產品評價', '2024-01-24 09:15:12'),
(30, 2, '美容保養', '2024-01-24 09:40:25'),
(31, 1, '旅遊', '2024-01-23 08:45:12'),
(32, 1, '美食', '2024-01-23 09:12:34'),
(33, 1, '音樂', '2024-01-23 09:35:45'),
(34, 1, '電影', '2024-01-23 10:02:19'),
(35, 1, '科技', '2024-01-23 10:24:58'),
(36, 1, '健身', '2024-01-23 10:50:37'),
(37, 1, '閱讀', '2024-01-23 11:15:42'),
(38, 1, '攝影', '2024-01-23 11:38:59'),
(39, 1, '遊戲', '2024-01-23 12:05:17'),
(40, 1, '藝術', '2024-01-23 12:27:45'),
(41, 1, '設計', '2024-01-23 12:52:31'),
(42, 1, '寵物', '2024-01-23 13:15:49'),
(43, 1, '偶像', '2024-01-23 13:40:23'),
(44, 1, '汽車', '2024-01-23 14:03:58'),
(45, 1, '手作', '2024-01-23 14:29:14'),
(46, 1, '足球', '2024-01-23 14:51:42'),
(47, 1, '美容', '2024-01-23 15:17:09'),
(48, 1, '養生', '2024-01-23 15:40:27');

-- --------------------------------------------------------

--
-- 資料表結構 `sn_tagged_users`
--

CREATE TABLE `sn_tagged_users` (
  `tu_id` int(11) NOT NULL,
  `user_id` int(11) DEFAULT NULL
) ENGINE=InnoDB DEFAULT CHARSET=utf8mb4 COLLATE=utf8mb4_general_ci;

--
-- 傾印資料表的資料 `sn_tagged_users`
--

INSERT INTO `sn_tagged_users` (`tu_id`, `user_id`) VALUES
(1, 1),
(31, 1),
(32, 1),
(33, 1),
(34, 1),
(35, 1),
(36, 1),
(37, 1),
(38, 1),
(39, 1),
(40, 1),
(41, 1),
(42, 1),
(43, 1),
(44, 1),
(45, 1),
(46, 1),
(47, 1),
(48, 1),
(2, 2),
(6, 2),
(10, 2),
(14, 2),
(18, 2),
(22, 2),
(26, 2),
(30, 2),
(3, 3),
(7, 3),
(11, 3),
(15, 3),
(19, 3),
(23, 3),
(27, 3),
(4, 4),
(8, 4),
(12, 4),
(16, 4),
(20, 4),
(24, 4),
(28, 4),
(5, 5),
(9, 5),
(13, 5),
(17, 5),
(21, 5),
(25, 5),
(29, 5);

-- --------------------------------------------------------

--
-- 資料表結構 `sn_user_relationships`
--

CREATE TABLE `sn_user_relationships` (
  `relation_id` int(11) NOT NULL,
  `user_id` int(11) NOT NULL,
  `friend_id` int(11) DEFAULT NULL,
  `followed_user_id` int(11) DEFAULT NULL,
  `relation_type` varchar(50) NOT NULL
) ENGINE=InnoDB DEFAULT CHARSET=utf8mb4 COLLATE=utf8mb4_general_ci;

-- --------------------------------------------------------

--
-- 資料表結構 `tony_favtour_book`
--

CREATE TABLE `tony_favtour_book` (
  `bid` int(11) NOT NULL,
  `book_name` varchar(20) NOT NULL
) ENGINE=InnoDB DEFAULT CHARSET=utf8mb4 COLLATE=utf8mb4_general_ci;

--
-- 傾印資料表的資料 `tony_favtour_book`
--

INSERT INTO `tony_favtour_book` (`bid`, `book_name`) VALUES
(1, '工廠'),
(2, '森林秘境'),
(3, '測試');

-- --------------------------------------------------------

--
-- 資料表結構 `tony_favtour_list`
--

CREATE TABLE `tony_favtour_list` (
  `favlist_id` int(11) NOT NULL,
  `user_id` int(11) NOT NULL,
  `tour_id` int(11) NOT NULL,
  `bid` int(11) NOT NULL
) ENGINE=InnoDB DEFAULT CHARSET=latin1 COLLATE=latin1_swedish_ci;

--
-- 傾印資料表的資料 `tony_favtour_list`
--

INSERT INTO `tony_favtour_list` (`favlist_id`, `user_id`, `tour_id`, `bid`) VALUES
(1, 190, 5, 2),
(2, 3, 15, 0),
(3, 2, 28, 0),
(4, 4, 12, 0),
(5, 1, 41, 0),
(6, 3, 8, 0),
(7, 2, 36, 0),
(8, 4, 22, 0),
(9, 1, 49, 0),
(10, 190, 2, 1),
(11, 2, 17, 0),
(12, 4, 31, 0),
(13, 1, 46, 0),
(14, 3, 7, 0),
(15, 2, 20, 0),
(16, 4, 35, 0),
(17, 1, 13, 0),
(18, 3, 25, 0),
(19, 2, 43, 0),
(20, 4, 19, 0),
(21, 1, 11, 0),
(22, 3, 30, 0),
(23, 2, 38, 0),
(24, 4, 45, 0),
(25, 1, 9, 0),
(26, 3, 27, 0),
(27, 2, 34, 0),
(28, 4, 48, 0),
(29, 1, 42, 0),
(30, 3, 16, 0),
(31, 2, 24, 0),
(32, 4, 37, 0),
(33, 1, 50, 0),
(34, 190, 4, 2),
(35, 2, 18, 0),
(36, 4, 33, 0),
(37, 1, 10, 0),
(38, 3, 21, 0),
(39, 2, 29, 0),
(40, 4, 44, 0),
(41, 190, 3, 1),
(42, 3, 26, 0),
(43, 2, 39, 0),
(44, 4, 47, 0),
(45, 1, 14, 0),
(46, 3, 23, 0),
(47, 2, 40, 0),
(48, 4, 32, 0),
(49, 190, 6, 3),
(50, 10, 15, 0);

-- --------------------------------------------------------

--
-- 資料表結構 `tony_rating_comment`
--

CREATE TABLE `tony_rating_comment` (
  `rid` int(11) NOT NULL,
  `user_id` int(11) NOT NULL,
  `tour_id` int(11) NOT NULL,
  `rating_scores` int(11) NOT NULL,
  `comment_content` varchar(255) CHARACTER SET utf8 COLLATE utf8_general_ci NOT NULL,
  `created_at` timestamp NOT NULL DEFAULT current_timestamp() ON UPDATE current_timestamp()
) ENGINE=InnoDB DEFAULT CHARSET=utf8mb4 COLLATE=utf8mb4_general_ci;

--
-- 傾印資料表的資料 `tony_rating_comment`
--

INSERT INTO `tony_rating_comment` (`rid`, `user_id`, `tour_id`, `rating_scores`, `comment_content`, `created_at`) VALUES
(1, 190, 1, 5, '非常好的體驗，有經驗的夥伴讓我們的探險避免許多麻煩，而且他的攝影技術好，很會引導我擺出自然的姿態。拍了美照滿載而歸~', '2024-05-06 02:44:49'),
(2, 182, 1, 4, '感覺有點快就結束了，但地點還是滿有特色的，適合喜歡簡短嘗鮮的探險者', '2024-05-06 02:44:49'),
(3, 20, 1, 4, '出發前太過期待，結果到了之後發現有些地方被破壞了，可惜不能看見這地方完整的原貌', '2024-05-06 02:44:49'),
(4, 34, 1, 5, '我的第一次廢墟探險就獻給他了！', '2024-05-06 02:44:49'),
(5, 17, 1, 4, '主揪幽默風趣，一開始就跟同行的夥伴們聊開了，有看到他發起的行程的話肯定要再參加。', '2024-05-06 02:44:49');

-- --------------------------------------------------------

--
-- 資料表結構 `tony_tour_category`
--

CREATE TABLE `tony_tour_category` (
  `cid` int(11) NOT NULL,
  `category_name` varchar(10) CHARACTER SET utf8 COLLATE utf8_general_ci NOT NULL
) ENGINE=InnoDB DEFAULT CHARSET=utf8mb4 COLLATE=utf8mb4_general_ci;

--
-- 傾印資料表的資料 `tony_tour_category`
--

INSERT INTO `tony_tour_category` (`cid`, `category_name`) VALUES
(1, '古厝洋樓'),
(2, '度假飯店'),
(3, '工廠'),
(4, '電影院'),
(5, '百貨公司'),
(6, '娛樂場所'),
(7, '醫院診所'),
(8, '遊樂園'),
(9, '學校'),
(10, '旅館餐廳'),
(11, '歷史建築');

-- --------------------------------------------------------

--
-- 資料表結構 `tony_tour_images`
--

CREATE TABLE `tony_tour_images` (
  `tour_img_id` int(11) NOT NULL,
  `tour_id` int(11) NOT NULL,
  `image_url` varchar(255) DEFAULT NULL,
  `image_descrip` varchar(50) CHARACTER SET utf8 COLLATE utf8_general_ci NOT NULL
) ENGINE=InnoDB DEFAULT CHARSET=latin1 COLLATE=latin1_swedish_ci;

--
-- 傾印資料表的資料 `tony_tour_images`
--

INSERT INTO `tony_tour_images` (`tour_img_id`, `tour_id`, `image_url`, `image_descrip`) VALUES
(1, 1, 'anju01', '陰暗的半地下室因為陽光的照射增添了些許溫暖'),
(2, 1, 'anju02', '爬滿藤蔓的牆面幾乎掩蓋了建築原有的樣子'),
(3, 1, 'arcade01', ''),
(4, 1, 'arcade06', ''),
(5, 1, 'arcade05', ''),
(6, 2, 'arcade03', ''),
(7, 2, 'arcade04', ''),
(8, 2, 'arcade02', ''),
(9, 2, 'church01', ''),
(10, 2, 'church02', ''),
(11, 3, 'church03', ''),
(12, 3, 'dry01', ''),
(13, 3, 'dry02', ''),
(14, 3, 'dry03', ''),
(15, 3, 'dry04', ''),
(16, 4, 'arcade07', ''),
(17, 4, 'dummy01', ''),
(18, 4, 'dummy02', ''),
(19, 4, 'dummy03', ''),
(20, 4, NULL, ''),
(21, 5, 'frame01', ''),
(22, 5, 'frame02', ''),
(23, 5, 'frame03', ''),
(24, 5, 'frame04', ''),
(25, 5, NULL, ''),
(26, 6, 'grass01', ''),
(27, 6, 'grass02', ''),
(28, 6, 'grass03', ''),
(29, 6, 'greenhouse', ''),
(30, 6, 'guitar', ''),
(31, 7, 'home01', ''),
(32, 7, 'home02', ''),
(33, 7, 'home03', ''),
(34, 7, 'home04', ''),
(35, 7, NULL, ''),
(36, 8, 'hotel01', ''),
(37, 8, 'hotel02', ''),
(38, 8, 'hotel03', ''),
(39, 8, 'hotel04', ''),
(40, 8, 'hotel05', ''),
(41, 9, 'horse01', ''),
(42, 9, 'horse02', ''),
(43, 9, 'horse03', ''),
(44, 9, 'horse04', ''),
(45, 9, 'horse05', ''),
(46, 10, 'house01', ''),
(47, 10, 'house02', ''),
(48, 10, 'house03', ''),
(49, 10, 'house04', ''),
(50, 10, 'house05', ''),
(53, 71, '/img/rise.jpg', '天井'),
(54, 71, '/img/sink.jpg', '洗手'),
(55, 71, '/img/tower.jpg', 'to heaven'),
(56, 11, 'jpclinic01', ''),
(57, 11, 'jpclinic02', ''),
(58, 11, 'jpclinic03', ''),
(59, 11, 'jpclinic04', ''),
(60, 11, 'jpclinic06', ''),
(61, 12, 'jpclinic07', ''),
(62, 12, 'jpclinic08', ''),
(63, 12, 'jpclinic09', ''),
(64, 12, 'jproom01', ''),
(65, 12, 'jproom02', ''),
(66, 13, 'jproom03', ''),
(67, 13, 'jproom04', ''),
(68, 13, 'jproom05', ''),
(69, 13, 'jproom06', ''),
(70, 13, 'ktv01', ''),
(71, 14, 'ktv02', ''),
(72, 14, 'ktv03', ''),
(73, 14, 'ktv04', ''),
(74, 14, 'ktv05', ''),
(75, 14, 'light', ''),
(76, 15, 'malay01', ''),
(77, 15, 'malay02', ''),
(78, 15, 'malay03', ''),
(79, 15, 'oldtv01', ''),
(80, 15, 'oldtv02', ''),
(81, 16, 'oldtv03', ''),
(82, 16, 'oldtv04', ''),
(83, 16, 'pink01', ''),
(84, 16, 'pink02', ''),
(85, 16, 'pink03', ''),
(86, 17, 'pink04', ''),
(87, 17, 'quake01', ''),
(88, 17, 'quake02', ''),
(89, 17, 'quake03', ''),
(90, 17, 'quake04', ''),
(91, 18, 'room01', ''),
(92, 18, 'room02', ''),
(93, 181, 'room03', ''),
(94, 18, 'room04', ''),
(95, 18, 'school01', ''),
(96, 19, 'school02', ''),
(97, 19, 'school03', ''),
(98, 19, 'school04', ''),
(99, 19, 'school05', ''),
(100, 19, 'school06', ''),
(101, 20, 'sculpture01', ''),
(102, 20, 'sculpture02', ''),
(103, 20, 'seaside01', ''),
(104, 20, 'seaside02', ''),
(105, 20, 'seaside03', ''),
(106, 21, 'seaside04', ''),
(107, 22, 'seaside05', ''),
(108, 23, 'seaside06', ''),
(109, 24, 'settlement01', ''),
(110, 25, 'settlement02', ''),
(111, 26, 'settlement03', ''),
(112, 27, 'shelter01', ''),
(113, 28, 'shelter02', ''),
(114, 29, 'shelter03', ''),
(115, 30, 'shelter04', ''),
(116, 31, 'shelter05', ''),
(117, 32, 'steel01', ''),
(118, 33, 'steel02', ''),
(119, 34, 'steel03', ''),
(120, 35, 'steel04', ''),
(121, 36, 'steel05', ''),
(122, 37, 'tape01', ''),
(123, 38, 'tape02', ''),
(124, 39, 'tape03', ''),
(125, 40, 'tape04', ''),
(126, 41, 'tape05', ''),
(127, 42, 'tape06', ''),
(128, 43, 'tape07', ''),
(129, 44, 'tunel01', ''),
(130, 45, 'tunel02', ''),
(131, 46, 'tunel03', ''),
(132, 47, 'tunel04', ''),
(133, 48, 'tunel05', ''),
(134, 49, 'western01', '');

-- --------------------------------------------------------

--
-- 資料表結構 `tony_tour_level`
--

CREATE TABLE `tony_tour_level` (
  `level_id` int(11) NOT NULL,
  `level_name` varchar(20) NOT NULL
) ENGINE=InnoDB DEFAULT CHARSET=utf8 COLLATE=utf8_general_ci;

--
-- 傾印資料表的資料 `tony_tour_level`
--

INSERT INTO `tony_tour_level` (`level_id`, `level_name`) VALUES
(1, '簡單'),
(2, '中等'),
(3, '困難');

-- --------------------------------------------------------

--
-- 資料表結構 `tony_tour_location`
--

CREATE TABLE `tony_tour_location` (
  `ruin_id` int(11) NOT NULL,
  `ruin_name` varchar(20) CHARACTER SET utf8 COLLATE utf8_general_ci NOT NULL,
  `cid` varchar(11) NOT NULL,
  `area` int(11) NOT NULL,
  `city` int(11) NOT NULL,
  `ruin_address` varchar(100) CHARACTER SET utf8 COLLATE utf8_general_ci NOT NULL
) ENGINE=InnoDB DEFAULT CHARSET=latin1 COLLATE=latin1_swedish_ci;

--
-- 傾印資料表的資料 `tony_tour_location`
--

INSERT INTO `tony_tour_location` (`ruin_id`, `ruin_name`, `cid`, `area`, `city`, `ruin_address`) VALUES
(1, '安和路飛碟屋', '1', 1, 2, '台北市大安區敦化南路二段88號'),
(2, '頭汴坑警察官吏派出所', '1', 2, 8, '臺中市太平區頭汴里長龍路2段11巷2號'),
(3, '飛宏象山國際聯誼中心', '2,8', 1, 2, '台北市信義路五段150巷495號'),
(4, '社子大戲院', '4', 1, 2, '台北市士林區社中街33巷3號'),
(5, '麗庭莊園', '6', 1, 2, '台北市內湖區行忠路29號'),
(6, '中外百貨', '5,6', 1, 2, '台北市中正區衡陽路120號'),
(7, '蘭州國宅', '8', 1, 2, '台北市大同區昌吉街61巷35弄2號'),
(8, '陸軍保養廠', '3', 1, 2, '台北市信義區'),
(9, '基隆路招待所', '1,11', 1, 2, '台北市信義區基隆路一段366號'),
(10, '嘉禾新村', '1', 1, 2, '台北市中正區永春街131巷1號'),
(11, '松山台鐵宿舍', '1,11', 1, 2, '台北市信義區市民大道五段4號'),
(12, '義芳居古厝', '1', 1, 2, '台北市大安區基隆路三段155巷128號'),
(13, '撫臺街洋樓', '1,11', 1, 2, '台北市中正區延平南路26號'),
(14, '第二台北市議會大廈', '11', 1, 2, '台北市中正區忠孝西路一段2號'),
(15, '北投亞太溫泉生活館', '2', 1, 2, '台北市北投區溫泉路銀光巷21-2號'),
(16, '北溝故宮文物典藏山洞', '11', 2, 8, '台中市霧峰區413'),
(17, '東平菸樓', '11', 2, 8, '台中市太平區東平路'),
(18, '全安堂', '11', 2, 8, '台中市中區臺灣大道一段145號'),
(19, '大勇街屋', '1', 2, 8, '台中市東區大勇街'),
(20, '東宮戲院', '4', 2, 8, '台中市東勢區豐勢路368號'),
(21, '中森戲院', '4', 2, 8, '台中市北區成功路490號'),
(22, '烏日車站舊站長宿舍', '11', 2, 8, ' 臺中市烏日區三民段561號'),
(23, '烏日警察官吏派出所', '11', 2, 8, '臺中市烏日區三民街110號'),
(24, '大肚台地反空降堡', '11', 2, 8, '台中市西屯區都會園路1215巷140號'),
(25, '臺中飛行場機槍堡', '11', 2, 8, '臺中市北屯區經貿三路二段與經貿東路口'),
(26, '積善樓', '1', 2, 8, '台中市北屯區興安路一段163號'),
(27, '台中鯊魚墳場', '6', 2, 8, '台中市西屯區國際街60-2號'),
(28, '磺溪書院', '11', 2, 8, '台中市大肚區文昌一街10號'),
(29, '繩繼堂', '11', 2, 8, '台中市南屯區水碓巷6號'),
(30, '水湳菸樓', '11', 2, 8, '台中市北屯區永和巷14-1號'),
(31, '台汽客運彰化總站', '3', 2, 9, '彰化縣彰化市民生路420號'),
(32, '聚奎居', '11', 2, 8, '台中市烏日區學田路405巷36號'),
(33, '霧峰民生診所', '7', 2, 8, '台中市霧峰區中正路369號'),
(34, '千越大樓', '8', 2, 8, '台中市中區綠川西街115號'),
(35, '中華會館臺東分社', '1,11', 4, 17, '台東縣台東市中正路143號'),
(36, '富有大樓', '5,6', 4, 17, '台東縣台東市光明路221號'),
(37, '加母子灣民宿', '2,10', 4, 17, '台東東河鄉台11線往都蘭'),
(38, '池上五洲戲院', '4', 4, 17, '台東縣池上鄉中華路20號'),
(39, '中華大戲院', '4', 4, 17, '台東縣關山鎮民權路'),
(40, '知本崎仔頭廢棄診所(東興大戲院)', '4,7', 4, 17, '台東縣台東市知本路'),
(41, '金星大戲院', '4', 4, 17, '台東縣台東市知本路三段364號'),
(42, '台南西市場', '11', 3, 14, '台南市中西區西門路二段與號正興街交界'),
(43, '新營成功戲院', '4', 3, 14, '台南市新營區成功街10-12號號'),
(44, '關廟中央戲院', '4', 3, 14, '台南市關廟區仁愛路18巷'),
(45, '白河雷諾瓦山莊', '8', 3, 14, '台南市白河區關子嶺71號'),
(46, '杏林綜合醫院', '7', 3, 14, '台南市中西區西門路一段512號'),
(47, '潮州劉家洋樓', '1', 3, 16, '屏東縣潮州鎮彭城路176巷2號'),
(48, '培源殖產工廠', '3', 3, 16, '940屏東縣枋寮鄉中山路二段361號'),
(49, '潮州九塊厝天主堂', '11', 3, 16, '屏東縣潮州鎮復興路60-1號'),
(50, '雙溪口磚窯', '11', 3, 13, '嘉義縣六腳鄉414之5');

-- --------------------------------------------------------

--
-- 資料表結構 `tony_tour_members`
--

CREATE TABLE `tony_tour_members` (
  `members_id` int(11) NOT NULL,
  `user_id` int(11) NOT NULL,
  `tour_id` int(11) NOT NULL
) ENGINE=InnoDB DEFAULT CHARSET=latin1 COLLATE=latin1_swedish_ci;

--
-- 傾印資料表的資料 `tony_tour_members`
--

INSERT INTO `tony_tour_members` (`members_id`, `user_id`, `tour_id`) VALUES
(1, 1, 1),
(2, 2, 2),
(3, 3, 3),
(4, 4, 1),
(5, 5, 2),
(6, 6, 2),
(7, 7, 1),
(8, 8, 3),
(9, 9, 2),
(10, 10, 2),
(11, 11, 3),
(12, 12, 3),
(13, 13, 3),
(14, 14, 3),
(15, 15, 1),
(16, 16, 1),
(17, 17, 1),
(18, 18, 1),
(19, 19, 1),
(20, 20, 1),
(21, 21, 1),
(22, 22, 2),
(23, 23, 2),
(24, 24, 2),
(25, 25, 2),
(26, 26, 2),
(27, 27, 2),
(28, 28, 2),
(29, 29, 2),
(30, 30, 2),
(31, 31, 2),
(32, 32, 4),
(33, 33, 4),
(34, 34, 4),
(35, 35, 4),
(36, 36, 4),
(37, 37, 4),
(38, 38, 4),
(39, 39, 4),
(40, 40, 4),
(41, 1, 4),
(42, 2, 4),
(43, 3, 4),
(44, 4, 4),
(45, 5, 5),
(46, 6, 5),
(47, 7, 5),
(48, 8, 5),
(49, 9, 5),
(50, 10, 5),
(51, 182, 1),
(52, 182, 2),
(53, 182, 3),
(54, 182, 4),
(55, 182, 5),
(56, 182, 27),
(57, 182, 35),
(58, 182, 42),
(59, 182, 21),
(60, 182, 50);

-- --------------------------------------------------------

--
-- 資料表結構 `tony_tour_post`
--

CREATE TABLE `tony_tour_post` (
  `tour_id` int(11) NOT NULL,
  `user_id` int(11) NOT NULL,
  `ruin_id` int(11) NOT NULL,
  `event_date` datetime NOT NULL,
  `max_groupsize` int(11) NOT NULL,
  `member_count` int(11) NOT NULL,
  `event_period` int(11) NOT NULL,
  `level_id` int(11) NOT NULL,
  `title` varchar(100) CHARACTER SET utf8 COLLATE utf8_general_ci NOT NULL,
  `description` varchar(255) CHARACTER SET utf8 COLLATE utf8_general_ci NOT NULL,
  `content` text CHARACTER SET utf8 COLLATE utf8_general_ci NOT NULL,
  `created_at` timestamp NOT NULL DEFAULT current_timestamp() ON UPDATE current_timestamp()
) ENGINE=InnoDB DEFAULT CHARSET=latin1 COLLATE=latin1_swedish_ci;

--
-- 傾印資料表的資料 `tony_tour_post`
--

INSERT INTO `tony_tour_post` (`tour_id`, `user_id`, `ruin_id`, `event_date`, `max_groupsize`, `member_count`, `event_period`, `level_id`, `title`, `description`, `content`, `created_at`) VALUES
(1, 182, 2, '2024-02-28 11:35:00', 10, 11, 2, 1, '安和路飛碟屋的神秘冒險', '踏上一場穿越標誌性的安和路飛碟屋的神秘冒險。探索未來主義建築，揭開其牆壁中隱藏的秘密。', '深入探索飛碟屋的奧秘，我們的專業導遊將解說這個不尋常地標背後的故事，讓您的旅程變得非同凡響。', '2024-04-29 08:20:34'),
(2, 182, 4, '2024-03-05 14:00:00', 15, 16, 3, 2, '頭汴坑警察官吏派出所的歷史魅力', '在台中頭汴坑警察官吏派出所中體驗歷史的魅力。沉浸於這個標誌性地標豐富的歷史和獨特的建築特色中。', '在頭汴坑警察官吏派出所的大廳中漫步，我們的導遊將揭示其歷史和重要性。了解形塑這個歷史遺址的事件以及它在社區中的作用。', '2024-04-29 08:20:34'),
(3, 3, 6, '2024-03-12 00:00:00', 12, 7, 4, 3, '台北飛宏象山國際聯誼中心的文化匯聚', '加入台北飛宏象山國際聯誼中心的文化匯聚。沉浸於這個獨特場地多樣的文化活動和藝術氛圍中。', '體驗飛宏象山國際聯誼中心的充滿活力的氛圍，我們將探索其文化活動。從藝術展覽到互動活動，這次旅行承諾帶您走進創意的核心。', '2024-04-29 08:20:34'),
(4, 4, 8, '2024-03-18 00:00:00', 8, 14, 2, 1, '台北社子大戲院的戲劇奇蹟', '沉浸於台北歷史悠久的社子大戲院的戲劇奇蹟。見證舞台的莊嚴，重溫這座保存完好的劇場的黃金時代。', '踏入社子大戲院的娛樂世界，這裡的現場表演之魔力將讓您流連忘返。我們的導遊將分享著名製作的趣聞，以及這個戲劇寶石的文化重要性。', '2024-04-29 08:20:34'),
(5, 5, 10, '2024-03-25 00:00:00', 10, 7, 3, 2, '台北麗庭莊園的建築優雅', '踏上前往台北的麗庭莊園之旅，探索這個建築優雅的隱藏寶石。發現這個保存完好的莊園的歷史意義和迷人之處。', '漫步於麗庭莊園的大廳，我們的導遊將揭示其建築奇蹟。了解與這個優雅', '2024-04-29 08:20:34'),
(6, 20, 16, '2024-04-02 00:00:00', 8, 0, 2, 1, '中央宮殿購物中心的藝術探索', '在台北的中央宮殿購物中心展開一場藝術探索之旅。沉浸於這個標誌性的購物勝地中各種多樣的藝術裝置和創意展覽中。', '在中央宮殿購物中心探索藝術和商業的融合之處。我們的導遊將帶您穿越引人入勝的展覽，提供當地藝術場景的見解，以及每個展品背後獨特的故事。', '2024-01-25 09:53:43'),
(7, 32, 22, '2024-04-08 00:00:00', 12, 0, 3, 2, '烏日舊站長宿舍的歷史魅力', '穿越時光，探索烏日烏日舊站長宿舍的歷史魅力。揭示前站長的故事和這座保存完好的住宅的重要性。', '漫遊烏日舊站長宿舍的房間，當我們的導遊分享其過去的故事。了解它在鐵路早期歷史中所扮演的角色，以及使其成為永恆寶石的建築元素。', '2024-01-25 09:53:43'),
(8, 7, 30, '2024-04-15 00:00:00', 10, 0, 4, 3, '水湳市場的美食之旅', '在台中市北區的水湳市場展開美食之旅。沉醉於當地美食，了解傳統食材，並體驗台灣料理豐富的風味。', '品味水湳市場的美食之旅，我們將探索其美食攤位和隱藏的寶藏。從街頭小吃到傳統美食，這次旅行保證是一場令人愉悅的美食冒險。', '2024-01-25 09:53:43'),
(9, 4, 40, '2024-04-22 00:00:00', 15, 0, 2, 1, '知本溫泉的日落美景', '在台東的知本溫泉體驗令人驚嘆的日落美景。在恢復活力的溫泉中放鬆，目睹太陽在如畫的風景背後落下。', '沉浸在知本溫泉的寧靜中，當一天接近尾聲時。我們的導遊將分享溫泉的治療效益以及包圍這個田園詩般的度假勝地的自然之美。', '2024-01-25 09:53:43'),
(10, 12, 48, '2024-04-28 00:00:00', 10, 0, 3, 2, '潮州九塊厝劇院的文化遺產', '探索屏東潮州的九塊厝劇院的文化遺產。深入了解傳統表演、建築美學和這座標誌性劇院的持久傳奇。', '在九塊厝劇院欣賞傳統表演的魔力。我們的導遊將敘述曾經登上它的舞台的藝術家的故事，以及這座歷史劇院的文化意義。', '2024-01-25 09:53:43'),
(11, 1, 1, '2024-05-10 00:00:00', 10, 0, 2, 1, '安和路飛碟屋冒險', '在台北的安和路飛碟屋展開一場外星冒險。探索奇異的建築，揭開這個獨特住所周圍的神秘故事。', '加入我們一起探索飛碟屋，建築奇觀與未解之謎相遇。我們的導遊將分享目擊事件的故事以及這座標誌性建築的歷史。', '2024-01-25 09:59:03'),
(12, 2, 11, '2024-05-15 00:00:00', 8, 0, 3, 2, '松山站員宿的鐵道故事', '沉浸在台北松山站員宿的歷史魅力中。聆聽引人入勝的鐵道故事，發現曾經在這個地方居住過的人的故事。', '漫遊松山站員宿的走廊，當我們的導遊將您帶回到過去。了解鐵路工人的生活和這個宿舍在火車旅行的黃金時代中所扮演的關鍵角色。', '2024-01-25 09:59:03'),
(13, 3, 21, '2024-05-20 00:00:00', 12, 0, 4, 3, '劍南市場的烹飪遺產', '探索台北中山區劍南市場的烹飪遺產。沉浸在當地美食中，了解傳統食材，感受台灣美食豐富的風味。', '在劍南市場品味正宗的美味，當我們在其美食攤位中穿梭時。從街頭小吃到傳統菜餚，這次旅行承諾帶來美味的美食冒險。', '2024-01-25 09:59:03'),
(14, 4, 31, '2024-05-25 00:00:00', 15, 0, 2, 1, '嘉定溫泉的夕陽寧靜', '在台中的嘉定溫泉度過寧靜的夕陽時光。在治療性的溫泉中放鬆，目睹太陽在如畫的風景後落下。', '沉浸在嘉定溫泉的寧靜氛圍中，當一天接近尾聲。我們的導遊將分享溫泉的療效和包圍這個田園般度假勝地的自然之美。', '2024-01-25 09:59:03'),
(15, 5, 41, '2024-05-30 00:00:00', 10, 0, 3, 2, '潮州戲院的文化探索', '深入屏東的潮州戲院文化遺產。探索傳統表演的歷史、建築美學和這座標誌性劇院的持久影響。', '在潮州戲院欣賞迷人的表演。我們的導遊將講述曾經登臺的藝術家的故事，以及這座歷史劇院的文化重要性。', '2024-01-25 09:59:03'),
(16, 6, 5, '2024-06-05 00:00:00', 8, 0, 2, 1, '台北內湖麗庭莊園的迷人花園', '探索台北內湖麗庭莊園迷人的花園。漫步於充滿活力的風景中，了解使這個莊園成為城市中的隱藏寶石的植物奇蹟。', '在我們的導遊揭示其郁郁蔥蔥的綠意背後，體驗麗庭莊園花園的美麗。從罕見的植物到精心布置的區域，這次旅行提供了一場進入自然的寧靜之旅。', '2024-01-25 09:59:03'),
(17, 7, 15, '2024-06-10 00:00:00', 10, 0, 3, 2, '士林的社子戲院劇場歷史', '揭開社子戲院的戲劇歷史。探索這座歷史劇院的建築奇蹟和引人入勝的故事。', '在社子戲院時光倒流，當我們的導遊分享其豐富歷史中的趣聞。了解這個珍愛場所的標誌性表演和文化重要性。', '2024-01-25 09:59:03'),
(18, 8, 25, '2024-06-15 00:00:00', 12, 0, 4, 3, '北屯吉山磚窯的古老智慧', '探索保存在台中北屯的吉山磚窯中的古老智慧。了解傳統的製磚技術和這個歷史遺址的文化重要性。', '穿越吉山磚窯的歷史，當我們的導遊解釋製磚的複雜過程。發現嵌入每塊古老磚塊中的文化遺產。', '2024-01-25 09:59:03'),
(19, 9, 35, '2024-06-20 00:00:00', 15, 0, 2, 1, '台東富有溫泉的月光浪漫', '在台東富有溫泉的月光中沉浸於浪漫之旅。在月光下享受舒緩的熱泉水，沉浸在這個風景如畫的度假勝地的浪漫氛圍中。', '在月光下，體驗富有溫泉的魔法。我們的導遊將分享關於浪漫邂逅的故事和環繞這個迷人目的地的自然之美。', '2024-01-25 09:59:03'),
(20, 10, 45, '2024-06-25 00:00:00', 10, 0, 3, 2, '台南白河雷諾薩莊園的歷史奇蹟', '踏入台南白河雷諾薩莊園的歷史奇蹟。探索這個保存完好的莊園的建築宏偉和歷史意義。', '在雷諾薩莊園的走廊中漫步，當我們的導遊揭示了其輝煌過去的故事。了解曾經在此居住的重要人物和每個角落中持續存在的文化遺產。', '2024-01-25 09:59:03'),
(21, 1, 1, '2024-07-05 00:00:00', 8, 1, 2, 1, '探索外星生命在飛碟屋', '踏上探索飛碟屋神秘之旅，解開台北安和路的外星生命之謎。', '加入我們一起探索飛碟屋，這座獨特的建築奇蹟充滿著目擊事件和無法解釋的現象的故事。我們的導遊將分享遭遇的故事以及這座標誌性建築的歷史。', '2024-04-29 08:20:34'),
(22, 2, 12, '2024-07-10 00:00:00', 10, 0, 3, 2, '半揹派出所的歷史故事', '沉浸於台中半揹派出所的歷史魅力，聆聽引人入勝的故事，探索曾在此服務的人們的生活。', '隨著我們的導遊穿越派出所的走廊，回到過去。聽聞警官的職責以及他們在這座歷史標誌中面臨的挑戰。', '2024-01-25 10:12:59'),
(23, 3, 26, '2024-07-15 00:00:00', 12, 0, 4, 3, '飛宏象山國際聯誼中心的冒險', '在台北的飛宏象山國際聯誼中心展開一場冒險。探索這個獨特地點的風景之美和文化意義。', '在大象山探險，我們將穿越其步道，發現令人驚歎的景色。我們的導遊將分享這個中心文化重要性的見解以及其建立背後的故事。', '2024-01-25 10:12:59'),
(24, 4, 4, '2024-07-20 00:00:00', 15, 0, 2, 1, '社子大戲院的戲劇奇蹟', '在台北體驗社子大戲院的戲劇奇蹟。探索這座歷史劇院的建築奇蹟和引人入勝的故事。', '踏入社子大劇院的莊嚴中，我們的導遊將分享其豐富歷史的趣聞。了解這座心愛場所的標誌性演出和文化重要性。', '2024-01-25 10:12:59'),
(25, 5, 9, '2024-07-25 00:00:00', 10, 0, 3, 2, '內湖麗庭莊園的靜謐花園', '探索台北內湖麗庭莊園的寧靜花園。漫步在蒼翠的景觀中，了解使這座莊園成為城市中的隱世寶石的植物奇觀。', '在麗庭莊園的花園中感受寧靜，我們的導遊將揭示其綠意背後的秘密。從罕見的植物到精心設計的區域，這次旅行提供了一場和大自然融為一體的寧靜之旅。', '2024-01-25 10:12:59'),
(26, 6, 16, '2024-07-30 00:00:00', 8, 0, 2, 1, '中環百貨的冒險', '在台北中環百貨展開一場冒險。深入了解這座標誌性購物地點的歷史意義和建築奇蹟。', '在中環百貨中發現寶藏，當我們探索它的樓層。我們的導遊將分享有關其建立和購物體驗演變的故事。', '2024-01-25 10:12:59'),
(27, 7, 27, '2024-08-05 00:00:00', 10, 1, 3, 2, '蘭州國宅的探索', '揭開台北蘭州國宅的歷史。探索這個公共住宅建築的設計和文化意義。', '踏入蘭州社區，我們的導遊將講述居民的故事和台北公共住宅獨特特色。了解這個城市環境中蓬勃發展的社區精神。', '2024-04-29 08:20:34'),
(28, 8, 36, '2024-08-10 00:00:00', 12, 0, 4, 3, '精善窯的軍事遺產', '探索台中北屯的精善窯所保留的軍事遺產。了解這個獨特窯的歷史意義和傳統技術。', '穿越精善窯的歷史，我們的導遊將解釋製磚的複雜過程。發現這座古老窯中每塊磚中蘊含的文化遺產。', '2024-01-25 10:12:59'),
(29, 9, 14, '2024-08-15 00:00:00', 15, 0, 2, 1, '北投溫泉的月光之戀', '在台北北投溫泉沐浴在月光下的浪漫之旅。享受月光下溫泉的舒緩，沉浸在這個風景優美的度假勝地的浪漫氛圍中。', '體驗北投溫泉的魔力，當月光照亮寧靜的水域。我們的導遊將分享浪漫邂逅的故事和環繞這個迷人目的地的自然之美。', '2024-01-25 10:12:59'),
(30, 10, 33, '2024-08-20 00:00:00', 10, 0, 3, 2, '嘉瑞莊莊園的歷史意義', '踏入台南白河的嘉瑞莊莊園的歷史意義。探索其建築宏偉之處，了解曾經在這座保存完好的莊莊園居住的傑出人物。', '在嘉瑞莊莊園的走廊中遊走，我們的導遊將揭示其輝煌過去的故事。發現在這座歷史奇蹟的每個角落都存在的文化遺產。', '2024-01-25 10:12:59'),
(31, 11, 24, '2024-08-25 00:00:00', 8, 0, 2, 1, '大肚山堡的歷史地標', '探索台中大肚山堡的歷史地標。深入研究這座戰略性堡壘的軍事歷史和建築奇蹟。', '當我們的導遊展開其歷史重要性的故事時，目睹大肚山堡的壯麗。了解它在保護該地區中所扮演的戰略重要性。', '2024-01-25 10:12:59'),
(32, 12, 25, '2024-08-30 00:00:00', 10, 0, 3, 2, '中山夜市的美食之旅', '在台北中山夜市享受美食之旅。品味當地美食，探索美食攤位，體驗這個標誌性夜市的熱鬧氛圍。', '在中山夜市品味美食，我們的導遊將介紹當地的美食和這個繁忙市場的豐富烹飪遺產。', '2024-01-25 10:12:59'),
(33, 13, 17, '2024-09-05 00:00:00', 12, 0, 4, 3, '霧峰佳德莊園的鄉村撤退', '在台中霧峰佳德莊園尋找鄉村撤退。沉浸在大自然的寧靜中，發現定義這片風景之地的農業實踐。', '漫步在佳德莊園的田野中，我們的導遊將分享可持續農業實踐的見解。體驗鄉村生活的迷人之處和鄉村的美麗。', '2024-01-25 10:12:59'),
(34, 14, 8, '2024-09-10 00:00:00', 15, 0, 2, 1, '富友溫泉的月光寧靜', '在台東富友溫泉沐浴在月光下的寧靜中。在月光下放鬆身心，沐浴在這個迷人目的地的寧靜氛圍中。', '體驗富友溫泉的寧靜，當月光照亮寧靜的水域。我們的導遊將分享放鬆和這個迷人目的地的自然之美的故事。', '2024-01-25 10:12:59'),
(35, 15, 29, '2024-09-15 00:00:00', 10, 1, 3, 2, '興座劇院的歷史敘事', '深入探討台中興座劇院的歷史敘事。探索這座歷史劇院的建築美學和引人入勝的故事。', '在興座劇院穿越時光，我們的導遊將分享其豐富歷史的趣聞。了解這座心愛場所的標誌性演出和文化重要性。', '2024-04-29 08:20:34'),
(36, 16, 39, '2024-09-20 00:00:00', 8, 0, 2, 1, '金谷堂的藝術精髓', '在屏東金谷堂發現藝術精髓。探索這個標誌性場所的文化遺產、藝術展示和持久的傳承。', '目睹金谷堂迷人的藝術品，我們的導遊將敘述展品背後的故事和這座歷史場所的文化意義。', '2024-01-25 10:12:59'),
(37, 17, 3, '2024-09-25 00:00:00', 10, 0, 3, 2, '潮州戲院的神秘之旅', '揭開屏東潮州戲院的神秘。探索這座歷史劇院的隱藏角落、建築奇蹟和環繞它的引人入勝的故事。', '在潮州戲院的發現之旅。我們的導遊將揭示使這座劇院成為獨特文化寶石的秘密和神秘。', '2024-01-25 10:12:59'),
(38, 18, 22, '2024-09-30 00:00:00', 12, 0, 4, 3, '烏日龍山窯的傳統工藝', '在台中烏日龍山窯探索傳統工藝。了解精湛的陶藝技術和這座歷史窯的文化重要性。', '穿越烏日龍山窯的歷史，我們的導遊將解釋製陶的藝術。發現這座古老窯中每一件創作的文化遺產。', '2024-01-25 10:12:59'),
(39, 19, 32, '2024-10-05 00:00:00', 15, 0, 2, 1, '宜蘭溫泉的迷人夜晚', '在宜蘭溫泉度過一個迷人的夜晚。沉浸在舒緩的溫泉水中，享受這個風景如畫的溫泉勝地的寧靜。', '在宜蘭溫泉放鬆身心，我們的導遊將分享溫泉的療效。在這個田園般的環境中沐浴在寧靜的氛圍中，與大自然連結。', '2024-01-25 10:12:59'),
(40, 20, 43, '2024-10-10 00:00:00', 10, 0, 3, 2, '新營市場的文化融合', '深入探索台南新營市場的文化融合。探索各種各樣的攤位，品味獨特的風味，見證定義這個充滿活力市場的文化交流。', '在新營市場品味文化豐富性，我們穿越繁忙的小巷。從當地美食到手工藝品，這次旅行保證帶來愉悅的文化融合體驗。', '2024-01-25 10:12:59'),
(41, 21, 14, '2024-10-15 00:00:00', 8, 0, 2, 1, '安平古堡的海事歷史', '沉浸於台南安平古堡的海事歷史。探索堡壘的建築，了解海軍遺產，欣賞海岸線的全景。', '在安平古堡，隨著我們的導遊敘述在其城牆內展開的海事歷史，時光倒流。發現這座歷史古堡的戰略重要性和迷人的故事。', '2024-01-25 10:12:59'),
(42, 22, 5, '2024-10-20 00:00:00', 10, 1, 3, 2, '饒河夜市的美食探險', '在台北饒河夜市展開美食探險。品嚐各種街頭美食，體驗當地風味，沉浸在這個著名夜市的熱鬧氛圍中。', '在饒河夜市滿足您的美食渴望，我們將探索其多樣的美食攤位。我們的導遊將向您介紹標誌性的菜餚，並分享市場豐富的烹飪傳統故事。', '2024-04-29 08:20:34'),
(43, 23, 18, '2024-10-25 00:00:00', 12, 0, 4, 3, '國立台灣美術館的藝術之旅', '在台中國立台灣美術館展開藝術之旅。探索當代藝術品，欣賞多樣的展覽，深入了解台灣豐富的藝術風景。', '沉浸於國立台灣美術館的藝術世界。我們的導遊將為展出的藝術品提供背景，並分享博物館在促進文化創意方面的角色。', '2024-01-25 10:12:59'),
(44, 24, 31, '2024-10-30 00:00:00', 15, 0, 2, 1, '清水斷崖的寧靜退卻', '在台灣東海岸體驗清水斷崖的寧靜退卻。欣賞令人屏息的海岸線美景，探索風景優美的小徑，在這片寧靜的環境中與大自然連結。', '在清水斷崖的寧靜中放鬆身心，我們的導遊將介紹其自然奇觀。了解這個風景如畫的懸崖地點的地質形成和文化重要性。', '2024-01-25 10:12:59'),
(45, 25, 11, '2024-11-05 00:00:00', 10, 0, 3, 2, '台南五妃廟的歷史探險', '深入探討台南五妃廟的歷史探險。發現廟宇的建築之美，了解宗教傳統，沉浸在這個神聖地點的精神氛圍中。', '探索五妃廟豐富的歷史，我們的導遊將分享其建立和文化重要性的故事。見證傳統儀式，欣賞廟宇的精緻細節。', '2024-01-25 10:12:59'),
(46, 26, 35, '2024-11-10 00:00:00', 8, 0, 2, 1, '台南赤崁樓的文化遺產', '發現台南赤崁樓的文化遺產。探索這個標誌性地標的歷史意義、建築優雅和引人入勝的故事。', '踏入赤崁樓的歷史，我們的導遊將揭示其文化重要性的故事。了解塑造該地區的歷史事件，欣賞樓塔的建築宏偉。', '2024-01-25 10:12:59'),
(47, 27, 21, '2024-11-15 00:00:00', 10, 0, 3, 2, '鹿港老街的傳統節慶', '在彰化鹿港老街體驗傳統節慶。沉浸在熱鬧的氛圍中，觀賞文化表演，探索這條歷史老街的魅力。', '在鹿港老街慶祝傳統的精神，我們漫步在其充滿活力的巷弄中。我們的導遊將分享對節慶儀式和這個迷人目的地文化遺產的深入見解。', '2024-01-25 10:12:59'),
(48, 28, 46, '2024-11-20 00:00:00', 12, 0, 4, 3, '台南嘉定媽祖廟的神聖場所', '參觀台南嘉定媽祖廟的神聖場所。探索廟宇的建築，參與宗教儀式，了解媽祖崇拜的深厚文化意義。', '在嘉定媽祖廟感受神聖的氛圍，我們的導遊將提供對媽祖崇拜的深入見解。見證傳統儀式，沉浸在這座受尊崇的廟宇的精神氛圍中。', '2024-01-25 10:12:59'),
(49, 29, 1, '2024-11-25 00:00:00', 15, 0, 2, 1, '淡水漁人碼頭的日落小夜曲', '在淡水漁人碼頭享受日落小夜曲。在海濱放鬆，欣賞海岸線美景，聆聽現場音樂，太陽在地平線上落下。', '在淡水漁人碼頭欣賞夕陽之美，我們的導遊將以現場音樂營造氛圍。了解這個海濱地點的文化重要性，並在夜幕降臨的背景下創造美好回憶。', '2024-01-25 10:12:59'),
(50, 30, 2, '2024-11-30 00:00:00', 10, 1, 3, 2, '台北林本源園邸的建築奇蹟', 'hooray 在台北探索林本源園邸的建築奇蹟。漫步於古典中國花園中，欣賞歷史建築，了解林家的影響力。', '踏入林本源園邸的優雅，我們的導遊將揭示其建築之美和歷史軼事。發現林家的遺產以及這座保存完好的別墅的文化重要性。', '2024-05-06 09:44:08'),
(51, 190, 3, '2024-04-30 20:05:00', 20, 0, 2, 2, '第二次新增文章', '我是誰', 'tour_id是多少', '2024-04-30 12:28:21'),
(52, 190, 5, '2024-05-10 20:05:00', 5, 0, 3, 1, '第3次新增文章', '我是誰', 'tour_id會是52', '2024-04-30 12:29:59'),
(53, 190, 3, '2024-05-06 01:08:05', 10, 0, 8, 1, '測試edit sql語法', '描述', '快不行啦~~~', '2024-05-06 03:28:44'),
(54, 190, 3, '2024-05-02 10:38:00', 20, 0, 3, 3, 'test', 'hi', '123', '2024-05-02 02:44:12'),
(55, 190, 0, '0000-00-00 00:00:00', 0, 0, 0, 0, '', '', 'fdfddfg', '2024-05-02 02:57:50'),
(56, 190, 0, '0000-00-00 00:00:00', 0, 0, 0, 0, '', 'aaaad', 'fdfddfg', '2024-05-02 03:03:44'),
(58, 190, 0, '0000-00-00 00:00:00', 0, 0, 0, 0, '', 'aaaaddddss', 'fdfddfg', '2024-05-02 03:06:01'),
(59, 190, 0, '0000-00-00 00:00:00', 0, 0, 0, 0, '', 'aaaaddddss', 'fdfddfg', '2024-05-02 03:14:50'),
(61, 190, 2, '2024-05-30 13:58:00', 15, 0, 2, 2, 'test', '7777777', 'aaaaa', '2024-05-02 06:57:36'),
(62, 190, 2, '2024-05-30 13:58:00', 15, 0, 2, 2, 'test', '7777777', 'aaaaa', '2024-05-02 07:00:25'),
(63, 190, 2, '2024-05-30 15:10:00', 15, 0, 2, 2, '123', '777666', 'asdasdasd', '2024-05-02 07:11:01'),
(64, 190, 2, '2024-05-02 15:52:00', 15, 0, 2, 2, 'test', '7788', 'sdfsdfsdf', '2024-05-02 07:53:02'),
(65, 190, 4, '2024-05-08 16:16:00', 15, 0, 2, 2, 'werwer', '7788', 'asdasd', '2024-05-02 08:26:05'),
(66, 190, 4, '2024-05-08 16:16:00', 15, 0, 2, 2, 'werwer', '7788', 'asdasd', '2024-05-02 08:27:25'),
(67, 190, 4, '2024-05-08 16:16:00', 15, 0, 2, 2, 'werwer', '7788', 'asdasd', '2024-05-02 08:30:54'),
(68, 190, 4, '2024-05-08 16:16:00', 15, 0, 2, 2, 'werwer', '7788', 'asdasd', '2024-05-02 08:31:48'),
(70, 190, 4, '2024-05-14 16:42:00', 2, 0, 3, 3, 'sadasd', '7752355', 'asdasd', '2024-05-02 08:42:51'),
(71, 190, 5, '2024-05-09 17:11:00', 9, 0, 9, 3, '9號上傳測試', '嗨終於做出來了嗎?', '看看能不能顯示照片', '2024-05-02 09:12:43');

-- --------------------------------------------------------

--
-- 資料表結構 `tyler_check_available`
--

CREATE TABLE `tyler_check_available` (
  `id` int(11) NOT NULL,
  `room_available` varchar(255) NOT NULL,
  `time` timestamp NOT NULL DEFAULT current_timestamp() ON UPDATE current_timestamp()
) ENGINE=InnoDB DEFAULT CHARSET=utf8mb4 COLLATE=utf8mb4_general_ci;

--
-- 傾印資料表的資料 `tyler_check_available`
--

INSERT INTO `tyler_check_available` (`id`, `room_available`, `time`) VALUES
(1, 'full', '2024-05-02 14:29:06'),
(2, 'full', '2024-05-02 14:30:15'),
(3, 'full', '2024-05-02 14:32:05'),
(4, 'full', '2024-05-02 14:33:48'),
(5, 'full', '2024-05-02 14:33:52'),
(6, 'full', '2024-05-02 14:33:57'),
(7, 'empty', '2024-05-02 14:34:56'),
(8, 'empty', '2024-05-02 14:34:56'),
(9, 'empty', '2024-05-02 14:34:56'),
(10, 'full', '2024-05-02 14:34:56'),
(11, 'empty', '2024-05-02 14:34:56'),
(12, 'empty', '2024-05-02 14:34:56'),
(13, 'empty', '2024-05-02 14:34:56'),
(14, 'full', '2024-05-02 14:34:57'),
(15, 'full', '2024-05-02 14:35:26'),
(16, 'empty', '2024-05-02 14:35:30'),
(17, 'full', '2024-05-02 14:35:52'),
(18, 'empty', '2024-05-02 14:35:57'),
(19, 'full', '2024-05-02 14:35:57'),
(20, 'empty', '2024-05-02 14:36:05'),
(21, 'full', '2024-05-02 14:36:05'),
(22, 'full', '2024-05-02 14:36:25'),
(23, 'empty', '2024-05-02 14:36:31'),
(24, 'full', '2024-05-02 14:36:31'),
(25, 'full', '2024-05-02 14:38:16'),
(26, 'full', '2024-05-02 14:43:20'),
(27, 'full', '2024-05-02 14:44:10'),
(28, 'full', '2024-05-02 14:44:36'),
(29, 'empty', '2024-05-02 14:44:42'),
(30, 'full', '2024-05-02 14:44:42'),
(31, 'full', '2024-05-02 14:49:19'),
(32, 'empty', '2024-05-02 14:49:25'),
(33, 'full', '2024-05-02 14:49:28'),
(34, 'full', '2024-05-02 14:50:26'),
(35, 'full', '2024-05-02 14:54:15'),
(36, 'empty', '2024-05-02 14:54:24'),
(49, 'empty', '2024-05-03 02:33:57'),
(50, 'full', '2024-05-03 02:34:01'),
(51, 'empty', '2024-05-03 02:34:09'),
(52, 'empty', '2024-05-03 02:34:22'),
(53, 'full', '2024-05-03 02:34:27'),
(54, 'empty', '2024-05-03 02:34:34'),
(55, 'empty', '2024-05-03 02:34:40'),
(56, 'empty', '2024-05-03 02:34:47'),
(57, 'full', '2024-05-03 02:34:47'),
(58, 'empty', '2024-05-03 02:34:52'),
(59, 'empty', '2024-05-03 02:35:03'),
(60, 'full', '2024-05-03 02:35:07'),
(61, 'empty', '2024-05-03 02:35:29'),
(62, 'empty', '2024-05-03 02:35:34'),
(63, 'full', '2024-05-03 02:40:09'),
(64, 'empty', '2024-05-03 02:40:26'),
(65, 'full', '2024-05-03 02:40:26'),
(66, 'empty', '2024-05-03 02:40:32'),
(67, 'full', '2024-05-03 02:40:51'),
(68, 'empty', '2024-05-03 02:42:26'),
(74, 'full', '2024-05-03 02:48:02'),
(75, 'empty', '2024-05-03 02:48:08'),
(76, 'full', '2024-05-03 02:48:24'),
(77, 'empty', '2024-05-03 02:48:59'),
(78, 'full', '2024-05-03 06:09:53'),
(79, 'empty', '2024-05-03 06:11:29'),
(80, 'full', '2024-05-03 06:12:53'),
(81, 'empty', '2024-05-03 06:20:15'),
(82, 'full', '2024-05-03 06:23:46'),
(83, 'empty', '2024-05-03 06:25:11'),
(84, 'full', '2024-05-03 06:34:55'),
(85, 'empty', '2024-05-03 06:35:31'),
(86, 'full', '2024-05-03 06:37:16'),
(87, 'empty', '2024-05-03 06:37:29'),
(88, 'full', '2024-05-03 06:38:25'),
(89, 'empty', '2024-05-03 06:38:29'),
(90, 'full', '2024-05-03 06:38:29'),
(91, 'empty', '2024-05-03 06:39:02'),
(92, 'full', '2024-05-03 07:37:33'),
(93, 'empty', '2024-05-03 07:38:49'),
(94, 'full', '2024-05-03 07:44:37'),
(95, 'empty', '2024-05-03 07:44:40'),
(96, 'full', '2024-05-03 07:44:53'),
(97, 'empty', '2024-05-03 07:48:12'),
(98, 'full', '2024-05-03 07:48:24'),
(99, 'empty', '2024-05-03 07:48:27'),
(100, 'full', '2024-05-03 07:48:33'),
(101, 'empty', '2024-05-03 08:02:03'),
(102, 'full', '2024-05-03 08:02:41'),
(103, 'empty', '2024-05-03 08:05:54'),
(104, 'full', '2024-05-03 08:06:40'),
(105, 'empty', '2024-05-03 08:09:01'),
(106, 'full', '2024-05-03 08:09:07'),
(107, 'empty', '2024-05-03 08:09:23'),
(108, 'full', '2024-05-03 08:09:23'),
(109, 'empty', '2024-05-03 08:10:40'),
(110, 'full', '2024-05-03 08:11:41'),
(111, 'empty', '2024-05-03 08:12:23'),
(112, 'full', '2024-05-03 08:22:30'),
(113, 'empty', '2024-05-03 08:25:01'),
(114, 'full', '2024-05-03 08:25:56'),
(115, 'empty', '2024-05-03 08:26:12'),
(116, 'full', '2024-05-03 08:26:13'),
(117, 'empty', '2024-05-03 08:27:38'),
(118, 'full', '2024-05-03 08:30:43'),
(119, 'empty', '2024-05-03 08:31:30'),
(120, 'full', '2024-05-03 08:32:19'),
(121, 'empty', '2024-05-03 08:40:02'),
(122, 'full', '2024-05-03 08:40:06'),
(123, 'empty', '2024-05-03 08:42:54'),
(124, 'full', '2024-05-03 08:42:55'),
(125, 'empty', '2024-05-03 08:43:18'),
(126, 'full', '2024-05-03 08:43:19'),
(127, 'empty', '2024-05-03 08:44:23'),
(128, 'full', '2024-05-03 08:44:24'),
(129, 'empty', '2024-05-03 09:05:04'),
(130, 'full', '2024-05-03 09:55:08'),
(131, 'empty', '2024-05-03 10:04:54'),
(132, 'full', '2024-05-03 10:04:54'),
(133, 'empty', '2024-05-03 10:05:19'),
(134, 'full', '2024-05-03 10:05:55'),
(135, 'empty', '2024-05-03 10:06:08'),
(136, 'full', '2024-05-03 10:06:23'),
(137, 'empty', '2024-05-03 10:06:36'),
(138, 'full', '2024-05-03 10:06:51'),
(139, 'empty', '2024-05-03 10:07:03'),
(140, 'full', '2024-05-03 10:07:30'),
(141, 'empty', '2024-05-03 10:07:48'),
(142, 'full', '2024-05-03 10:08:51'),
(143, 'empty', '2024-05-03 10:16:19'),
(144, 'full', '2024-05-03 10:18:36'),
(145, 'empty', '2024-05-03 10:21:20'),
(146, 'full', '2024-05-03 10:38:34'),
(147, 'empty', '2024-05-03 10:45:12'),
(148, 'full', '2024-05-03 10:45:14'),
(149, 'full', '2024-05-03 10:45:43'),
(150, 'full', '2024-05-03 10:45:44'),
(151, 'empty', '2024-05-03 10:46:22'),
(152, 'full', '2024-05-03 10:46:22'),
(153, 'empty', '2024-05-03 10:46:47'),
(154, 'full', '2024-05-03 10:46:59'),
(155, 'empty', '2024-05-03 10:48:12'),
(156, 'full', '2024-05-03 10:48:13'),
(157, 'empty', '2024-05-03 10:48:23'),
(158, 'full', '2024-05-04 02:50:35'),
(159, 'empty', '2024-05-04 02:50:57'),
(160, 'full', '2024-05-04 02:51:40'),
(161, 'empty', '2024-05-04 02:53:34'),
(162, 'full', '2024-05-04 02:53:42'),
(163, 'empty', '2024-05-04 03:00:04'),
(164, 'full', '2024-05-04 03:00:09'),
(165, 'empty', '2024-05-04 03:03:31'),
(166, 'full', '2024-05-04 03:03:31'),
(167, 'empty', '2024-05-04 03:03:50'),
(168, 'full', '2024-05-04 03:04:11'),
(169, 'empty', '2024-05-04 03:10:10'),
(170, 'full', '2024-05-04 03:10:28'),
(171, 'empty', '2024-05-04 03:11:19'),
(172, 'full', '2024-05-04 03:11:20'),
(173, 'empty', '2024-05-04 03:11:24'),
(174, 'full', '2024-05-04 03:11:36'),
(175, 'empty', '2024-05-04 03:13:53'),
(176, 'full', '2024-05-04 05:05:25'),
(177, 'empty', '2024-05-04 05:11:50'),
(178, 'full', '2024-05-04 05:21:42'),
(179, 'empty', '2024-05-04 06:14:43'),
(180, 'full', '2024-05-04 06:30:10'),
(181, 'empty', '2024-05-04 06:38:43'),
(183, 'full', '2024-05-04 10:00:42'),
(184, 'empty', '2024-05-04 10:06:21'),
(185, 'full', '2024-05-04 10:08:06'),
(186, 'empty', '2024-05-04 10:08:13'),
(187, 'full', '2024-05-04 10:08:57'),
(188, 'empty', '2024-05-04 10:09:21'),
(190, 'full', '2024-05-05 01:24:32'),
(191, 'empty', '2024-05-05 01:33:02'),
(192, 'full', '2024-05-05 01:52:52'),
(193, 'empty', '2024-05-05 01:58:23'),
(196, 'full', '2024-05-05 14:28:28'),
(197, 'empty', '2024-05-05 14:33:57'),
(198, 'full', '2024-05-05 14:49:25'),
(199, 'empty', '2024-05-05 14:59:13'),
(200, 'full', '2024-05-06 01:29:34'),
(201, 'empty', '2024-05-06 01:31:39'),
(202, 'full', '2024-05-06 01:37:16'),
(203, 'empty', '2024-05-06 01:41:38'),
(204, 'full', '2024-05-06 02:01:10'),
(205, 'empty', '2024-05-06 02:01:53'),
(206, 'full', '2024-05-06 02:02:14'),
(207, 'empty', '2024-05-06 02:02:46'),
(208, 'full', '2024-05-06 02:03:43'),
(209, 'empty', '2024-05-06 02:10:52'),
(210, 'full', '2024-05-06 04:01:59'),
(211, 'empty', '2024-05-06 04:02:23'),
(212, 'full', '2024-05-06 06:02:15'),
(213, 'empty', '2024-05-06 06:05:54'),
(214, 'full', '2024-05-06 06:56:53'),
(215, 'empty', '2024-05-06 07:02:01');

-- --------------------------------------------------------

--
-- 資料表結構 `tyler_get_point`
--

CREATE TABLE `tyler_get_point` (
  `sid` int(255) NOT NULL,
  `user_id` int(11) NOT NULL,
  `has_point` int(11) NOT NULL,
  `source` varchar(255) NOT NULL,
  `time_has_point` timestamp NOT NULL DEFAULT current_timestamp() ON UPDATE current_timestamp()
) ENGINE=InnoDB DEFAULT CHARSET=utf8mb4 COLLATE=utf8mb4_general_ci;

--
-- 傾印資料表的資料 `tyler_get_point`
--

INSERT INTO `tyler_get_point` (`sid`, `user_id`, `has_point`, `source`, `time_has_point`) VALUES
(1, 1, 15, 'answer correctly', '2024-01-25 00:15:05'),
(2, 1, 10, 'lottery', '2024-01-24 16:00:00'),
(3, 2, 15, 'answer correctly', '2024-01-25 17:30:00'),
(4, 3, 20, 'majority', '2024-01-31 19:45:00'),
(5, 4, 30, 'lottery', '2024-02-04 21:20:00'),
(6, 5, 10, 'majority', '2024-02-09 23:10:00'),
(7, 6, 15, 'answer correctly', '2024-02-15 01:30:00'),
(8, 7, 20, 'lottery', '2024-02-20 03:40:00'),
(9, 8, 30, 'majority', '2024-02-25 05:15:00'),
(10, 9, 10, 'answer correctly', '2024-03-01 07:05:00'),
(11, 10, 15, 'lottery', '2024-03-04 09:25:00'),
(12, 11, 20, 'majority', '2024-03-09 11:45:00'),
(13, 12, 30, 'answer correctly', '2024-03-14 14:00:00'),
(14, 13, 10, 'lottery', '2024-03-19 16:15:00'),
(15, 14, 15, 'majority', '2024-03-24 18:30:00'),
(16, 15, 20, 'answer correctly', '2024-03-29 20:45:00'),
(17, 16, 30, 'lottery', '2024-04-03 23:00:00'),
(18, 17, 10, 'majority', '2024-04-09 01:15:00'),
(19, 18, 15, 'answer correctly', '2024-04-14 03:30:00'),
(20, 19, 20, 'lottery', '2024-04-19 05:45:00'),
(21, 20, 30, 'majority', '2024-04-24 07:55:00'),
(22, 21, 10, 'answer correctly', '2024-04-28 10:10:00'),
(23, 22, 15, 'lottery', '2024-05-03 12:25:00'),
(24, 23, 20, 'majority', '2024-05-08 14:40:00'),
(25, 24, 30, 'answer correctly', '2024-05-13 16:55:00'),
(26, 25, 10, 'lottery', '2024-05-18 19:10:00'),
(27, 26, 15, 'majority', '2024-05-23 21:25:00'),
(28, 27, 20, 'answer correctly', '2024-05-28 23:40:00'),
(29, 28, 30, 'lottery', '2024-06-03 01:55:00'),
(30, 29, 10, 'majority', '2024-06-08 04:10:00'),
(31, 30, 15, 'answer correctly', '2024-06-13 06:25:00'),
(32, 31, 20, 'lottery', '2024-06-17 08:40:00'),
(33, 32, 30, 'majority', '2024-06-22 11:00:00'),
(34, 33, 10, 'answer correctly', '2024-06-27 13:15:00'),
(35, 34, 15, 'lottery', '2024-07-02 15:30:00'),
(36, 35, 20, 'majority', '2024-07-07 17:45:00'),
(37, 36, 30, 'answer correctly', '2024-07-12 20:00:00'),
(38, 37, 10, 'lottery', '2024-07-17 22:15:00'),
(39, 38, 15, 'majority', '2024-07-23 00:30:00'),
(40, 39, 20, 'answer correctly', '2024-07-28 02:45:00'),
(41, 40, 30, 'lottery', '2024-08-02 05:00:00'),
(42, 41, 10, 'majority', '2024-08-07 07:15:00'),
(43, 42, 15, 'answer correctly', '2024-08-11 09:30:00'),
(44, 43, 20, 'lottery', '2024-08-16 11:45:00'),
(45, 44, 30, 'majority', '2024-08-21 14:00:00'),
(46, 45, 10, 'answer correctly', '2024-08-26 16:15:00'),
(47, 46, 15, 'lottery', '2024-08-31 18:30:00'),
(48, 47, 20, 'majority', '2024-09-05 20:45:00'),
(49, 48, 30, 'answer correctly', '2024-09-10 23:00:00'),
(50, 49, 10, 'lottery', '2024-09-16 01:15:00'),
(51, 50, 15, 'majority', '2024-09-21 03:30:00'),
(53, 999, 32345, '24345345', '2024-01-29 18:54:00'),
(54, 123, 123, 'sdf', '2024-01-26 19:02:00'),
(55, 213, 123, '123', '2024-02-01 11:03:00'),
(56, 11, 111, '111', '2024-01-29 19:12:00'),
(59, 55, 444, 'don\'t know', '2024-02-01 19:45:24'),
(60, 100, 500, '幸運中獎', '2024-02-01 11:47:00'),
(61, 444, 444, 'test', '2024-02-21 19:01:00'),
(62, 12323, 1243124, 'asdf', '2024-02-15 10:59:00'),
(63, 700, 33, '我之前打錯', '2024-02-17 20:02:10'),
(64, 50, 100, '很幸運', '2024-02-04 06:42:38'),
(65, 100, 100, '回答很快', '2024-02-15 06:52:00'),
(66, 101, 101, '展示', '2024-02-04 06:50:39'),
(67, 100, 34, '打賞回饋', '2024-02-22 17:18:00'),
(68, 123, -45, '刷頻', '2024-02-04 17:21:42'),
(69, 33, 100, '管理員撒錢', '2024-02-04 21:24:58'),
(70, 33, 100, '管理員撒錢', '2024-02-05 00:25:00'),
(71, 33, 121, '管理員撒錢', '2024-02-27 01:25:00'),
(72, 33, 121, '管理員撒錢', '2024-02-27 01:30:00'),
(73, 33, 14555, '管理員撒錢', '2024-02-27 01:30:00'),
(74, 34, 12, '管理員撒錢', '2024-02-04 21:33:36'),
(75, 123, 333, '幸運中獎', '2024-02-05 06:46:25'),
(76, 123, 123, '幸運中獎', '2024-02-08 06:53:00'),
(77, 1, 100, '頭像獎勵', '2024-04-16 08:14:01'),
(78, 1, 100, '頭像獎勵', '2024-04-16 08:15:38'),
(79, 1, 100, '頭像獎勵', '2024-04-16 08:17:29'),
(80, 1, 100, '頭像獎勵', '2024-04-16 08:17:40'),
(81, 1, 100, '頭像獎勵', '2024-04-16 08:17:53'),
(82, 1, 100, '頭像獎勵', '2024-04-16 08:18:03'),
(83, 1, 100, '頭像獎勵', '2024-04-16 08:18:12'),
(84, 1, 100, '頭像獎勵', '2024-04-16 08:18:18'),
(85, 1, 100, '頭像獎勵', '2024-04-16 14:07:22'),
(86, 1, 100, '頭像獎勵', '2024-04-16 14:52:41'),
(87, 1, 100, '頭像獎勵', '2024-04-16 14:52:43'),
(88, 1, 100, '頭像獎勵', '2024-04-17 02:33:16'),
(89, 1, 100, '頭像獎勵', '2024-04-17 02:33:18'),
(90, 1, 100, '頭像獎勵', '2024-04-17 07:21:47'),
(91, 1, 100, '頭像獎勵', '2024-04-19 01:50:50'),
(92, 1, 100, '頭像獎勵', '2024-04-22 07:57:58'),
(93, 1, 100, '頭像獎勵', '2024-04-23 03:40:16'),
(94, 1, 5000, '自發獎勵', '2024-04-24 14:02:33'),
(95, 1, 100, '頭像獎勵', '2024-04-25 01:19:10'),
(96, 1, 100, '頭像獎勵', '2024-04-25 01:24:08'),
(97, 1, 15000, '測試', '2024-04-25 02:25:25'),
(98, 1, 15000, '測試', '2024-04-25 02:25:33'),
(99, 1, 100, '頭像獎勵', '2024-04-25 02:41:34'),
(100, 1, 15000, '隨意', '2024-04-26 01:34:20'),
(101, 1, 15000, 'we', '2024-04-26 02:52:16'),
(102, 1, 15000, 'we', '2024-04-26 03:21:50'),
(103, 1, 15000, 'we', '2024-04-26 04:04:56'),
(104, 1, 15000, 'whatever', '2024-04-26 06:02:51'),
(105, 1, 15000, 'asdf', '2024-04-28 05:29:06'),
(106, 1, 1000, '頭像獎勵', '2024-04-28 07:32:16'),
(107, 1, 1000, '頭像獎勵', '2024-04-28 07:34:06'),
(108, 1, 1000, '頭像獎勵', '2024-04-28 07:34:10'),
(109, 1, 1000, '頭像獎勵', '2024-04-28 07:34:15'),
(110, 1, 1000, '頭像獎勵', '2024-04-28 07:34:30'),
(111, 1, 1000, '頭像獎勵', '2024-04-28 07:34:33'),
(112, 1, 1000, '頭像獎勵', '2024-04-28 07:34:36'),
(113, 1, 1000, '頭像獎勵', '2024-04-28 07:35:25'),
(114, 1, 1000, '頭像獎勵', '2024-04-28 07:35:26'),
(115, 1, 1000, '頭像獎勵', '2024-04-28 07:35:26'),
(116, 1, 1000, '頭像獎勵', '2024-04-28 07:47:26'),
(117, 1, 1000, '頭像獎勵', '2024-04-28 07:47:27'),
(118, 1, 1000, '頭像獎勵', '2024-04-28 07:49:46'),
(119, 1, 1000, '頭像獎勵', '2024-04-28 07:50:22'),
(120, 1, 1000, '頭像獎勵', '2024-04-28 07:50:43'),
(121, 1, 1000, '頭像獎勵', '2024-04-28 07:50:44'),
(122, 1, 1000, '頭像獎勵', '2024-04-28 08:03:08'),
(123, 1, 1000, '頭像獎勵', '2024-04-28 08:03:11'),
(124, 1, 1000, '頭像獎勵', '2024-04-28 08:03:16'),
(125, 1, 1000, '頭像獎勵', '2024-04-28 08:03:18'),
(126, 1, 1000, '頭像獎勵', '2024-04-28 08:03:19'),
(127, 1, 1000, '頭像獎勵', '2024-04-28 08:03:23'),
(128, 1, 1000, '頭像獎勵', '2024-04-28 08:11:32'),
(129, 1, 1000, '頭像獎勵', '2024-04-28 08:11:35'),
(130, 1, 1000, '頭像獎勵', '2024-04-28 08:11:36'),
(131, 1, 1000, '頭像獎勵', '2024-04-28 08:13:50'),
(132, 1, 1000, '頭像獎勵', '2024-04-28 14:29:50'),
(133, 1, 1000, '頭像獎勵', '2024-04-28 14:42:05'),
(134, 1, 1000, '頭像獎勵', '2024-04-28 14:42:06'),
(135, 1, 1000, '頭像獎勵', '2024-04-28 14:42:07'),
(136, 1, 1000, '頭像獎勵', '2024-04-28 14:42:08'),
(137, 1, 1000, '頭像獎勵', '2024-04-28 14:54:18'),
(138, 1, 1000, '頭像獎勵', '2024-04-28 14:54:20'),
(139, 1, 1000, '頭像獎勵', '2024-04-28 14:54:21'),
(140, 1, 1000, '頭像獎勵', '2024-04-28 14:54:22'),
(141, 1, 1000, '頭像獎勵', '2024-04-28 14:54:23'),
(142, 1, 1000, '頭像獎勵', '2024-04-28 15:32:34'),
(143, 1, 1000, '頭像獎勵', '2024-04-28 15:32:35'),
(144, 1, 1000, '頭像獎勵', '2024-04-28 15:32:36'),
(145, 1, 1000, '頭像獎勵', '2024-04-28 15:32:37'),
(146, 1, 1000, '頭像獎勵', '2024-04-28 15:39:47'),
(147, 1, 1000, '頭像獎勵', '2024-04-28 15:39:53'),
(148, 1, 1000, '頭像獎勵', '2024-04-28 15:39:56'),
(149, 191, 200, 'asdf', '2024-05-06 02:29:07'),
(150, 193, 1000, '頭像獎勵', '2024-04-30 08:16:07'),
(151, 192, 2000, '', '2024-04-30 08:20:54'),
(152, 192, 1000, '頭像獎勵', '2024-05-01 03:39:04'),
(153, 192, 1000, '頭像獎勵', '2024-05-01 03:39:08'),
(154, 192, 1000, '頭像獎勵', '2024-05-01 03:39:11'),
(155, 192, 1000, '頭像獎勵', '2024-05-01 03:39:11'),
(156, 192, 1000, '頭像獎勵', '2024-05-01 06:04:15'),
(157, 192, 1000, '頭像獎勵', '2024-05-01 06:04:16'),
(158, 192, 1000, '頭像獎勵', '2024-05-01 06:04:16'),
(159, 192, 1000, '頭像獎勵', '2024-05-01 06:04:19'),
(160, 192, 1000, '頭像獎勵', '2024-05-01 06:04:21'),
(161, 192, 1000, '頭像獎勵', '2024-05-01 06:04:22'),
(162, 194, 15000, '', '2024-05-01 06:51:59'),
(163, 192, 1000, '頭像獎勵', '2024-05-01 07:15:20'),
(164, 192, 1000, '頭像獎勵', '2024-05-01 07:15:21'),
(165, 192, 1000, '頭像獎勵', '2024-05-01 14:17:59'),
(166, 192, 15000, '頭像獎勵', '2024-05-06 04:01:28'),
(167, 192, 1000, '頭像獎勵', '2024-05-06 07:01:02'),
(168, 192, 1000, '頭像獎勵', '2024-05-06 07:01:04'),
(169, 192, 1000, '頭像獎勵', '2024-05-06 07:01:17');

-- --------------------------------------------------------

--
-- 資料表結構 `tyler_stream`
--

CREATE TABLE `tyler_stream` (
  `id` int(11) NOT NULL,
  `stream_code` varchar(255) NOT NULL,
  `time` timestamp NOT NULL DEFAULT current_timestamp() ON UPDATE current_timestamp(),
  `streamer_name` varchar(255) NOT NULL
) ENGINE=InnoDB DEFAULT CHARSET=utf8mb4 COLLATE=utf8mb4_general_ci;

--
-- 傾印資料表的資料 `tyler_stream`
--

INSERT INTO `tyler_stream` (`id`, `stream_code`, `time`, `streamer_name`) VALUES
(1, '191', '2024-04-30 07:48:27', 'goog'),
(2, '191', '2024-04-30 07:56:13', 'goog'),
(3, '191', '2024-04-30 08:01:25', 'goog'),
(4, '191', '2024-04-30 08:07:19', 'goog'),
(5, '191', '2024-04-30 08:07:33', 'goog'),
(6, 'c6685513-611f-4a2c-927e-717510ccb979', '2024-04-30 08:09:06', 'goog'),
(7, 'c79d1382-2f3b-4e75-8ded-be99d4b34e3d', '2024-04-30 08:11:57', '123456aa'),
(8, '6a8c4110-7f03-4d1f-aae6-8da82e85033d', '2024-04-30 08:14:26', '123456aa'),
(9, '315aecc7-60fc-41a9-8caf-f6f406f9d639', '2024-04-30 08:31:22', '123456aa'),
(10, '55f53ac9-e4e4-4615-b5af-23543582d9e6', '2024-05-01 02:57:08', '123456aa'),
(11, '5a6fe148-4c17-47ba-abc0-e1219cf5da9c', '2024-05-01 02:59:08', 'gogoogog'),
(12, 'cc592df5-64e1-4c8c-8f0f-76ab3f8d2746', '2024-05-01 03:02:48', 'gogoogog'),
(13, 'cc592df5-64e1-4c8c-8f0f-76ab3f8d2746', '2024-05-01 03:02:48', 'gogoogog'),
(14, '271a177d-d072-41ed-970b-cebb138f915d', '2024-05-01 03:02:52', 'gogoogog'),
(15, 'cccf93cd-96f6-4027-a39b-53ee2b40fdf0', '2024-05-01 03:03:13', 'gogoogog'),
(16, 'f16eb599-5266-4841-a344-273712fee6a8', '2024-05-01 03:03:42', 'gogoogog'),
(17, 'f16eb599-5266-4841-a344-273712fee6a8', '2024-05-01 03:03:42', 'gogoogog'),
(18, '19a65c81-5dda-42f3-847f-e8d3a858e036', '2024-05-01 03:03:44', 'gogoogog'),
(19, '5cd02c4c-d78b-4287-a78f-b030e0d74019', '2024-05-01 03:03:48', 'gogoogog'),
(20, '5cd02c4c-d78b-4287-a78f-b030e0d74019', '2024-05-01 03:03:48', 'gogoogog'),
(21, '456325e6-ebd8-4455-b873-0f94d49d9817', '2024-05-01 03:04:24', 'gogoogog'),
(22, '456325e6-ebd8-4455-b873-0f94d49d9817', '2024-05-01 03:04:24', 'gogoogog'),
(23, '456325e6-ebd8-4455-b873-0f94d49d9817', '2024-05-01 03:04:24', 'gogoogog'),
(24, 'ea2e87e1-1080-4231-9d23-e5f4cb259709', '2024-05-01 03:04:26', 'gogoogog'),
(25, 'ea2e87e1-1080-4231-9d23-e5f4cb259709', '2024-05-01 03:04:26', 'gogoogog'),
(26, 'ea2e87e1-1080-4231-9d23-e5f4cb259709', '2024-05-01 03:04:26', 'gogoogog'),
(27, 'ea2e87e1-1080-4231-9d23-e5f4cb259709', '2024-05-01 03:04:26', 'gogoogog'),
(28, 'f45de19e-fc47-44fe-966f-bd33f6b50a42', '2024-05-01 03:04:44', 'gogoogog'),
(29, '53fa95c4-c166-4e1a-90e2-a0bd96722f61', '2024-05-01 03:04:53', 'gogoogog'),
(30, '53fa95c4-c166-4e1a-90e2-a0bd96722f61', '2024-05-01 03:04:53', 'gogoogog'),
(31, 'cd110ddc-f20d-4e16-8900-3318b4321257', '2024-05-01 03:05:47', 'gogoogog'),
(32, 'cd110ddc-f20d-4e16-8900-3318b4321257', '2024-05-01 03:05:47', ''),
(33, 'cd110ddc-f20d-4e16-8900-3318b4321257', '2024-05-01 03:05:47', 'gogoogog'),
(34, 'a84abd99-3a47-4005-a6c1-050760b23021', '2024-05-01 03:05:50', 'gogoogog'),
(35, 'a84abd99-3a47-4005-a6c1-050760b23021', '2024-05-01 03:05:50', 'gogoogog'),
(36, 'a84abd99-3a47-4005-a6c1-050760b23021', '2024-05-01 03:05:50', ''),
(37, 'a84abd99-3a47-4005-a6c1-050760b23021', '2024-05-01 03:05:50', 'gogoogog'),
(38, '0a390187-35aa-42cd-ab09-3c84b6c7f946', '2024-05-01 03:05:53', ''),
(39, '0a390187-35aa-42cd-ab09-3c84b6c7f946', '2024-05-01 03:05:53', 'gogoogog'),
(40, '0a390187-35aa-42cd-ab09-3c84b6c7f946', '2024-05-01 03:05:53', 'gogoogog'),
(41, '0a390187-35aa-42cd-ab09-3c84b6c7f946', '2024-05-01 03:05:53', 'gogoogog'),
(42, '0a390187-35aa-42cd-ab09-3c84b6c7f946', '2024-05-01 03:05:53', 'gogoogog'),
(43, '2b75263d-eebd-4c91-99c8-7b8479fc73cc', '2024-05-01 03:05:55', 'gogoogog'),
(44, '2b75263d-eebd-4c91-99c8-7b8479fc73cc', '2024-05-01 03:05:55', 'gogoogog'),
(45, '2b75263d-eebd-4c91-99c8-7b8479fc73cc', '2024-05-01 03:05:55', ''),
(46, '2b75263d-eebd-4c91-99c8-7b8479fc73cc', '2024-05-01 03:05:55', 'gogoogog'),
(47, '2b75263d-eebd-4c91-99c8-7b8479fc73cc', '2024-05-01 03:05:55', 'gogoogog'),
(48, '2b75263d-eebd-4c91-99c8-7b8479fc73cc', '2024-05-01 03:05:55', 'gogoogog'),
(49, '51e4afdd-005e-4659-9ea0-2d625c2106d9', '2024-05-01 03:06:14', 'gogoogog'),
(50, '51e4afdd-005e-4659-9ea0-2d625c2106d9', '2024-05-01 03:06:14', 'gogoogog'),
(51, '51e4afdd-005e-4659-9ea0-2d625c2106d9', '2024-05-01 03:06:14', 'gogoogog'),
(52, '51e4afdd-005e-4659-9ea0-2d625c2106d9', '2024-05-01 03:06:14', ''),
(53, '51e4afdd-005e-4659-9ea0-2d625c2106d9', '2024-05-01 03:06:14', ''),
(54, '51e4afdd-005e-4659-9ea0-2d625c2106d9', '2024-05-01 03:06:14', 'gogoogog'),
(55, '51e4afdd-005e-4659-9ea0-2d625c2106d9', '2024-05-01 03:06:14', 'gogoogog'),
(56, '22990fdd-ea9e-4c1b-b7d1-67237a89471e', '2024-05-01 03:06:23', 'gogoogog'),
(57, 'ed100dd8-7da2-451c-9dab-784b18cc96e3', '2024-05-01 03:06:57', 'gogoogog'),
(58, 'ed100dd8-7da2-451c-9dab-784b18cc96e3', '2024-05-01 03:06:57', 'gogoogog'),
(59, 'e810a610-8295-4187-95e3-2c250069cde6', '2024-05-01 03:07:06', 'gogoogog'),
(60, 'e810a610-8295-4187-95e3-2c250069cde6', '2024-05-01 03:07:06', 'gogoogog'),
(61, 'e810a610-8295-4187-95e3-2c250069cde6', '2024-05-01 03:07:06', 'gogoogog'),
(62, 'e810a610-8295-4187-95e3-2c250069cde6', '2024-05-01 03:07:06', 'gogoogog'),
(63, '24afa984-38d0-4f5c-a1be-9bc1ebb5ec8c', '2024-05-01 03:07:07', 'gogoogog'),
(64, '24afa984-38d0-4f5c-a1be-9bc1ebb5ec8c', '2024-05-01 03:07:07', 'gogoogog'),
(65, '24afa984-38d0-4f5c-a1be-9bc1ebb5ec8c', '2024-05-01 03:07:07', 'gogoogog'),
(66, '24afa984-38d0-4f5c-a1be-9bc1ebb5ec8c', '2024-05-01 03:07:07', 'gogoogog'),
(67, 'de1fc405-aa60-4d5c-9266-a1373063fd53', '2024-05-01 03:07:10', 'gogoogog'),
(68, 'cfabac08-2fe3-4f7c-978f-debd84a9da42', '2024-05-01 03:09:09', 'gogoogog'),
(69, 'cfabac08-2fe3-4f7c-978f-debd84a9da42', '2024-05-01 03:09:09', 'gogoogog'),
(70, 'a1326967-896a-4364-ba48-e49c9ff62b41', '2024-05-01 03:09:17', 'gogoogog'),
(71, 'a1326967-896a-4364-ba48-e49c9ff62b41', '2024-05-01 03:09:17', 'gogoogog'),
(72, 'a1326967-896a-4364-ba48-e49c9ff62b41', '2024-05-01 03:09:17', 'gogoogog'),
(73, 'bd767f66-59ec-47e9-8cbc-a5f66e95cecd', '2024-05-01 03:09:20', 'gogoogog'),
(74, 'bd767f66-59ec-47e9-8cbc-a5f66e95cecd', '2024-05-01 03:09:20', 'gogoogog'),
(75, 'bd767f66-59ec-47e9-8cbc-a5f66e95cecd', '2024-05-01 03:09:20', 'gogoogog'),
(76, 'bd767f66-59ec-47e9-8cbc-a5f66e95cecd', '2024-05-01 03:09:20', 'gogoogog'),
(77, '7e2c1e43-6b22-409a-907b-48cbb14cd497', '2024-05-01 03:09:29', 'gogoogog'),
(78, '7e2c1e43-6b22-409a-907b-48cbb14cd497', '2024-05-01 03:09:29', 'gogoogog'),
(79, '7e2c1e43-6b22-409a-907b-48cbb14cd497', '2024-05-01 03:09:29', 'gogoogog'),
(80, '7e2c1e43-6b22-409a-907b-48cbb14cd497', '2024-05-01 03:09:29', 'gogoogog'),
(81, '7e2c1e43-6b22-409a-907b-48cbb14cd497', '2024-05-01 03:09:29', 'gogoogog'),
(82, '98582c51-0d0c-4868-90f3-99721a46f363', '2024-05-01 03:10:28', 'gogoogog'),
(83, '13dffbf2-5c2d-48ca-83a4-e155229efe87', '2024-05-01 03:12:29', 'gogoogog'),
(84, '13dffbf2-5c2d-48ca-83a4-e155229efe87', '2024-05-01 03:12:29', 'gogoogog'),
(85, 'ef8dcfdd-1b75-4fd4-9320-7eea6b41bcc3', '2024-05-01 03:12:32', 'gogoogog'),
(86, 'ef8dcfdd-1b75-4fd4-9320-7eea6b41bcc3', '2024-05-01 03:12:32', 'gogoogog'),
(87, 'ef8dcfdd-1b75-4fd4-9320-7eea6b41bcc3', '2024-05-01 03:12:32', 'gogoogog'),
(88, 'ef8dcfdd-1b75-4fd4-9320-7eea6b41bcc3', '2024-05-01 03:12:32', 'gogoogog'),
(89, '6db17419-5994-48f4-8943-211d53e690a7', '2024-05-01 03:12:34', 'gogoogog'),
(90, '6db17419-5994-48f4-8943-211d53e690a7', '2024-05-01 03:12:34', 'gogoogog'),
(91, '6db17419-5994-48f4-8943-211d53e690a7', '2024-05-01 03:12:34', 'gogoogog'),
(92, '6db17419-5994-48f4-8943-211d53e690a7', '2024-05-01 03:12:34', 'gogoogog'),
(93, '84d0685e-0ceb-4535-be7c-f5e985cfe6ae', '2024-05-01 03:12:38', 'gogoogog'),
(94, '84d0685e-0ceb-4535-be7c-f5e985cfe6ae', '2024-05-01 03:12:38', 'gogoogog'),
(95, '84d0685e-0ceb-4535-be7c-f5e985cfe6ae', '2024-05-01 03:12:38', 'gogoogog'),
(96, '84d0685e-0ceb-4535-be7c-f5e985cfe6ae', '2024-05-01 03:12:38', 'gogoogog'),
(97, '84d0685e-0ceb-4535-be7c-f5e985cfe6ae', '2024-05-01 03:12:38', 'gogoogog'),
(98, '035423bd-3d3f-4a48-91b1-f2acb7aebd53', '2024-05-01 03:12:41', 'gogoogog'),
(99, '035423bd-3d3f-4a48-91b1-f2acb7aebd53', '2024-05-01 03:12:41', 'gogoogog'),
(100, '035423bd-3d3f-4a48-91b1-f2acb7aebd53', '2024-05-01 03:12:41', 'gogoogog'),
(101, '035423bd-3d3f-4a48-91b1-f2acb7aebd53', '2024-05-01 03:12:41', 'gogoogog'),
(102, '035423bd-3d3f-4a48-91b1-f2acb7aebd53', '2024-05-01 03:12:41', 'gogoogog'),
(103, '035423bd-3d3f-4a48-91b1-f2acb7aebd53', '2024-05-01 03:12:41', 'gogoogog'),
(104, 'e7e88866-2ee2-4ee2-82fc-314d9ed37eab', '2024-05-01 03:12:56', 'gogoogog'),
(105, '817b3fc0-882b-4de7-9ad4-7c43776987b2', '2024-05-01 03:13:06', 'gogoogog'),
(106, '98713bef-a932-4b07-a2a3-d0456214914b', '2024-05-01 03:13:40', 'gogoogog'),
(107, '98713bef-a932-4b07-a2a3-d0456214914b', '2024-05-01 03:13:40', 'gogoogog'),
(108, 'a2644138-ec85-4575-92d5-1c795749851b', '2024-05-01 03:13:49', 'gogoogog'),
(109, '8314c2a0-bb82-4508-95ef-eabd4c8e564e', '2024-05-01 03:14:13', 'gogoogog'),
(110, '8314c2a0-bb82-4508-95ef-eabd4c8e564e', '2024-05-01 03:14:13', 'gogoogog'),
(111, '1b64a26b-34e0-414b-8fc9-e7f0b1e30860', '2024-05-01 03:16:08', 'gogoogog'),
(112, '1b64a26b-34e0-414b-8fc9-e7f0b1e30860', '2024-05-01 03:16:08', 'gogoogog'),
(113, '1b64a26b-34e0-414b-8fc9-e7f0b1e30860', '2024-05-01 03:16:08', 'gogoogog'),
(114, '0b56d3f5-6c22-46fd-a7cb-79e771c5c9e5', '2024-05-01 03:16:12', 'gogoogog'),
(115, '0b56d3f5-6c22-46fd-a7cb-79e771c5c9e5', '2024-05-01 03:16:12', 'gogoogog'),
(116, '0b56d3f5-6c22-46fd-a7cb-79e771c5c9e5', '2024-05-01 03:16:12', 'gogoogog'),
(117, '0b56d3f5-6c22-46fd-a7cb-79e771c5c9e5', '2024-05-01 03:16:12', 'gogoogog'),
(118, '6f26475c-5e61-42a8-a339-e4a5c792defd', '2024-05-01 03:16:19', 'gogoogog'),
(119, '6f26475c-5e61-42a8-a339-e4a5c792defd', '2024-05-01 03:16:19', 'gogoogog'),
(120, '6f26475c-5e61-42a8-a339-e4a5c792defd', '2024-05-01 03:16:19', 'gogoogog'),
(121, '6f26475c-5e61-42a8-a339-e4a5c792defd', '2024-05-01 03:16:19', 'gogoogog'),
(122, '6f26475c-5e61-42a8-a339-e4a5c792defd', '2024-05-01 03:16:19', 'gogoogog'),
(123, '8fdc5405-c99e-4fad-8f1a-63a2d93c80b3', '2024-05-01 03:16:23', 'gogoogog'),
(124, '8fdc5405-c99e-4fad-8f1a-63a2d93c80b3', '2024-05-01 03:16:23', 'gogoogog'),
(125, '8fdc5405-c99e-4fad-8f1a-63a2d93c80b3', '2024-05-01 03:16:23', 'gogoogog'),
(126, '8fdc5405-c99e-4fad-8f1a-63a2d93c80b3', '2024-05-01 03:16:23', 'gogoogog'),
(127, '8fdc5405-c99e-4fad-8f1a-63a2d93c80b3', '2024-05-01 03:16:23', 'gogoogog'),
(128, '8fdc5405-c99e-4fad-8f1a-63a2d93c80b3', '2024-05-01 03:16:23', ''),
(129, '6b233577-fbce-44f7-9081-328d9fd2835e', '2024-05-01 03:16:25', 'gogoogog'),
(130, '6b233577-fbce-44f7-9081-328d9fd2835e', '2024-05-01 03:16:25', 'gogoogog'),
(131, '6b233577-fbce-44f7-9081-328d9fd2835e', '2024-05-01 03:16:25', 'gogoogog'),
(132, '6b233577-fbce-44f7-9081-328d9fd2835e', '2024-05-01 03:16:25', 'gogoogog'),
(133, '6b233577-fbce-44f7-9081-328d9fd2835e', '2024-05-01 03:16:25', 'gogoogog'),
(134, '6b233577-fbce-44f7-9081-328d9fd2835e', '2024-05-01 03:16:25', ''),
(135, '6b233577-fbce-44f7-9081-328d9fd2835e', '2024-05-01 03:16:25', 'gogoogog'),
(136, '90da6784-db1a-48bb-b5f5-a353b6f7274e', '2024-05-01 03:16:36', 'gogoogog'),
(137, '90da6784-db1a-48bb-b5f5-a353b6f7274e', '2024-05-01 03:16:36', 'gogoogog'),
(138, '90da6784-db1a-48bb-b5f5-a353b6f7274e', '2024-05-01 03:16:36', 'gogoogog'),
(139, '90da6784-db1a-48bb-b5f5-a353b6f7274e', '2024-05-01 03:16:36', 'gogoogog'),
(140, '90da6784-db1a-48bb-b5f5-a353b6f7274e', '2024-05-01 03:16:36', 'gogoogog'),
(141, '90da6784-db1a-48bb-b5f5-a353b6f7274e', '2024-05-01 03:16:36', ''),
(142, '90da6784-db1a-48bb-b5f5-a353b6f7274e', '2024-05-01 03:16:36', 'gogoogog'),
(143, '90da6784-db1a-48bb-b5f5-a353b6f7274e', '2024-05-01 03:16:36', 'gogoogog'),
(144, '84cf0a78-a82a-4a35-af36-a95cb6b6dc7c', '2024-05-01 03:16:44', 'gogoogog'),
(145, '84cf0a78-a82a-4a35-af36-a95cb6b6dc7c', '2024-05-01 03:16:44', 'gogoogog'),
(146, '84cf0a78-a82a-4a35-af36-a95cb6b6dc7c', '2024-05-01 03:16:44', 'gogoogog'),
(147, '84cf0a78-a82a-4a35-af36-a95cb6b6dc7c', '2024-05-01 03:16:44', 'gogoogog'),
(148, '84cf0a78-a82a-4a35-af36-a95cb6b6dc7c', '2024-05-01 03:16:44', 'gogoogog'),
(149, '84cf0a78-a82a-4a35-af36-a95cb6b6dc7c', '2024-05-01 03:16:44', 'gogoogog'),
(150, '84cf0a78-a82a-4a35-af36-a95cb6b6dc7c', '2024-05-01 03:16:44', 'gogoogog'),
(151, '84cf0a78-a82a-4a35-af36-a95cb6b6dc7c', '2024-05-01 03:16:44', 'gogoogog'),
(152, '84cf0a78-a82a-4a35-af36-a95cb6b6dc7c', '2024-05-01 03:16:44', 'gogoogog'),
(153, '84cf0a78-a82a-4a35-af36-a95cb6b6dc7c', '2024-05-01 03:16:44', ''),
(154, 'ba76503c-9e84-4998-8edd-ed3e47f409b6', '2024-05-01 03:16:45', 'gogoogog'),
(155, 'ba76503c-9e84-4998-8edd-ed3e47f409b6', '2024-05-01 03:16:45', 'gogoogog'),
(156, 'ba76503c-9e84-4998-8edd-ed3e47f409b6', '2024-05-01 03:16:45', 'gogoogog'),
(157, 'ba76503c-9e84-4998-8edd-ed3e47f409b6', '2024-05-01 03:16:45', 'gogoogog'),
(158, 'ba76503c-9e84-4998-8edd-ed3e47f409b6', '2024-05-01 03:16:45', 'gogoogog'),
(159, 'ba76503c-9e84-4998-8edd-ed3e47f409b6', '2024-05-01 03:16:45', ''),
(160, 'ba76503c-9e84-4998-8edd-ed3e47f409b6', '2024-05-01 03:16:45', 'gogoogog'),
(161, 'ba76503c-9e84-4998-8edd-ed3e47f409b6', '2024-05-01 03:16:45', 'gogoogog'),
(162, 'ba76503c-9e84-4998-8edd-ed3e47f409b6', '2024-05-01 03:16:45', 'gogoogog'),
(163, 'ba76503c-9e84-4998-8edd-ed3e47f409b6', '2024-05-01 03:16:45', 'gogoogog'),
(164, 'd5f668ea-9a81-473d-8869-36eeefe64e46', '2024-05-01 03:16:52', 'gogoogog'),
(165, '5e562782-1ef6-429d-a6d4-21b479f4b1d0', '2024-05-01 03:17:25', 'gogoogog'),
(166, 'd28567d5-36c1-4a80-82e6-b24e95ffa699', '2024-05-01 03:18:16', 'gogoogog'),
(167, 'b128ffde-4636-4e7f-9c04-19b98c88384b', '2024-05-01 03:18:38', 'gogoogog'),
(168, 'b128ffde-4636-4e7f-9c04-19b98c88384b', '2024-05-01 03:18:38', 'gogoogog'),
(169, '1896e207-9eb0-4f47-a8be-b29f3e580185', '2024-05-01 03:18:48', 'gogoogog'),
(170, 'd7a78a21-c815-4bb2-bb34-643df668a1f4', '2024-05-01 03:19:49', 'gogoogog'),
(171, 'b70bbfbe-f1be-432d-a614-3439af7ee2fc', '2024-05-01 03:20:04', 'gogoogog'),
(172, 'b70bbfbe-f1be-432d-a614-3439af7ee2fc', '2024-05-01 03:20:04', 'gogoogog'),
(173, 'f0c76220-854b-419f-879d-1a812b23f3a5', '2024-05-01 03:20:06', 'gogoogog'),
(174, 'f0c76220-854b-419f-879d-1a812b23f3a5', '2024-05-01 03:20:06', 'gogoogog'),
(175, 'f0c76220-854b-419f-879d-1a812b23f3a5', '2024-05-01 03:20:06', 'gogoogog'),
(176, '5f9f3876-c4d4-4406-9a39-1a4bf0caf65a', '2024-05-01 03:20:09', 'gogoogog'),
(177, '5f9f3876-c4d4-4406-9a39-1a4bf0caf65a', '2024-05-01 03:20:09', 'gogoogog'),
(178, '5f9f3876-c4d4-4406-9a39-1a4bf0caf65a', '2024-05-01 03:20:09', 'gogoogog'),
(179, '5f9f3876-c4d4-4406-9a39-1a4bf0caf65a', '2024-05-01 03:20:09', 'gogoogog'),
(180, '396b4f48-42ac-4830-a56d-e21c649dc612', '2024-05-01 03:20:12', 'gogoogog'),
(181, '396b4f48-42ac-4830-a56d-e21c649dc612', '2024-05-01 03:20:12', 'gogoogog'),
(182, '396b4f48-42ac-4830-a56d-e21c649dc612', '2024-05-01 03:20:12', 'gogoogog'),
(183, '396b4f48-42ac-4830-a56d-e21c649dc612', '2024-05-01 03:20:12', 'gogoogog'),
(184, '396b4f48-42ac-4830-a56d-e21c649dc612', '2024-05-01 03:20:12', 'gogoogog'),
(185, 'f8d39e78-5c73-4b6f-a55e-8b2a4924b75a', '2024-05-01 03:20:15', 'gogoogog'),
(186, '25cad9cf-f9af-48b5-97bb-dd5c78484bbc', '2024-05-01 03:21:45', 'gogoogog'),
(187, '25cad9cf-f9af-48b5-97bb-dd5c78484bbc', '2024-05-01 03:21:45', 'gogoogog'),
(188, '25cad9cf-f9af-48b5-97bb-dd5c78484bbc', '2024-05-01 03:21:45', 'gogoogog'),
(189, 'ba3a681b-b2d2-4f07-98c2-d81e92cbccab', '2024-05-01 03:21:46', 'gogoogog'),
(190, 'ba3a681b-b2d2-4f07-98c2-d81e92cbccab', '2024-05-01 03:21:46', 'gogoogog'),
(191, 'ba3a681b-b2d2-4f07-98c2-d81e92cbccab', '2024-05-01 03:21:46', 'gogoogog'),
(192, 'ba3a681b-b2d2-4f07-98c2-d81e92cbccab', '2024-05-01 03:21:46', 'gogoogog'),
(193, '154e9193-da79-45ab-9dc8-289fcade83fc', '2024-05-01 03:21:47', 'gogoogog'),
(194, '154e9193-da79-45ab-9dc8-289fcade83fc', '2024-05-01 03:21:47', 'gogoogog'),
(195, '154e9193-da79-45ab-9dc8-289fcade83fc', '2024-05-01 03:21:47', 'gogoogog'),
(196, '154e9193-da79-45ab-9dc8-289fcade83fc', '2024-05-01 03:21:47', 'gogoogog'),
(197, '1511cbe4-a362-4eca-8d6c-09ccfc4511c8', '2024-05-01 03:21:58', 'gogoogog'),
(198, '0fe4e2f5-eca2-4e94-982d-df94201c1916', '2024-05-01 03:22:42', 'gogoogog'),
(199, '89cc3f47-db25-4428-9806-728d0ba462bc', '2024-05-01 03:27:50', 'gogoogog'),
(200, '89cc3f47-db25-4428-9806-728d0ba462bc', '2024-05-01 03:27:50', 'gogoogog'),
(201, '80a8684c-3b64-441e-a663-52d99968996f', '2024-05-01 03:28:00', 'gogoogog'),
(202, '80a8684c-3b64-441e-a663-52d99968996f', '2024-05-01 03:28:00', 'gogoogog'),
(203, '80a8684c-3b64-441e-a663-52d99968996f', '2024-05-01 03:28:00', 'gogoogog'),
(204, 'f08e4986-73f6-4a47-8475-2aef7ab9ef0b', '2024-05-01 03:28:03', 'gogoogog'),
(205, 'f08e4986-73f6-4a47-8475-2aef7ab9ef0b', '2024-05-01 03:28:03', 'gogoogog'),
(206, 'f08e4986-73f6-4a47-8475-2aef7ab9ef0b', '2024-05-01 03:28:03', 'gogoogog'),
(207, 'f08e4986-73f6-4a47-8475-2aef7ab9ef0b', '2024-05-01 03:28:03', 'gogoogog'),
(208, 'cd59a29c-e60c-48c3-a96c-a9248fe515f2', '2024-05-01 03:28:17', 'gogoogog'),
(209, 'cd59a29c-e60c-48c3-a96c-a9248fe515f2', '2024-05-01 03:28:17', 'gogoogog'),
(210, 'cd59a29c-e60c-48c3-a96c-a9248fe515f2', '2024-05-01 03:28:17', 'gogoogog'),
(211, 'cd59a29c-e60c-48c3-a96c-a9248fe515f2', '2024-05-01 03:28:17', 'gogoogog'),
(212, 'cd59a29c-e60c-48c3-a96c-a9248fe515f2', '2024-05-01 03:28:17', 'gogoogog'),
(213, '605e523c-0fc9-47a0-9549-02d9c224f8dd', '2024-05-01 03:30:38', 'gogoogog'),
(214, '605e523c-0fc9-47a0-9549-02d9c224f8dd', '2024-05-01 03:30:38', 'gogoogog'),
(215, '605e523c-0fc9-47a0-9549-02d9c224f8dd', '2024-05-01 03:30:38', 'gogoogog'),
(216, '605e523c-0fc9-47a0-9549-02d9c224f8dd', '2024-05-01 03:30:38', 'gogoogog'),
(217, '605e523c-0fc9-47a0-9549-02d9c224f8dd', '2024-05-01 03:30:38', 'gogoogog'),
(218, '605e523c-0fc9-47a0-9549-02d9c224f8dd', '2024-05-01 03:30:38', 'gogoogog'),
(219, '53461c49-6b6b-4ff6-ad44-ec5135506549', '2024-05-01 03:30:40', 'gogoogog'),
(220, '53461c49-6b6b-4ff6-ad44-ec5135506549', '2024-05-01 03:30:40', 'gogoogog'),
(221, '53461c49-6b6b-4ff6-ad44-ec5135506549', '2024-05-01 03:30:40', 'gogoogog'),
(222, '53461c49-6b6b-4ff6-ad44-ec5135506549', '2024-05-01 03:30:40', 'gogoogog'),
(223, '53461c49-6b6b-4ff6-ad44-ec5135506549', '2024-05-01 03:30:40', 'gogoogog'),
(224, '53461c49-6b6b-4ff6-ad44-ec5135506549', '2024-05-01 03:30:40', 'gogoogog'),
(225, '53461c49-6b6b-4ff6-ad44-ec5135506549', '2024-05-01 03:30:40', 'gogoogog'),
(226, '53461c49-6b6b-4ff6-ad44-ec5135506549', '2024-05-01 03:30:40', 'gogoogog'),
(227, 'bd9db280-5898-4155-af42-c656c3ab1f13', '2024-05-01 03:30:42', 'gogoogog'),
(228, 'bd9db280-5898-4155-af42-c656c3ab1f13', '2024-05-01 03:30:42', 'gogoogog'),
(229, 'bd9db280-5898-4155-af42-c656c3ab1f13', '2024-05-01 03:30:42', 'gogoogog'),
(230, 'bd9db280-5898-4155-af42-c656c3ab1f13', '2024-05-01 03:30:42', 'gogoogog'),
(231, 'bd9db280-5898-4155-af42-c656c3ab1f13', '2024-05-01 03:30:42', 'gogoogog'),
(232, 'bd9db280-5898-4155-af42-c656c3ab1f13', '2024-05-01 03:30:42', 'gogoogog'),
(233, 'bd9db280-5898-4155-af42-c656c3ab1f13', '2024-05-01 03:30:42', 'gogoogog'),
(234, 'bd9db280-5898-4155-af42-c656c3ab1f13', '2024-05-01 03:30:42', 'gogoogog'),
(235, 'bd9db280-5898-4155-af42-c656c3ab1f13', '2024-05-01 03:30:42', 'gogoogog'),
(236, '18298d83-373b-42a6-9b31-d91635914f34', '2024-05-01 03:30:42', 'gogoogog'),
(237, '18298d83-373b-42a6-9b31-d91635914f34', '2024-05-01 03:30:42', 'gogoogog'),
(238, '18298d83-373b-42a6-9b31-d91635914f34', '2024-05-01 03:30:42', 'gogoogog'),
(239, '18298d83-373b-42a6-9b31-d91635914f34', '2024-05-01 03:30:42', 'gogoogog'),
(240, '18298d83-373b-42a6-9b31-d91635914f34', '2024-05-01 03:30:42', 'gogoogog'),
(241, '18298d83-373b-42a6-9b31-d91635914f34', '2024-05-01 03:30:42', 'gogoogog'),
(242, '18298d83-373b-42a6-9b31-d91635914f34', '2024-05-01 03:30:43', 'gogoogog'),
(243, '18298d83-373b-42a6-9b31-d91635914f34', '2024-05-01 03:30:43', 'gogoogog'),
(244, '18298d83-373b-42a6-9b31-d91635914f34', '2024-05-01 03:30:43', 'gogoogog'),
(245, '1647bf6b-1d5d-450b-8b5f-13adb764ff9b', '2024-05-01 03:30:47', 'gogoogog'),
(246, '1647bf6b-1d5d-450b-8b5f-13adb764ff9b', '2024-05-01 03:30:47', 'gogoogog'),
(247, '1647bf6b-1d5d-450b-8b5f-13adb764ff9b', '2024-05-01 03:30:47', 'gogoogog'),
(248, '1647bf6b-1d5d-450b-8b5f-13adb764ff9b', '2024-05-01 03:30:47', 'gogoogog'),
(249, '1647bf6b-1d5d-450b-8b5f-13adb764ff9b', '2024-05-01 03:30:47', 'gogoogog'),
(250, '1647bf6b-1d5d-450b-8b5f-13adb764ff9b', '2024-05-01 03:30:47', 'gogoogog'),
(251, '1647bf6b-1d5d-450b-8b5f-13adb764ff9b', '2024-05-01 03:30:47', 'gogoogog'),
(252, '1647bf6b-1d5d-450b-8b5f-13adb764ff9b', '2024-05-01 03:30:47', 'gogoogog'),
(253, '1647bf6b-1d5d-450b-8b5f-13adb764ff9b', '2024-05-01 03:30:47', 'gogoogog'),
(254, '1647bf6b-1d5d-450b-8b5f-13adb764ff9b', '2024-05-01 03:30:47', 'gogoogog'),
(255, '1034298b-58d5-4694-92cf-e38e9e3bb612', '2024-05-01 03:30:51', 'gogoogog'),
(256, '1034298b-58d5-4694-92cf-e38e9e3bb612', '2024-05-01 03:30:51', 'gogoogog'),
(257, '1034298b-58d5-4694-92cf-e38e9e3bb612', '2024-05-01 03:30:51', 'gogoogog'),
(258, '1034298b-58d5-4694-92cf-e38e9e3bb612', '2024-05-01 03:30:51', 'gogoogog'),
(259, '1034298b-58d5-4694-92cf-e38e9e3bb612', '2024-05-01 03:30:51', 'gogoogog'),
(260, '1034298b-58d5-4694-92cf-e38e9e3bb612', '2024-05-01 03:30:51', 'gogoogog'),
(261, '1034298b-58d5-4694-92cf-e38e9e3bb612', '2024-05-01 03:30:51', 'gogoogog'),
(262, '1034298b-58d5-4694-92cf-e38e9e3bb612', '2024-05-01 03:30:51', 'gogoogog'),
(263, '1034298b-58d5-4694-92cf-e38e9e3bb612', '2024-05-01 03:30:51', 'gogoogog'),
(264, '1034298b-58d5-4694-92cf-e38e9e3bb612', '2024-05-01 03:30:51', 'gogoogog'),
(265, '1034298b-58d5-4694-92cf-e38e9e3bb612', '2024-05-01 03:30:51', 'gogoogog'),
(266, 'e3f7202a-16fd-4168-b5be-231c9932e11e', '2024-05-01 03:30:54', 'gogoogog'),
(267, 'e3f7202a-16fd-4168-b5be-231c9932e11e', '2024-05-01 03:30:54', 'gogoogog'),
(268, 'e3f7202a-16fd-4168-b5be-231c9932e11e', '2024-05-01 03:30:54', 'gogoogog'),
(269, 'e3f7202a-16fd-4168-b5be-231c9932e11e', '2024-05-01 03:30:54', 'gogoogog'),
(270, 'e3f7202a-16fd-4168-b5be-231c9932e11e', '2024-05-01 03:30:54', 'gogoogog'),
(271, 'e3f7202a-16fd-4168-b5be-231c9932e11e', '2024-05-01 03:30:54', 'gogoogog'),
(272, 'e3f7202a-16fd-4168-b5be-231c9932e11e', '2024-05-01 03:30:54', 'gogoogog'),
(273, 'e3f7202a-16fd-4168-b5be-231c9932e11e', '2024-05-01 03:30:54', 'gogoogog'),
(274, 'e3f7202a-16fd-4168-b5be-231c9932e11e', '2024-05-01 03:30:54', 'gogoogog'),
(275, 'e3f7202a-16fd-4168-b5be-231c9932e11e', '2024-05-01 03:30:54', 'gogoogog'),
(276, 'e3f7202a-16fd-4168-b5be-231c9932e11e', '2024-05-01 03:30:54', 'gogoogog'),
(277, 'e3f7202a-16fd-4168-b5be-231c9932e11e', '2024-05-01 03:30:54', 'gogoogog'),
(278, 'c7573a24-b7b4-48bf-ba99-1a7ddd9aaf12', '2024-05-01 03:30:56', 'gogoogog'),
(279, 'c7573a24-b7b4-48bf-ba99-1a7ddd9aaf12', '2024-05-01 03:30:56', 'gogoogog'),
(280, 'c7573a24-b7b4-48bf-ba99-1a7ddd9aaf12', '2024-05-01 03:30:56', 'gogoogog'),
(281, 'c7573a24-b7b4-48bf-ba99-1a7ddd9aaf12', '2024-05-01 03:30:56', 'gogoogog'),
(282, 'c7573a24-b7b4-48bf-ba99-1a7ddd9aaf12', '2024-05-01 03:30:56', 'gogoogog'),
(283, 'c7573a24-b7b4-48bf-ba99-1a7ddd9aaf12', '2024-05-01 03:30:56', 'gogoogog'),
(284, 'c7573a24-b7b4-48bf-ba99-1a7ddd9aaf12', '2024-05-01 03:30:56', 'gogoogog'),
(285, 'c7573a24-b7b4-48bf-ba99-1a7ddd9aaf12', '2024-05-01 03:30:56', 'gogoogog'),
(286, 'c7573a24-b7b4-48bf-ba99-1a7ddd9aaf12', '2024-05-01 03:30:56', 'gogoogog'),
(287, 'c7573a24-b7b4-48bf-ba99-1a7ddd9aaf12', '2024-05-01 03:30:56', 'gogoogog'),
(288, 'c7573a24-b7b4-48bf-ba99-1a7ddd9aaf12', '2024-05-01 03:30:56', 'gogoogog'),
(289, 'c7573a24-b7b4-48bf-ba99-1a7ddd9aaf12', '2024-05-01 03:30:56', 'gogoogog'),
(290, 'c7573a24-b7b4-48bf-ba99-1a7ddd9aaf12', '2024-05-01 03:30:56', 'gogoogog'),
(291, 'b46c3bff-b258-4ed8-81a1-294d67c9ff8c', '2024-05-01 03:31:03', 'gogoogog'),
(292, 'b46c3bff-b258-4ed8-81a1-294d67c9ff8c', '2024-05-01 03:31:03', 'gogoogog'),
(293, 'b46c3bff-b258-4ed8-81a1-294d67c9ff8c', '2024-05-01 03:31:03', 'gogoogog'),
(294, 'b46c3bff-b258-4ed8-81a1-294d67c9ff8c', '2024-05-01 03:31:03', 'gogoogog'),
(295, 'b46c3bff-b258-4ed8-81a1-294d67c9ff8c', '2024-05-01 03:31:03', 'gogoogog'),
(296, 'b46c3bff-b258-4ed8-81a1-294d67c9ff8c', '2024-05-01 03:31:03', 'gogoogog'),
(297, 'b46c3bff-b258-4ed8-81a1-294d67c9ff8c', '2024-05-01 03:31:03', 'gogoogog'),
(298, 'b46c3bff-b258-4ed8-81a1-294d67c9ff8c', '2024-05-01 03:31:03', 'gogoogog'),
(299, 'b46c3bff-b258-4ed8-81a1-294d67c9ff8c', '2024-05-01 03:31:03', 'gogoogog'),
(300, 'b46c3bff-b258-4ed8-81a1-294d67c9ff8c', '2024-05-01 03:31:03', 'gogoogog'),
(301, 'b46c3bff-b258-4ed8-81a1-294d67c9ff8c', '2024-05-01 03:31:03', 'gogoogog'),
(302, 'b46c3bff-b258-4ed8-81a1-294d67c9ff8c', '2024-05-01 03:31:03', 'gogoogog'),
(303, 'b46c3bff-b258-4ed8-81a1-294d67c9ff8c', '2024-05-01 03:31:03', 'gogoogog'),
(304, 'b46c3bff-b258-4ed8-81a1-294d67c9ff8c', '2024-05-01 03:31:03', 'gogoogog'),
(305, '4f486330-f6b7-480b-8846-148e9363864c', '2024-05-01 03:31:06', 'gogoogog'),
(306, '4f486330-f6b7-480b-8846-148e9363864c', '2024-05-01 03:31:06', 'gogoogog'),
(307, '4f486330-f6b7-480b-8846-148e9363864c', '2024-05-01 03:31:06', 'gogoogog'),
(308, '4f486330-f6b7-480b-8846-148e9363864c', '2024-05-01 03:31:06', 'gogoogog'),
(309, '4f486330-f6b7-480b-8846-148e9363864c', '2024-05-01 03:31:06', 'gogoogog'),
(310, '4f486330-f6b7-480b-8846-148e9363864c', '2024-05-01 03:31:06', 'gogoogog'),
(311, '4f486330-f6b7-480b-8846-148e9363864c', '2024-05-01 03:31:06', 'gogoogog'),
(312, '4f486330-f6b7-480b-8846-148e9363864c', '2024-05-01 03:31:06', 'gogoogog'),
(313, '4f486330-f6b7-480b-8846-148e9363864c', '2024-05-01 03:31:06', 'gogoogog'),
(314, '4f486330-f6b7-480b-8846-148e9363864c', '2024-05-01 03:31:06', 'gogoogog'),
(315, '4f486330-f6b7-480b-8846-148e9363864c', '2024-05-01 03:31:06', 'gogoogog'),
(316, '4f486330-f6b7-480b-8846-148e9363864c', '2024-05-01 03:31:06', 'gogoogog'),
(317, '4f486330-f6b7-480b-8846-148e9363864c', '2024-05-01 03:31:06', 'gogoogog'),
(318, '4f486330-f6b7-480b-8846-148e9363864c', '2024-05-01 03:31:06', 'gogoogog'),
(319, '4f486330-f6b7-480b-8846-148e9363864c', '2024-05-01 03:31:06', 'gogoogog'),
(320, 'b983680c-107b-4de8-8f6c-e965f16f3f5f', '2024-05-01 03:31:18', 'gogoogog'),
(321, 'b983680c-107b-4de8-8f6c-e965f16f3f5f', '2024-05-01 03:31:18', 'gogoogog'),
(322, 'b983680c-107b-4de8-8f6c-e965f16f3f5f', '2024-05-01 03:31:18', 'gogoogog'),
(323, 'b983680c-107b-4de8-8f6c-e965f16f3f5f', '2024-05-01 03:31:18', 'gogoogog'),
(324, 'b983680c-107b-4de8-8f6c-e965f16f3f5f', '2024-05-01 03:31:18', 'gogoogog'),
(325, 'b983680c-107b-4de8-8f6c-e965f16f3f5f', '2024-05-01 03:31:18', 'gogoogog'),
(326, 'b983680c-107b-4de8-8f6c-e965f16f3f5f', '2024-05-01 03:31:18', 'gogoogog'),
(327, 'b983680c-107b-4de8-8f6c-e965f16f3f5f', '2024-05-01 03:31:18', 'gogoogog'),
(328, 'b983680c-107b-4de8-8f6c-e965f16f3f5f', '2024-05-01 03:31:18', 'gogoogog'),
(329, 'b983680c-107b-4de8-8f6c-e965f16f3f5f', '2024-05-01 03:31:18', 'gogoogog'),
(330, 'b983680c-107b-4de8-8f6c-e965f16f3f5f', '2024-05-01 03:31:18', 'gogoogog'),
(331, 'b983680c-107b-4de8-8f6c-e965f16f3f5f', '2024-05-01 03:31:18', 'gogoogog'),
(332, 'b983680c-107b-4de8-8f6c-e965f16f3f5f', '2024-05-01 03:31:18', 'gogoogog'),
(333, 'b983680c-107b-4de8-8f6c-e965f16f3f5f', '2024-05-01 03:31:18', 'gogoogog'),
(334, 'b983680c-107b-4de8-8f6c-e965f16f3f5f', '2024-05-01 03:31:18', 'gogoogog'),
(335, 'b983680c-107b-4de8-8f6c-e965f16f3f5f', '2024-05-01 03:31:18', 'gogoogog'),
(336, 'b983680c-107b-4de8-8f6c-e965f16f3f5f', '2024-05-01 03:31:18', 'gogoogog'),
(337, '637375df-f20c-4449-8479-8dd5ba719928', '2024-05-01 03:31:19', 'gogoogog'),
(338, '637375df-f20c-4449-8479-8dd5ba719928', '2024-05-01 03:31:19', 'gogoogog'),
(339, '637375df-f20c-4449-8479-8dd5ba719928', '2024-05-01 03:31:19', 'gogoogog'),
(340, '637375df-f20c-4449-8479-8dd5ba719928', '2024-05-01 03:31:19', 'gogoogog'),
(341, '637375df-f20c-4449-8479-8dd5ba719928', '2024-05-01 03:31:19', 'gogoogog'),
(342, '637375df-f20c-4449-8479-8dd5ba719928', '2024-05-01 03:31:19', 'gogoogog'),
(343, '637375df-f20c-4449-8479-8dd5ba719928', '2024-05-01 03:31:19', 'gogoogog'),
(344, '637375df-f20c-4449-8479-8dd5ba719928', '2024-05-01 03:31:20', 'gogoogog'),
(345, '637375df-f20c-4449-8479-8dd5ba719928', '2024-05-01 03:31:20', 'gogoogog'),
(346, '637375df-f20c-4449-8479-8dd5ba719928', '2024-05-01 03:31:20', 'gogoogog'),
(347, '637375df-f20c-4449-8479-8dd5ba719928', '2024-05-01 03:31:20', 'gogoogog'),
(348, '637375df-f20c-4449-8479-8dd5ba719928', '2024-05-01 03:31:20', 'gogoogog'),
(349, '637375df-f20c-4449-8479-8dd5ba719928', '2024-05-01 03:31:20', 'gogoogog'),
(350, '637375df-f20c-4449-8479-8dd5ba719928', '2024-05-01 03:31:20', 'gogoogog'),
(351, '637375df-f20c-4449-8479-8dd5ba719928', '2024-05-01 03:31:20', 'gogoogog'),
(352, '637375df-f20c-4449-8479-8dd5ba719928', '2024-05-01 03:31:20', 'gogoogog'),
(353, '637375df-f20c-4449-8479-8dd5ba719928', '2024-05-01 03:31:20', 'gogoogog'),
(354, 'cf17372d-cbe4-48a0-8c22-165e37d1f51b', '2024-05-01 03:31:24', 'gogoogog'),
(355, 'cf17372d-cbe4-48a0-8c22-165e37d1f51b', '2024-05-01 03:31:24', 'gogoogog'),
(356, 'cf17372d-cbe4-48a0-8c22-165e37d1f51b', '2024-05-01 03:31:24', 'gogoogog'),
(357, 'cf17372d-cbe4-48a0-8c22-165e37d1f51b', '2024-05-01 03:31:24', 'gogoogog'),
(358, 'cf17372d-cbe4-48a0-8c22-165e37d1f51b', '2024-05-01 03:31:24', 'gogoogog'),
(359, 'cf17372d-cbe4-48a0-8c22-165e37d1f51b', '2024-05-01 03:31:24', 'gogoogog'),
(360, 'cf17372d-cbe4-48a0-8c22-165e37d1f51b', '2024-05-01 03:31:25', 'gogoogog'),
(361, 'cf17372d-cbe4-48a0-8c22-165e37d1f51b', '2024-05-01 03:31:25', 'gogoogog'),
(362, 'cf17372d-cbe4-48a0-8c22-165e37d1f51b', '2024-05-01 03:31:25', 'gogoogog'),
(363, 'cf17372d-cbe4-48a0-8c22-165e37d1f51b', '2024-05-01 03:31:25', 'gogoogog'),
(364, 'cf17372d-cbe4-48a0-8c22-165e37d1f51b', '2024-05-01 03:31:25', 'gogoogog'),
(365, 'cf17372d-cbe4-48a0-8c22-165e37d1f51b', '2024-05-01 03:31:25', 'gogoogog'),
(366, 'cf17372d-cbe4-48a0-8c22-165e37d1f51b', '2024-05-01 03:31:25', 'gogoogog'),
(367, 'cf17372d-cbe4-48a0-8c22-165e37d1f51b', '2024-05-01 03:31:25', 'gogoogog'),
(368, 'cf17372d-cbe4-48a0-8c22-165e37d1f51b', '2024-05-01 03:31:25', 'gogoogog'),
(369, 'cf17372d-cbe4-48a0-8c22-165e37d1f51b', '2024-05-01 03:31:25', 'gogoogog'),
(370, 'cf17372d-cbe4-48a0-8c22-165e37d1f51b', '2024-05-01 03:31:25', 'gogoogog'),
(371, 'cf17372d-cbe4-48a0-8c22-165e37d1f51b', '2024-05-01 03:31:25', 'gogoogog'),
(372, 'ce179fd7-e9c0-4062-9574-726089ebb1d3', '2024-05-01 03:31:38', 'gogoogog'),
(373, 'ce179fd7-e9c0-4062-9574-726089ebb1d3', '2024-05-01 03:31:38', 'gogoogog'),
(374, 'ce179fd7-e9c0-4062-9574-726089ebb1d3', '2024-05-01 03:31:38', 'gogoogog'),
(375, 'ce179fd7-e9c0-4062-9574-726089ebb1d3', '2024-05-01 03:31:38', 'gogoogog'),
(376, 'ce179fd7-e9c0-4062-9574-726089ebb1d3', '2024-05-01 03:31:38', 'gogoogog'),
(377, 'ce179fd7-e9c0-4062-9574-726089ebb1d3', '2024-05-01 03:31:38', 'gogoogog'),
(378, 'ce179fd7-e9c0-4062-9574-726089ebb1d3', '2024-05-01 03:31:38', 'gogoogog'),
(379, 'ce179fd7-e9c0-4062-9574-726089ebb1d3', '2024-05-01 03:31:38', 'gogoogog'),
(380, 'ce179fd7-e9c0-4062-9574-726089ebb1d3', '2024-05-01 03:31:38', 'gogoogog'),
(381, 'ce179fd7-e9c0-4062-9574-726089ebb1d3', '2024-05-01 03:31:38', 'gogoogog'),
(382, 'ce179fd7-e9c0-4062-9574-726089ebb1d3', '2024-05-01 03:31:38', 'gogoogog'),
(383, 'ce179fd7-e9c0-4062-9574-726089ebb1d3', '2024-05-01 03:31:38', 'gogoogog'),
(384, 'ce179fd7-e9c0-4062-9574-726089ebb1d3', '2024-05-01 03:31:38', 'gogoogog'),
(385, 'ce179fd7-e9c0-4062-9574-726089ebb1d3', '2024-05-01 03:31:38', 'gogoogog'),
(386, 'ce179fd7-e9c0-4062-9574-726089ebb1d3', '2024-05-01 03:31:38', 'gogoogog'),
(387, 'ce179fd7-e9c0-4062-9574-726089ebb1d3', '2024-05-01 03:31:38', 'gogoogog'),
(388, 'ce179fd7-e9c0-4062-9574-726089ebb1d3', '2024-05-01 03:31:38', 'gogoogog'),
(389, 'ce179fd7-e9c0-4062-9574-726089ebb1d3', '2024-05-01 03:31:38', 'gogoogog'),
(390, 'ce179fd7-e9c0-4062-9574-726089ebb1d3', '2024-05-01 03:31:38', 'gogoogog'),
(391, 'f09abce3-84f0-44b7-8cb1-e2bfa8ae70df', '2024-05-01 03:31:42', 'gogoogog'),
(392, 'f09abce3-84f0-44b7-8cb1-e2bfa8ae70df', '2024-05-01 03:31:42', 'gogoogog'),
(393, 'f09abce3-84f0-44b7-8cb1-e2bfa8ae70df', '2024-05-01 03:31:42', 'gogoogog'),
(394, 'f09abce3-84f0-44b7-8cb1-e2bfa8ae70df', '2024-05-01 03:31:42', 'gogoogog'),
(395, 'f09abce3-84f0-44b7-8cb1-e2bfa8ae70df', '2024-05-01 03:31:42', 'gogoogog'),
(396, 'f09abce3-84f0-44b7-8cb1-e2bfa8ae70df', '2024-05-01 03:31:42', 'gogoogog'),
(397, 'f09abce3-84f0-44b7-8cb1-e2bfa8ae70df', '2024-05-01 03:31:42', 'gogoogog'),
(398, 'f09abce3-84f0-44b7-8cb1-e2bfa8ae70df', '2024-05-01 03:31:42', 'gogoogog'),
(399, 'f09abce3-84f0-44b7-8cb1-e2bfa8ae70df', '2024-05-01 03:31:42', 'gogoogog'),
(400, 'f09abce3-84f0-44b7-8cb1-e2bfa8ae70df', '2024-05-01 03:31:42', 'gogoogog'),
(401, 'f09abce3-84f0-44b7-8cb1-e2bfa8ae70df', '2024-05-01 03:31:42', 'gogoogog'),
(402, 'f09abce3-84f0-44b7-8cb1-e2bfa8ae70df', '2024-05-01 03:31:42', 'gogoogog'),
(403, 'f09abce3-84f0-44b7-8cb1-e2bfa8ae70df', '2024-05-01 03:31:42', 'gogoogog'),
(404, 'f09abce3-84f0-44b7-8cb1-e2bfa8ae70df', '2024-05-01 03:31:42', 'gogoogog'),
(405, 'f09abce3-84f0-44b7-8cb1-e2bfa8ae70df', '2024-05-01 03:31:42', 'gogoogog'),
(406, 'f09abce3-84f0-44b7-8cb1-e2bfa8ae70df', '2024-05-01 03:31:42', 'gogoogog'),
(407, 'f09abce3-84f0-44b7-8cb1-e2bfa8ae70df', '2024-05-01 03:31:42', 'gogoogog'),
(408, 'f09abce3-84f0-44b7-8cb1-e2bfa8ae70df', '2024-05-01 03:31:42', 'gogoogog'),
(409, 'f09abce3-84f0-44b7-8cb1-e2bfa8ae70df', '2024-05-01 03:31:42', 'gogoogog'),
(410, 'f09abce3-84f0-44b7-8cb1-e2bfa8ae70df', '2024-05-01 03:31:42', 'gogoogog'),
(411, '190db3e1-2e34-4285-a78f-596b53382d6e', '2024-05-01 03:31:45', 'gogoogog'),
(412, '190db3e1-2e34-4285-a78f-596b53382d6e', '2024-05-01 03:31:45', 'gogoogog'),
(413, '190db3e1-2e34-4285-a78f-596b53382d6e', '2024-05-01 03:31:45', 'gogoogog'),
(414, '190db3e1-2e34-4285-a78f-596b53382d6e', '2024-05-01 03:31:45', 'gogoogog'),
(415, '190db3e1-2e34-4285-a78f-596b53382d6e', '2024-05-01 03:31:45', 'gogoogog'),
(416, '190db3e1-2e34-4285-a78f-596b53382d6e', '2024-05-01 03:31:45', 'gogoogog'),
(417, '190db3e1-2e34-4285-a78f-596b53382d6e', '2024-05-01 03:31:45', 'gogoogog'),
(418, '190db3e1-2e34-4285-a78f-596b53382d6e', '2024-05-01 03:31:45', 'gogoogog'),
(419, '190db3e1-2e34-4285-a78f-596b53382d6e', '2024-05-01 03:31:45', 'gogoogog'),
(420, '190db3e1-2e34-4285-a78f-596b53382d6e', '2024-05-01 03:31:45', 'gogoogog'),
(421, '190db3e1-2e34-4285-a78f-596b53382d6e', '2024-05-01 03:31:45', 'gogoogog'),
(422, '190db3e1-2e34-4285-a78f-596b53382d6e', '2024-05-01 03:31:45', 'gogoogog'),
(423, '190db3e1-2e34-4285-a78f-596b53382d6e', '2024-05-01 03:31:45', 'gogoogog'),
(424, '190db3e1-2e34-4285-a78f-596b53382d6e', '2024-05-01 03:31:45', 'gogoogog'),
(425, '190db3e1-2e34-4285-a78f-596b53382d6e', '2024-05-01 03:31:45', 'gogoogog'),
(426, '190db3e1-2e34-4285-a78f-596b53382d6e', '2024-05-01 03:31:45', 'gogoogog'),
(427, '190db3e1-2e34-4285-a78f-596b53382d6e', '2024-05-01 03:31:45', 'gogoogog'),
(428, '190db3e1-2e34-4285-a78f-596b53382d6e', '2024-05-01 03:31:45', 'gogoogog'),
(429, '190db3e1-2e34-4285-a78f-596b53382d6e', '2024-05-01 03:31:45', 'gogoogog'),
(430, '190db3e1-2e34-4285-a78f-596b53382d6e', '2024-05-01 03:31:45', 'gogoogog'),
(431, '190db3e1-2e34-4285-a78f-596b53382d6e', '2024-05-01 03:31:45', 'gogoogog'),
(432, 'c5835089-c672-4e1b-9e92-d2646f60cb01', '2024-05-01 03:31:50', 'gogoogog'),
(433, 'c5835089-c672-4e1b-9e92-d2646f60cb01', '2024-05-01 03:31:50', 'gogoogog'),
(434, 'c5835089-c672-4e1b-9e92-d2646f60cb01', '2024-05-01 03:31:50', 'gogoogog'),
(435, 'c5835089-c672-4e1b-9e92-d2646f60cb01', '2024-05-01 03:31:50', 'gogoogog'),
(436, 'c5835089-c672-4e1b-9e92-d2646f60cb01', '2024-05-01 03:31:50', 'gogoogog'),
(437, 'c5835089-c672-4e1b-9e92-d2646f60cb01', '2024-05-01 03:31:50', 'gogoogog'),
(438, 'c5835089-c672-4e1b-9e92-d2646f60cb01', '2024-05-01 03:31:50', 'gogoogog'),
(439, 'c5835089-c672-4e1b-9e92-d2646f60cb01', '2024-05-01 03:31:50', 'gogoogog'),
(440, 'c5835089-c672-4e1b-9e92-d2646f60cb01', '2024-05-01 03:31:50', 'gogoogog'),
(441, 'c5835089-c672-4e1b-9e92-d2646f60cb01', '2024-05-01 03:31:50', 'gogoogog'),
(442, 'c5835089-c672-4e1b-9e92-d2646f60cb01', '2024-05-01 03:31:50', 'gogoogog'),
(443, 'c5835089-c672-4e1b-9e92-d2646f60cb01', '2024-05-01 03:31:50', 'gogoogog'),
(444, 'c5835089-c672-4e1b-9e92-d2646f60cb01', '2024-05-01 03:31:50', 'gogoogog'),
(445, 'c5835089-c672-4e1b-9e92-d2646f60cb01', '2024-05-01 03:31:50', 'gogoogog'),
(446, 'c5835089-c672-4e1b-9e92-d2646f60cb01', '2024-05-01 03:31:50', 'gogoogog'),
(447, 'c5835089-c672-4e1b-9e92-d2646f60cb01', '2024-05-01 03:31:50', 'gogoogog'),
(448, 'c5835089-c672-4e1b-9e92-d2646f60cb01', '2024-05-01 03:31:50', 'gogoogog'),
(449, 'c5835089-c672-4e1b-9e92-d2646f60cb01', '2024-05-01 03:31:50', 'gogoogog'),
(450, 'c5835089-c672-4e1b-9e92-d2646f60cb01', '2024-05-01 03:31:50', 'gogoogog'),
(451, 'c5835089-c672-4e1b-9e92-d2646f60cb01', '2024-05-01 03:31:50', 'gogoogog'),
(452, 'c5835089-c672-4e1b-9e92-d2646f60cb01', '2024-05-01 03:31:50', 'gogoogog'),
(453, 'c5835089-c672-4e1b-9e92-d2646f60cb01', '2024-05-01 03:31:50', 'gogoogog'),
(454, '5ae7a201-a6fd-45f5-9969-5f3c89080d2f', '2024-05-01 03:31:59', 'gogoogog'),
(455, 'd66809be-5852-4421-b9d7-c191a363bbfa', '2024-05-01 03:33:48', 'gogoogog'),
(456, 'd66809be-5852-4421-b9d7-c191a363bbfa', '2024-05-01 03:33:48', 'gogoogog'),
(457, '0f29264b-48fa-4c57-8475-b1de9eea70d9', '2024-05-01 03:33:50', 'gogoogog'),
(458, '0f29264b-48fa-4c57-8475-b1de9eea70d9', '2024-05-01 03:33:50', 'gogoogog'),
(459, '0f29264b-48fa-4c57-8475-b1de9eea70d9', '2024-05-01 03:33:50', 'gogoogog'),
(460, '1694867f-7188-4c0e-a47a-5c39d29be509', '2024-05-01 03:34:01', 'gogoogog'),
(461, '1694867f-7188-4c0e-a47a-5c39d29be509', '2024-05-01 03:34:01', 'gogoogog'),
(462, '1694867f-7188-4c0e-a47a-5c39d29be509', '2024-05-01 03:34:01', 'gogoogog'),
(463, '1694867f-7188-4c0e-a47a-5c39d29be509', '2024-05-01 03:34:01', 'gogoogog'),
(464, '1694867f-7188-4c0e-a47a-5c39d29be509', '2024-05-01 03:34:01', 'gogoogog'),
(465, '878ad75c-155a-4893-b579-04e69b341300', '2024-05-01 03:34:03', 'gogoogog'),
(466, '878ad75c-155a-4893-b579-04e69b341300', '2024-05-01 03:34:03', 'gogoogog'),
(467, '878ad75c-155a-4893-b579-04e69b341300', '2024-05-01 03:34:03', 'gogoogog'),
(468, '878ad75c-155a-4893-b579-04e69b341300', '2024-05-01 03:34:03', 'gogoogog'),
(469, '878ad75c-155a-4893-b579-04e69b341300', '2024-05-01 03:34:03', 'gogoogog'),
(470, 'c3b5d4d0-2236-4309-9c53-7cbb86879215', '2024-05-01 03:34:10', 'gogoogog'),
(471, 'c3b5d4d0-2236-4309-9c53-7cbb86879215', '2024-05-01 03:34:10', 'gogoogog'),
(472, 'c3b5d4d0-2236-4309-9c53-7cbb86879215', '2024-05-01 03:34:10', 'gogoogog'),
(473, 'c3b5d4d0-2236-4309-9c53-7cbb86879215', '2024-05-01 03:34:10', 'gogoogog'),
(474, 'c3b5d4d0-2236-4309-9c53-7cbb86879215', '2024-05-01 03:34:10', 'gogoogog'),
(475, 'c3b5d4d0-2236-4309-9c53-7cbb86879215', '2024-05-01 03:34:10', 'gogoogog'),
(476, 'ec92763d-b01b-4b9f-9c16-7c229df7fae4', '2024-05-01 03:34:12', 'gogoogog'),
(477, 'ec92763d-b01b-4b9f-9c16-7c229df7fae4', '2024-05-01 03:34:12', 'gogoogog'),
(478, 'ec92763d-b01b-4b9f-9c16-7c229df7fae4', '2024-05-01 03:34:12', 'gogoogog'),
(479, 'ec92763d-b01b-4b9f-9c16-7c229df7fae4', '2024-05-01 03:34:12', 'gogoogog'),
(480, 'ec92763d-b01b-4b9f-9c16-7c229df7fae4', '2024-05-01 03:34:12', 'gogoogog'),
(481, 'ec92763d-b01b-4b9f-9c16-7c229df7fae4', '2024-05-01 03:34:12', 'gogoogog'),
(482, 'ec92763d-b01b-4b9f-9c16-7c229df7fae4', '2024-05-01 03:34:12', 'gogoogog'),
(483, '8ccd03d3-bd61-4721-93c0-7b1058265f49', '2024-05-01 03:34:25', 'gogoogog'),
(484, '8ccd03d3-bd61-4721-93c0-7b1058265f49', '2024-05-01 03:34:25', 'gogoogog'),
(485, '8ccd03d3-bd61-4721-93c0-7b1058265f49', '2024-05-01 03:34:25', 'gogoogog'),
(486, '8ccd03d3-bd61-4721-93c0-7b1058265f49', '2024-05-01 03:34:25', 'gogoogog'),
(487, '8ccd03d3-bd61-4721-93c0-7b1058265f49', '2024-05-01 03:34:25', 'gogoogog'),
(488, '8ccd03d3-bd61-4721-93c0-7b1058265f49', '2024-05-01 03:34:25', 'gogoogog'),
(489, '8ccd03d3-bd61-4721-93c0-7b1058265f49', '2024-05-01 03:34:25', 'gogoogog'),
(490, '8ccd03d3-bd61-4721-93c0-7b1058265f49', '2024-05-01 03:34:25', 'gogoogog'),
(491, '673a626f-afde-4a68-8dda-42faf7b757b3', '2024-05-01 03:34:29', 'gogoogog'),
(492, '0b2b1c99-dfe5-4b12-b7f0-f3da89414bc8', '2024-05-01 03:41:21', 'gogoogog'),
(493, '5e70d150-405a-446e-a8af-0e5a245e1bcd', '2024-05-01 03:42:22', 'gogoogog'),
(494, 'd9d1e8e5-08e7-43f1-99e3-89b486d3ba85', '2024-05-01 03:42:55', 'gogoogog'),
(495, 'd9d1e8e5-08e7-43f1-99e3-89b486d3ba85', '2024-05-01 03:42:55', 'gogoogog'),
(496, '10a62005-83e4-42d9-8930-bda1975a589d', '2024-05-01 03:43:17', 'gogoogog'),
(497, '10a62005-83e4-42d9-8930-bda1975a589d', '2024-05-01 03:43:17', 'gogoogog'),
(498, '10a62005-83e4-42d9-8930-bda1975a589d', '2024-05-01 03:43:17', 'gogoogog'),
(499, '825f1763-0ea6-417a-82ac-5a3896ccde1e', '2024-05-01 03:43:23', 'gogoogog'),
(500, '825f1763-0ea6-417a-82ac-5a3896ccde1e', '2024-05-01 03:43:23', ''),
(501, '825f1763-0ea6-417a-82ac-5a3896ccde1e', '2024-05-01 03:43:23', 'gogoogog'),
(502, '825f1763-0ea6-417a-82ac-5a3896ccde1e', '2024-05-01 03:43:23', 'gogoogog'),
(503, 'b56a7f48-7bc7-47fa-8973-5a2908e1ed1e', '2024-05-01 03:43:32', 'gogoogog'),
(504, 'b56a7f48-7bc7-47fa-8973-5a2908e1ed1e', '2024-05-01 03:43:32', 'gogoogog'),
(505, 'b56a7f48-7bc7-47fa-8973-5a2908e1ed1e', '2024-05-01 03:43:32', 'gogoogog'),
(506, 'b56a7f48-7bc7-47fa-8973-5a2908e1ed1e', '2024-05-01 03:43:32', ''),
(507, 'b56a7f48-7bc7-47fa-8973-5a2908e1ed1e', '2024-05-01 03:43:32', 'gogoogog'),
(508, '7753e0f8-a892-4de9-96a9-e389b691749d', '2024-05-01 03:43:35', 'gogoogog'),
(509, '7753e0f8-a892-4de9-96a9-e389b691749d', '2024-05-01 03:43:35', 'gogoogog'),
(510, '7753e0f8-a892-4de9-96a9-e389b691749d', '2024-05-01 03:43:35', 'gogoogog'),
(511, '7753e0f8-a892-4de9-96a9-e389b691749d', '2024-05-01 03:43:35', ''),
(512, '7753e0f8-a892-4de9-96a9-e389b691749d', '2024-05-01 03:43:35', 'gogoogog'),
(513, '7753e0f8-a892-4de9-96a9-e389b691749d', '2024-05-01 03:43:35', 'gogoogog'),
(514, '45d7e40a-b429-4c6f-bd72-215e746c726d', '2024-05-01 03:43:40', 'gogoogog'),
(515, 'b6bff63d-82c5-4328-9b47-4746279fb957', '2024-05-01 03:45:16', 'gogoogog'),
(516, 'b6bff63d-82c5-4328-9b47-4746279fb957', '2024-05-01 03:45:16', 'gogoogog'),
(517, '72d6314d-aef1-4d8f-bf9f-90132c41eff7', '2024-05-01 03:45:19', 'gogoogog'),
(518, '72d6314d-aef1-4d8f-bf9f-90132c41eff7', '2024-05-01 03:45:19', 'gogoogog'),
(519, '72d6314d-aef1-4d8f-bf9f-90132c41eff7', '2024-05-01 03:45:19', 'gogoogog'),
(520, '8abc0113-e22d-4758-b049-6db29e1d546b', '2024-05-01 03:45:34', 'gogoogog'),
(521, 'e72f9246-74df-4119-af35-00945c421126', '2024-05-01 03:46:13', 'gogoogog'),
(522, '3c71c006-5bd2-4513-8216-f0b92ee0b5fb', '2024-05-01 03:47:32', 'gogoogog'),
(523, 'fc0cfcb8-e4a8-47c8-9c61-73cc02ba20fc', '2024-05-01 03:49:54', 'gogoogog'),
(524, '36054d9c-7686-4c3f-bae1-e6e9bfe1184b', '2024-05-01 03:52:07', 'gogoogog'),
(525, '1299cc54-1b4f-436a-b666-bd27c12770cd', '2024-05-01 03:52:16', 'gogoogog'),
(526, 'de468b3f-a1c6-40a7-ab73-87c8ccbf0162', '2024-05-01 03:54:37', 'gogoogog'),
(527, 'de468b3f-a1c6-40a7-ab73-87c8ccbf0162', '2024-05-01 03:54:37', 'gogoogog'),
(528, '3e5e2e93-9897-4766-aa44-23312c1d7f6c', '2024-05-01 03:56:13', 'gogoogog'),
(529, '3e5e2e93-9897-4766-aa44-23312c1d7f6c', '2024-05-01 03:56:13', 'gogoogog'),
(530, '3e5e2e93-9897-4766-aa44-23312c1d7f6c', '2024-05-01 03:56:13', 'gogoogog'),
(531, '2342bc24-1d0b-42f1-858c-0c5a4f7b6c71', '2024-05-01 03:57:27', 'gogoogog'),
(532, '2342bc24-1d0b-42f1-858c-0c5a4f7b6c71', '2024-05-01 03:57:27', 'gogoogog'),
(533, '2342bc24-1d0b-42f1-858c-0c5a4f7b6c71', '2024-05-01 03:57:27', 'gogoogog'),
(534, '2342bc24-1d0b-42f1-858c-0c5a4f7b6c71', '2024-05-01 03:57:27', 'gogoogog'),
(535, '07eaf17d-a34b-45b9-9f8a-fe091804e493', '2024-05-01 03:57:29', 'gogoogog'),
(536, '07eaf17d-a34b-45b9-9f8a-fe091804e493', '2024-05-01 03:57:29', 'gogoogog'),
(537, '07eaf17d-a34b-45b9-9f8a-fe091804e493', '2024-05-01 03:57:29', 'gogoogog'),
(538, '07eaf17d-a34b-45b9-9f8a-fe091804e493', '2024-05-01 03:57:29', 'gogoogog'),
(539, '07eaf17d-a34b-45b9-9f8a-fe091804e493', '2024-05-01 03:57:29', 'gogoogog'),
(540, 'b9dfc1c8-0860-499e-8107-bd4b76948476', '2024-05-01 03:57:33', 'gogoogog'),
(541, 'b9dfc1c8-0860-499e-8107-bd4b76948476', '2024-05-01 03:57:33', 'gogoogog'),
(542, 'b9dfc1c8-0860-499e-8107-bd4b76948476', '2024-05-01 03:57:33', 'gogoogog'),
(543, 'b9dfc1c8-0860-499e-8107-bd4b76948476', '2024-05-01 03:57:33', 'gogoogog'),
(544, 'b9dfc1c8-0860-499e-8107-bd4b76948476', '2024-05-01 03:57:33', 'gogoogog'),
(545, 'b9dfc1c8-0860-499e-8107-bd4b76948476', '2024-05-01 03:57:33', 'gogoogog'),
(546, '7ea7d4ac-7a8d-4ef4-b314-952b02a0e2e7', '2024-05-01 03:57:34', 'gogoogog'),
(547, '7ea7d4ac-7a8d-4ef4-b314-952b02a0e2e7', '2024-05-01 03:57:34', 'gogoogog'),
(548, '7ea7d4ac-7a8d-4ef4-b314-952b02a0e2e7', '2024-05-01 03:57:34', 'gogoogog'),
(549, '7ea7d4ac-7a8d-4ef4-b314-952b02a0e2e7', '2024-05-01 03:57:34', 'gogoogog'),
(550, '7ea7d4ac-7a8d-4ef4-b314-952b02a0e2e7', '2024-05-01 03:57:34', 'gogoogog'),
(551, '7ea7d4ac-7a8d-4ef4-b314-952b02a0e2e7', '2024-05-01 03:57:34', 'gogoogog'),
(552, '7ea7d4ac-7a8d-4ef4-b314-952b02a0e2e7', '2024-05-01 03:57:34', 'gogoogog'),
(553, '081fd968-9c48-4e1c-8cee-b6c88f300af3', '2024-05-01 03:57:52', 'gogoogog'),
(554, '59b4b40d-1620-4db6-8141-41d2512f1a17', '2024-05-01 04:01:04', 'gogoogog'),
(555, '37d81758-3094-49ee-b645-c0a629650011', '2024-05-01 04:02:06', 'gogoogog'),
(556, '37d81758-3094-49ee-b645-c0a629650011', '2024-05-01 04:02:06', 'gogoogog'),
(557, '37d81758-3094-49ee-b645-c0a629650011', '2024-05-01 04:02:06', 'gogoogog'),
(558, '11d085f4-c04e-4770-9f52-d7eefe8cade9', '2024-05-01 04:02:07', 'gogoogog'),
(559, '11d085f4-c04e-4770-9f52-d7eefe8cade9', '2024-05-01 04:02:07', 'gogoogog'),
(560, '11d085f4-c04e-4770-9f52-d7eefe8cade9', '2024-05-01 04:02:07', 'gogoogog'),
(561, '14e91845-99e7-4cf0-8db0-14778c146e0a', '2024-05-01 04:02:15', 'gogoogog'),
(562, '14e91845-99e7-4cf0-8db0-14778c146e0a', '2024-05-01 04:02:15', 'gogoogog'),
(563, '14e91845-99e7-4cf0-8db0-14778c146e0a', '2024-05-01 04:02:15', 'gogoogog'),
(564, '14e91845-99e7-4cf0-8db0-14778c146e0a', '2024-05-01 04:02:15', 'gogoogog'),
(565, '7da5a764-24d3-48c2-bd15-bd1f08766168', '2024-05-01 04:02:18', 'gogoogog'),
(566, '7da5a764-24d3-48c2-bd15-bd1f08766168', '2024-05-01 04:02:18', 'gogoogog'),
(567, '7da5a764-24d3-48c2-bd15-bd1f08766168', '2024-05-01 04:02:18', 'gogoogog'),
(568, '7da5a764-24d3-48c2-bd15-bd1f08766168', '2024-05-01 04:02:18', 'gogoogog'),
(569, '7da5a764-24d3-48c2-bd15-bd1f08766168', '2024-05-01 04:02:18', 'gogoogog'),
(570, '951c1d5e-4d0e-40f0-b324-a407b16562cc', '2024-05-01 04:05:00', 'gogoogog'),
(571, '20328db2-f6cc-4c58-99a4-d9768109bd70', '2024-05-01 04:05:03', 'gogoogog'),
(572, '20328db2-f6cc-4c58-99a4-d9768109bd70', '2024-05-01 04:05:03', 'gogoogog'),
(573, '3d4d32ae-0c28-46eb-87f6-4268515b62eb', '2024-05-01 04:07:13', 'gogoogog'),
(574, '3d4d32ae-0c28-46eb-87f6-4268515b62eb', '2024-05-01 04:07:13', 'gogoogog'),
(575, '3d4d32ae-0c28-46eb-87f6-4268515b62eb', '2024-05-01 04:07:13', ''),
(576, '8b580c70-4885-42ef-9de1-b120c5053986', '2024-05-01 05:54:07', 'gogoogog'),
(577, 'abea9afa-65db-4438-a1f3-6fa5c8767a55', '2024-05-01 05:54:27', 'gogoogog'),
(578, '7a4a5ec8-4d81-4282-ba2b-27b1bbf0ac1e', '2024-05-01 05:55:02', 'gogoogog'),
(579, '3aa00682-3aa7-458b-b2d0-4ae52c2dae2f', '2024-05-01 06:07:31', 'gogoogog'),
(580, '1e40f388-33f7-4693-ad55-bac655f8f9c5', '2024-05-01 06:09:21', 'gogoogog'),
(581, '1e40f388-33f7-4693-ad55-bac655f8f9c5', '2024-05-01 06:09:21', 'gogoogog'),
(582, 'a63dbcb1-b5ea-4038-a6c8-91a042a0a698', '2024-05-01 06:11:34', 'gogoogog'),
(583, 'a63dbcb1-b5ea-4038-a6c8-91a042a0a698', '2024-05-01 06:11:34', 'gogoogog'),
(584, 'a63dbcb1-b5ea-4038-a6c8-91a042a0a698', '2024-05-01 06:11:34', 'gogoogog'),
(585, '5cf8b7dd-de12-4b29-b2ea-4cbea3838ad4', '2024-05-01 06:11:38', 'gogoogog'),
(586, '5cf8b7dd-de12-4b29-b2ea-4cbea3838ad4', '2024-05-01 06:11:38', 'gogoogog'),
(587, '5cf8b7dd-de12-4b29-b2ea-4cbea3838ad4', '2024-05-01 06:11:38', 'gogoogog'),
(588, '5cf8b7dd-de12-4b29-b2ea-4cbea3838ad4', '2024-05-01 06:11:38', 'gogoogog'),
(589, 'bb60df2f-a037-43d2-b135-75409391ce5f', '2024-05-01 06:11:52', 'gogoogog'),
(590, '7cb6501f-99c7-4d9a-9de9-d7fa9925b8e2', '2024-05-01 06:12:38', 'gogoogog'),
(591, '0235ff1e-749a-4506-b1fe-af2e20cdaf36', '2024-05-01 06:13:43', 'gogoogog'),
(592, '0235ff1e-749a-4506-b1fe-af2e20cdaf36', '2024-05-01 06:13:43', 'gogoogog'),
(593, 'eb0ee66f-c6bf-403c-b3d9-5150582e2b0a', '2024-05-01 06:14:34', 'gogoogog'),
(594, 'eb0ee66f-c6bf-403c-b3d9-5150582e2b0a', '2024-05-01 06:14:34', 'gogoogog'),
(595, 'eb0ee66f-c6bf-403c-b3d9-5150582e2b0a', '2024-05-01 06:14:34', 'gogoogog'),
(596, '4bb64734-bda1-471d-959c-56756148297a', '2024-05-01 06:14:39', 'gogoogog'),
(597, '4bb64734-bda1-471d-959c-56756148297a', '2024-05-01 06:14:39', 'gogoogog'),
(598, '4bb64734-bda1-471d-959c-56756148297a', '2024-05-01 06:14:39', 'gogoogog'),
(599, '4bb64734-bda1-471d-959c-56756148297a', '2024-05-01 06:14:39', 'gogoogog'),
(600, '4247b604-90f2-4b7d-8e55-4e41a461ff8b', '2024-05-01 06:14:43', 'gogoogog'),
(601, '4247b604-90f2-4b7d-8e55-4e41a461ff8b', '2024-05-01 06:14:43', 'gogoogog'),
(602, '4247b604-90f2-4b7d-8e55-4e41a461ff8b', '2024-05-01 06:14:43', 'gogoogog'),
(603, '4247b604-90f2-4b7d-8e55-4e41a461ff8b', '2024-05-01 06:14:43', 'gogoogog'),
(604, '4247b604-90f2-4b7d-8e55-4e41a461ff8b', '2024-05-01 06:14:43', 'gogoogog'),
(605, '1d173c10-df00-4a25-b42e-dc1cafc444ec', '2024-05-01 06:14:50', 'gogoogog'),
(606, '1d173c10-df00-4a25-b42e-dc1cafc444ec', '2024-05-01 06:14:50', 'gogoogog'),
(607, '1d173c10-df00-4a25-b42e-dc1cafc444ec', '2024-05-01 06:14:50', 'gogoogog'),
(608, '1d173c10-df00-4a25-b42e-dc1cafc444ec', '2024-05-01 06:14:50', 'gogoogog'),
(609, '1d173c10-df00-4a25-b42e-dc1cafc444ec', '2024-05-01 06:14:50', 'gogoogog'),
(610, '1d173c10-df00-4a25-b42e-dc1cafc444ec', '2024-05-01 06:14:50', 'gogoogog'),
(611, 'aeabb4f6-d1c9-4d64-8fcd-a60eb7680008', '2024-05-01 06:14:56', 'gogoogog'),
(612, 'aeabb4f6-d1c9-4d64-8fcd-a60eb7680008', '2024-05-01 06:14:56', 'gogoogog'),
(613, 'aeabb4f6-d1c9-4d64-8fcd-a60eb7680008', '2024-05-01 06:14:56', 'gogoogog'),
(614, 'aeabb4f6-d1c9-4d64-8fcd-a60eb7680008', '2024-05-01 06:14:56', 'gogoogog'),
(615, 'aeabb4f6-d1c9-4d64-8fcd-a60eb7680008', '2024-05-01 06:14:56', 'gogoogog'),
(616, 'aeabb4f6-d1c9-4d64-8fcd-a60eb7680008', '2024-05-01 06:14:56', 'gogoogog'),
(617, 'aeabb4f6-d1c9-4d64-8fcd-a60eb7680008', '2024-05-01 06:14:56', 'gogoogog'),
(618, '8c072245-8dc4-45bf-a5f3-295b57f493b1', '2024-05-01 06:15:02', 'gogoogog'),
(619, '8cbb9a97-fff0-4d3f-9e30-6f01b7852c50', '2024-05-01 06:16:20', 'gogoogog'),
(620, '8cbb9a97-fff0-4d3f-9e30-6f01b7852c50', '2024-05-01 06:16:20', 'gogoogog'),
(621, 'a8bf2103-4ba5-4d57-b806-e4a07033a486', '2024-05-01 06:16:24', 'gogoogog'),
(622, 'a8bf2103-4ba5-4d57-b806-e4a07033a486', '2024-05-01 06:16:24', 'gogoogog'),
(623, 'a8bf2103-4ba5-4d57-b806-e4a07033a486', '2024-05-01 06:16:24', 'gogoogog'),
(624, '3ede4e3b-74c1-4e66-9f84-96167c6e932b', '2024-05-01 06:16:27', 'gogoogog'),
(625, '3ede4e3b-74c1-4e66-9f84-96167c6e932b', '2024-05-01 06:16:27', 'gogoogog'),
(626, '3ede4e3b-74c1-4e66-9f84-96167c6e932b', '2024-05-01 06:16:27', 'gogoogog'),
(627, '3ede4e3b-74c1-4e66-9f84-96167c6e932b', '2024-05-01 06:16:27', 'gogoogog'),
(628, '1d32d3fb-9ecd-4331-b92e-6ade3a4244fa', '2024-05-01 06:19:04', 'gogoogog'),
(629, '1d32d3fb-9ecd-4331-b92e-6ade3a4244fa', '2024-05-01 06:19:04', 'gogoogog');
INSERT INTO `tyler_stream` (`id`, `stream_code`, `time`, `streamer_name`) VALUES
(630, '1d32d3fb-9ecd-4331-b92e-6ade3a4244fa', '2024-05-01 06:19:04', 'gogoogog'),
(631, '1d32d3fb-9ecd-4331-b92e-6ade3a4244fa', '2024-05-01 06:19:04', 'gogoogog'),
(632, '1d32d3fb-9ecd-4331-b92e-6ade3a4244fa', '2024-05-01 06:19:04', 'gogoogog'),
(633, '52655909-36e7-42bf-9e2a-0a0be4d68ec4', '2024-05-01 06:19:13', 'gogoogog'),
(634, '52655909-36e7-42bf-9e2a-0a0be4d68ec4', '2024-05-01 06:19:13', 'gogoogog'),
(635, '52655909-36e7-42bf-9e2a-0a0be4d68ec4', '2024-05-01 06:19:13', 'gogoogog'),
(636, '52655909-36e7-42bf-9e2a-0a0be4d68ec4', '2024-05-01 06:19:13', 'gogoogog'),
(637, '52655909-36e7-42bf-9e2a-0a0be4d68ec4', '2024-05-01 06:19:13', 'gogoogog'),
(638, '52655909-36e7-42bf-9e2a-0a0be4d68ec4', '2024-05-01 06:19:13', 'gogoogog'),
(639, '2cb35be5-07c2-467a-b299-8f236f9d4b1e', '2024-05-01 06:19:19', 'gogoogog'),
(640, '2cb35be5-07c2-467a-b299-8f236f9d4b1e', '2024-05-01 06:19:19', 'gogoogog'),
(641, '2cb35be5-07c2-467a-b299-8f236f9d4b1e', '2024-05-01 06:19:19', 'gogoogog'),
(642, '2cb35be5-07c2-467a-b299-8f236f9d4b1e', '2024-05-01 06:19:19', 'gogoogog'),
(643, '2cb35be5-07c2-467a-b299-8f236f9d4b1e', '2024-05-01 06:19:19', 'gogoogog'),
(644, '2cb35be5-07c2-467a-b299-8f236f9d4b1e', '2024-05-01 06:19:19', 'gogoogog'),
(645, '2cb35be5-07c2-467a-b299-8f236f9d4b1e', '2024-05-01 06:19:19', 'gogoogog'),
(646, '1b15c88d-3136-471f-b76e-7ba9f2ff4a75', '2024-05-01 06:22:53', 'gogoogog'),
(647, '7905b39a-c58e-4e2a-8639-fa98f54f4876', '2024-05-01 06:26:04', 'gogoogog'),
(648, '7905b39a-c58e-4e2a-8639-fa98f54f4876', '2024-05-01 06:26:04', 'gogoogog'),
(649, '19564974-7d41-4482-97ad-40402a347c86', '2024-05-01 06:26:11', 'gogoogog'),
(650, '19564974-7d41-4482-97ad-40402a347c86', '2024-05-01 06:26:11', 'gogoogog'),
(651, '19564974-7d41-4482-97ad-40402a347c86', '2024-05-01 06:26:11', 'gogoogog'),
(652, '2bd09411-4344-4fef-9b0c-8c584ac68736', '2024-05-01 06:31:19', 'gogoogog'),
(653, 'd35b63ab-a7e7-4c02-8393-956f105b6b25', '2024-05-01 06:32:44', 'gogoogog'),
(654, 'd35b63ab-a7e7-4c02-8393-956f105b6b25', '2024-05-01 06:32:44', 'gogoogog'),
(655, 'd35b63ab-a7e7-4c02-8393-956f105b6b25', '2024-05-01 06:32:44', 'gogoogog'),
(656, 'a22c021a-b789-41c7-a8f5-0a3ca1bf8ae9', '2024-05-01 06:32:45', 'gogoogog'),
(657, 'a22c021a-b789-41c7-a8f5-0a3ca1bf8ae9', '2024-05-01 06:32:45', 'gogoogog'),
(658, 'a22c021a-b789-41c7-a8f5-0a3ca1bf8ae9', '2024-05-01 06:32:45', 'gogoogog'),
(659, 'a22c021a-b789-41c7-a8f5-0a3ca1bf8ae9', '2024-05-01 06:32:45', 'gogoogog'),
(660, 'eb72de41-d6a3-4e76-9eef-dd4dc4cfd7d8', '2024-05-01 06:32:46', 'gogoogog'),
(661, 'eb72de41-d6a3-4e76-9eef-dd4dc4cfd7d8', '2024-05-01 06:32:46', 'gogoogog'),
(662, 'eb72de41-d6a3-4e76-9eef-dd4dc4cfd7d8', '2024-05-01 06:32:46', 'gogoogog'),
(663, 'eb72de41-d6a3-4e76-9eef-dd4dc4cfd7d8', '2024-05-01 06:32:46', 'gogoogog'),
(664, 'bd300fc7-f4c2-48ad-a33d-b18ff64d4194', '2024-05-01 06:32:50', 'gogoogog'),
(665, 'bd300fc7-f4c2-48ad-a33d-b18ff64d4194', '2024-05-01 06:32:50', 'gogoogog'),
(666, 'bd300fc7-f4c2-48ad-a33d-b18ff64d4194', '2024-05-01 06:32:50', 'gogoogog'),
(667, 'bd300fc7-f4c2-48ad-a33d-b18ff64d4194', '2024-05-01 06:32:50', 'gogoogog'),
(668, 'bd300fc7-f4c2-48ad-a33d-b18ff64d4194', '2024-05-01 06:32:50', 'gogoogog'),
(669, '4726302d-ef1e-4246-91c7-563e32f557ac', '2024-05-01 06:33:28', 'gogoogog'),
(670, '4726302d-ef1e-4246-91c7-563e32f557ac', '2024-05-01 06:33:28', 'gogoogog'),
(671, '4726302d-ef1e-4246-91c7-563e32f557ac', '2024-05-01 06:33:28', 'gogoogog'),
(672, '4726302d-ef1e-4246-91c7-563e32f557ac', '2024-05-01 06:33:28', 'gogoogog'),
(673, '4726302d-ef1e-4246-91c7-563e32f557ac', '2024-05-01 06:33:28', 'gogoogog'),
(674, '4726302d-ef1e-4246-91c7-563e32f557ac', '2024-05-01 06:33:28', 'gogoogog'),
(675, 'a9deff16-46e2-4d68-b048-3efe8fa94b13', '2024-05-01 06:33:34', 'gogoogog'),
(676, 'a9deff16-46e2-4d68-b048-3efe8fa94b13', '2024-05-01 06:33:34', 'gogoogog'),
(677, 'a9deff16-46e2-4d68-b048-3efe8fa94b13', '2024-05-01 06:33:34', 'gogoogog'),
(678, 'a9deff16-46e2-4d68-b048-3efe8fa94b13', '2024-05-01 06:33:34', 'gogoogog'),
(679, 'a9deff16-46e2-4d68-b048-3efe8fa94b13', '2024-05-01 06:33:34', 'gogoogog'),
(680, 'a9deff16-46e2-4d68-b048-3efe8fa94b13', '2024-05-01 06:33:34', 'gogoogog'),
(681, 'a9deff16-46e2-4d68-b048-3efe8fa94b13', '2024-05-01 06:33:34', 'gogoogog'),
(682, '5dee1362-8c6c-47e1-8d09-2a78c2bb64d6', '2024-05-01 06:33:38', 'gogoogog'),
(683, '5dee1362-8c6c-47e1-8d09-2a78c2bb64d6', '2024-05-01 06:33:38', 'gogoogog'),
(684, '5dee1362-8c6c-47e1-8d09-2a78c2bb64d6', '2024-05-01 06:33:38', 'gogoogog'),
(685, '5dee1362-8c6c-47e1-8d09-2a78c2bb64d6', '2024-05-01 06:33:38', 'gogoogog'),
(686, '5dee1362-8c6c-47e1-8d09-2a78c2bb64d6', '2024-05-01 06:33:38', 'gogoogog'),
(687, '5dee1362-8c6c-47e1-8d09-2a78c2bb64d6', '2024-05-01 06:33:38', 'gogoogog'),
(688, '5dee1362-8c6c-47e1-8d09-2a78c2bb64d6', '2024-05-01 06:33:38', 'gogoogog'),
(689, '5dee1362-8c6c-47e1-8d09-2a78c2bb64d6', '2024-05-01 06:33:38', 'gogoogog'),
(690, 'bea69618-369f-4c71-9941-6925698d066e', '2024-05-01 06:33:41', 'gogoogog'),
(691, 'bea69618-369f-4c71-9941-6925698d066e', '2024-05-01 06:33:41', 'gogoogog'),
(692, 'bea69618-369f-4c71-9941-6925698d066e', '2024-05-01 06:33:41', 'gogoogog'),
(693, 'bea69618-369f-4c71-9941-6925698d066e', '2024-05-01 06:33:41', 'gogoogog'),
(694, 'bea69618-369f-4c71-9941-6925698d066e', '2024-05-01 06:33:41', 'gogoogog'),
(695, 'bea69618-369f-4c71-9941-6925698d066e', '2024-05-01 06:33:41', 'gogoogog'),
(696, 'bea69618-369f-4c71-9941-6925698d066e', '2024-05-01 06:33:41', 'gogoogog'),
(697, 'bea69618-369f-4c71-9941-6925698d066e', '2024-05-01 06:33:41', 'gogoogog'),
(698, 'bea69618-369f-4c71-9941-6925698d066e', '2024-05-01 06:33:41', 'gogoogog'),
(699, '0c4dd924-258f-4cac-b77a-2a22e4b873f4', '2024-05-01 06:34:34', 'gogoogog'),
(700, '0c4dd924-258f-4cac-b77a-2a22e4b873f4', '2024-05-01 06:34:34', 'gogoogog'),
(701, '0c4dd924-258f-4cac-b77a-2a22e4b873f4', '2024-05-01 06:34:34', 'gogoogog'),
(702, '0c4dd924-258f-4cac-b77a-2a22e4b873f4', '2024-05-01 06:34:34', 'gogoogog'),
(703, '0c4dd924-258f-4cac-b77a-2a22e4b873f4', '2024-05-01 06:34:34', 'gogoogog'),
(704, '0c4dd924-258f-4cac-b77a-2a22e4b873f4', '2024-05-01 06:34:34', 'gogoogog'),
(705, '0c4dd924-258f-4cac-b77a-2a22e4b873f4', '2024-05-01 06:34:34', 'gogoogog'),
(706, '0c4dd924-258f-4cac-b77a-2a22e4b873f4', '2024-05-01 06:34:34', 'gogoogog'),
(707, '0c4dd924-258f-4cac-b77a-2a22e4b873f4', '2024-05-01 06:34:34', 'gogoogog'),
(708, '0c4dd924-258f-4cac-b77a-2a22e4b873f4', '2024-05-01 06:34:34', 'gogoogog'),
(709, '0c4dd924-258f-4cac-b77a-2a22e4b873f4', '2024-05-01 06:34:34', 'gogoogog'),
(710, '6a008498-4620-46ad-93b1-a79d59cd3c44', '2024-05-01 06:34:35', 'gogoogog'),
(711, '6a008498-4620-46ad-93b1-a79d59cd3c44', '2024-05-01 06:34:35', 'gogoogog'),
(712, '6a008498-4620-46ad-93b1-a79d59cd3c44', '2024-05-01 06:34:35', 'gogoogog'),
(713, '6a008498-4620-46ad-93b1-a79d59cd3c44', '2024-05-01 06:34:35', 'gogoogog'),
(714, '6a008498-4620-46ad-93b1-a79d59cd3c44', '2024-05-01 06:34:35', 'gogoogog'),
(715, '6a008498-4620-46ad-93b1-a79d59cd3c44', '2024-05-01 06:34:35', 'gogoogog'),
(716, '6a008498-4620-46ad-93b1-a79d59cd3c44', '2024-05-01 06:34:35', 'gogoogog'),
(717, '6a008498-4620-46ad-93b1-a79d59cd3c44', '2024-05-01 06:34:35', 'gogoogog'),
(718, '6a008498-4620-46ad-93b1-a79d59cd3c44', '2024-05-01 06:34:35', 'gogoogog'),
(719, '6a008498-4620-46ad-93b1-a79d59cd3c44', '2024-05-01 06:34:35', 'gogoogog'),
(720, '6a008498-4620-46ad-93b1-a79d59cd3c44', '2024-05-01 06:34:35', 'gogoogog'),
(721, 'f5b223f3-3fa5-4700-b5cc-6b7040814366', '2024-05-01 06:34:43', 'gogoogog'),
(722, '0765ee8c-9133-4c2c-b125-246449583e9d', '2024-05-01 06:35:26', 'gogoogog'),
(723, '0765ee8c-9133-4c2c-b125-246449583e9d', '2024-05-01 06:35:26', 'gogoogog'),
(724, '0765ee8c-9133-4c2c-b125-246449583e9d', '2024-05-01 06:35:26', 'gogoogog'),
(725, '7d60b007-3528-4e62-b5f6-e2c3efdffe53', '2024-05-01 06:35:27', 'gogoogog'),
(726, '7d60b007-3528-4e62-b5f6-e2c3efdffe53', '2024-05-01 06:35:27', 'gogoogog'),
(727, '7d60b007-3528-4e62-b5f6-e2c3efdffe53', '2024-05-01 06:35:27', 'gogoogog'),
(728, '7f1756e3-e9a1-456a-bacb-5511942aa975', '2024-05-01 06:35:29', 'gogoogog'),
(729, '7f1756e3-e9a1-456a-bacb-5511942aa975', '2024-05-01 06:35:29', 'gogoogog'),
(730, '7f1756e3-e9a1-456a-bacb-5511942aa975', '2024-05-01 06:35:29', 'gogoogog'),
(731, '7f1756e3-e9a1-456a-bacb-5511942aa975', '2024-05-01 06:35:29', 'gogoogog'),
(732, '7f1756e3-e9a1-456a-bacb-5511942aa975', '2024-05-01 06:35:29', 'gogoogog'),
(733, '616d123e-1da3-40a7-97b5-4dfd1e783914', '2024-05-01 06:35:30', 'gogoogog'),
(734, '616d123e-1da3-40a7-97b5-4dfd1e783914', '2024-05-01 06:35:30', 'gogoogog'),
(735, '616d123e-1da3-40a7-97b5-4dfd1e783914', '2024-05-01 06:35:30', 'gogoogog'),
(736, '616d123e-1da3-40a7-97b5-4dfd1e783914', '2024-05-01 06:35:30', 'gogoogog'),
(737, '616d123e-1da3-40a7-97b5-4dfd1e783914', '2024-05-01 06:35:30', 'gogoogog'),
(738, '2c23e359-13de-41ca-b2d9-d8c959317920', '2024-05-01 06:36:11', 'gogoogog'),
(739, '2c23e359-13de-41ca-b2d9-d8c959317920', '2024-05-01 06:36:11', 'gogoogog'),
(740, '2c23e359-13de-41ca-b2d9-d8c959317920', '2024-05-01 06:36:11', 'gogoogog'),
(741, '2c23e359-13de-41ca-b2d9-d8c959317920', '2024-05-01 06:36:11', 'gogoogog'),
(742, '2c23e359-13de-41ca-b2d9-d8c959317920', '2024-05-01 06:36:11', 'gogoogog'),
(743, '2c23e359-13de-41ca-b2d9-d8c959317920', '2024-05-01 06:36:11', 'gogoogog'),
(744, '8e03e9ac-d71e-463b-9278-482203cfe4a9', '2024-05-01 06:36:14', 'gogoogog'),
(745, '8e03e9ac-d71e-463b-9278-482203cfe4a9', '2024-05-01 06:36:14', 'gogoogog'),
(746, '8e03e9ac-d71e-463b-9278-482203cfe4a9', '2024-05-01 06:36:14', 'gogoogog'),
(747, '8e03e9ac-d71e-463b-9278-482203cfe4a9', '2024-05-01 06:36:14', 'gogoogog'),
(748, '8e03e9ac-d71e-463b-9278-482203cfe4a9', '2024-05-01 06:36:14', 'gogoogog'),
(749, '8e03e9ac-d71e-463b-9278-482203cfe4a9', '2024-05-01 06:36:14', 'gogoogog'),
(750, '8e03e9ac-d71e-463b-9278-482203cfe4a9', '2024-05-01 06:36:14', 'gogoogog'),
(751, '102a1320-5ba8-41c4-a27c-e2f27044a378', '2024-05-01 06:36:17', 'gogoogog'),
(752, '6e8b8c78-c7e2-40dc-8bbd-5f61fde817cc', '2024-05-01 06:38:43', 'gogoogog'),
(753, '6e8b8c78-c7e2-40dc-8bbd-5f61fde817cc', '2024-05-01 06:38:43', 'gogoogog'),
(754, '3c0da849-8636-4c40-9244-b525d1064825', '2024-05-01 06:38:53', 'tylerchen'),
(755, 'ce2b53cb-cc9c-492d-9bdc-098ca9f2ff62', '2024-05-01 06:42:25', 'gogoogog'),
(756, 'd8c5fac6-07a2-487c-ab6c-2dfdfe31b90b', '2024-05-01 06:43:43', 'gogoogog'),
(757, 'd8c5fac6-07a2-487c-ab6c-2dfdfe31b90b', '2024-05-01 06:43:43', 'gogoogog'),
(758, '17008145-22b0-4e68-9a27-917c7f43da85', '2024-05-01 06:43:46', 'gogoogog'),
(759, '7cefaee0-3788-481b-9447-27ddf9b3a1fc', '2024-05-01 06:43:50', 'gogoogog'),
(760, '22a62ed7-1e6f-45d7-8f1f-ad4575d94379', '2024-05-01 06:44:09', 'gogoogog'),
(761, '41b0b379-44ba-4997-b91d-33199e353d17', '2024-05-01 06:44:40', 'gogoogog'),
(762, '41b0b379-44ba-4997-b91d-33199e353d17', '2024-05-01 06:44:40', 'gogoogog'),
(763, '41b0b379-44ba-4997-b91d-33199e353d17', '2024-05-01 06:44:40', 'gogoogog'),
(764, '11c2412a-2a51-4fd3-9f6f-c21f95beddfc', '2024-05-01 06:44:42', 'gogoogog'),
(765, '11c2412a-2a51-4fd3-9f6f-c21f95beddfc', '2024-05-01 06:44:42', 'gogoogog'),
(766, '11c2412a-2a51-4fd3-9f6f-c21f95beddfc', '2024-05-01 06:44:42', 'gogoogog'),
(767, '5f43460b-0376-4e58-996a-4d355d1bcd94', '2024-05-01 06:44:47', 'gogoogog'),
(768, '5f43460b-0376-4e58-996a-4d355d1bcd94', '2024-05-01 06:44:47', 'gogoogog'),
(769, '5f43460b-0376-4e58-996a-4d355d1bcd94', '2024-05-01 06:44:47', 'gogoogog'),
(770, '5f43460b-0376-4e58-996a-4d355d1bcd94', '2024-05-01 06:44:47', 'gogoogog'),
(771, '2cabf6cc-e62e-41b6-91f3-ccf93e72d390', '2024-05-01 06:44:49', 'gogoogog'),
(772, '2cabf6cc-e62e-41b6-91f3-ccf93e72d390', '2024-05-01 06:44:49', 'gogoogog'),
(773, '2cabf6cc-e62e-41b6-91f3-ccf93e72d390', '2024-05-01 06:44:49', 'gogoogog'),
(774, '2cabf6cc-e62e-41b6-91f3-ccf93e72d390', '2024-05-01 06:44:49', 'gogoogog'),
(775, '2cabf6cc-e62e-41b6-91f3-ccf93e72d390', '2024-05-01 06:44:49', 'gogoogog'),
(776, '1f2e9b8c-6b92-46ad-92b4-446abefe670a', '2024-05-01 06:44:57', 'gogoogog'),
(777, '1f2e9b8c-6b92-46ad-92b4-446abefe670a', '2024-05-01 06:44:57', 'gogoogog'),
(778, '1f2e9b8c-6b92-46ad-92b4-446abefe670a', '2024-05-01 06:44:57', 'gogoogog'),
(779, '1f2e9b8c-6b92-46ad-92b4-446abefe670a', '2024-05-01 06:44:57', 'gogoogog'),
(780, '1f2e9b8c-6b92-46ad-92b4-446abefe670a', '2024-05-01 06:44:57', 'gogoogog'),
(781, '1f2e9b8c-6b92-46ad-92b4-446abefe670a', '2024-05-01 06:44:57', 'gogoogog'),
(782, '39eff637-4804-4c75-8bc8-74c56b985ade', '2024-05-01 06:45:03', 'gogoogog'),
(783, '39eff637-4804-4c75-8bc8-74c56b985ade', '2024-05-01 06:45:03', 'gogoogog'),
(784, '39eff637-4804-4c75-8bc8-74c56b985ade', '2024-05-01 06:45:03', 'gogoogog'),
(785, '39eff637-4804-4c75-8bc8-74c56b985ade', '2024-05-01 06:45:03', 'gogoogog'),
(786, '39eff637-4804-4c75-8bc8-74c56b985ade', '2024-05-01 06:45:03', 'gogoogog'),
(787, '39eff637-4804-4c75-8bc8-74c56b985ade', '2024-05-01 06:45:03', 'gogoogog'),
(788, '39eff637-4804-4c75-8bc8-74c56b985ade', '2024-05-01 06:45:03', 'gogoogog'),
(789, 'c2af1672-7d59-4b06-8905-1a9f471fcae6', '2024-05-01 06:45:09', 'gogoogog'),
(790, 'c2af1672-7d59-4b06-8905-1a9f471fcae6', '2024-05-01 06:45:09', 'gogoogog'),
(791, 'c2af1672-7d59-4b06-8905-1a9f471fcae6', '2024-05-01 06:45:09', 'gogoogog'),
(792, 'c2af1672-7d59-4b06-8905-1a9f471fcae6', '2024-05-01 06:45:09', 'gogoogog'),
(793, 'c2af1672-7d59-4b06-8905-1a9f471fcae6', '2024-05-01 06:45:09', 'gogoogog'),
(794, 'c2af1672-7d59-4b06-8905-1a9f471fcae6', '2024-05-01 06:45:09', 'gogoogog'),
(795, 'c2af1672-7d59-4b06-8905-1a9f471fcae6', '2024-05-01 06:45:09', 'gogoogog'),
(796, 'c2af1672-7d59-4b06-8905-1a9f471fcae6', '2024-05-01 06:45:09', 'gogoogog'),
(797, '840d648b-fc24-4021-a245-1a904c3c5848', '2024-05-01 06:45:10', 'gogoogog'),
(798, '840d648b-fc24-4021-a245-1a904c3c5848', '2024-05-01 06:45:10', 'gogoogog'),
(799, '840d648b-fc24-4021-a245-1a904c3c5848', '2024-05-01 06:45:10', 'gogoogog'),
(800, '840d648b-fc24-4021-a245-1a904c3c5848', '2024-05-01 06:45:10', 'gogoogog'),
(801, '840d648b-fc24-4021-a245-1a904c3c5848', '2024-05-01 06:45:10', 'gogoogog'),
(802, '840d648b-fc24-4021-a245-1a904c3c5848', '2024-05-01 06:45:10', 'gogoogog'),
(803, '840d648b-fc24-4021-a245-1a904c3c5848', '2024-05-01 06:45:10', 'gogoogog'),
(804, '840d648b-fc24-4021-a245-1a904c3c5848', '2024-05-01 06:45:10', 'gogoogog'),
(805, '840d648b-fc24-4021-a245-1a904c3c5848', '2024-05-01 06:45:10', 'gogoogog'),
(806, '840d648b-fc24-4021-a245-1a904c3c5848', '2024-05-01 06:45:10', 'gogoogog'),
(807, 'cedb4801-56eb-4757-ba13-133939b82e73', '2024-05-01 06:45:11', 'gogoogog'),
(808, 'cedb4801-56eb-4757-ba13-133939b82e73', '2024-05-01 06:45:11', 'gogoogog'),
(809, 'cedb4801-56eb-4757-ba13-133939b82e73', '2024-05-01 06:45:11', 'gogoogog'),
(810, 'cedb4801-56eb-4757-ba13-133939b82e73', '2024-05-01 06:45:11', 'gogoogog'),
(811, 'cedb4801-56eb-4757-ba13-133939b82e73', '2024-05-01 06:45:11', 'gogoogog'),
(812, 'cedb4801-56eb-4757-ba13-133939b82e73', '2024-05-01 06:45:11', 'gogoogog'),
(813, 'cedb4801-56eb-4757-ba13-133939b82e73', '2024-05-01 06:45:11', 'gogoogog'),
(814, 'cedb4801-56eb-4757-ba13-133939b82e73', '2024-05-01 06:45:11', 'gogoogog'),
(815, 'cedb4801-56eb-4757-ba13-133939b82e73', '2024-05-01 06:45:11', 'gogoogog'),
(816, 'cedb4801-56eb-4757-ba13-133939b82e73', '2024-05-01 06:45:11', 'gogoogog'),
(817, '6d868102-cefe-4729-aacc-39e913637181', '2024-05-01 06:45:16', 'gogoogog'),
(818, '6d868102-cefe-4729-aacc-39e913637181', '2024-05-01 06:45:16', 'gogoogog'),
(819, '6d868102-cefe-4729-aacc-39e913637181', '2024-05-01 06:45:16', 'gogoogog'),
(820, '6d868102-cefe-4729-aacc-39e913637181', '2024-05-01 06:45:16', 'gogoogog'),
(821, '6d868102-cefe-4729-aacc-39e913637181', '2024-05-01 06:45:16', 'gogoogog'),
(822, '6d868102-cefe-4729-aacc-39e913637181', '2024-05-01 06:45:16', 'gogoogog'),
(823, '6d868102-cefe-4729-aacc-39e913637181', '2024-05-01 06:45:16', 'gogoogog'),
(824, '6d868102-cefe-4729-aacc-39e913637181', '2024-05-01 06:45:16', 'gogoogog'),
(825, '6d868102-cefe-4729-aacc-39e913637181', '2024-05-01 06:45:16', 'gogoogog'),
(826, '6d868102-cefe-4729-aacc-39e913637181', '2024-05-01 06:45:16', 'gogoogog'),
(827, '6d868102-cefe-4729-aacc-39e913637181', '2024-05-01 06:45:16', 'gogoogog'),
(828, '23374af8-50c8-4e83-b95e-19318495e638', '2024-05-01 06:45:18', 'gogoogog'),
(829, '23374af8-50c8-4e83-b95e-19318495e638', '2024-05-01 06:45:18', 'gogoogog'),
(830, '23374af8-50c8-4e83-b95e-19318495e638', '2024-05-01 06:45:18', 'gogoogog'),
(831, '23374af8-50c8-4e83-b95e-19318495e638', '2024-05-01 06:45:18', 'gogoogog'),
(832, '23374af8-50c8-4e83-b95e-19318495e638', '2024-05-01 06:45:18', 'gogoogog'),
(833, '23374af8-50c8-4e83-b95e-19318495e638', '2024-05-01 06:45:18', 'gogoogog'),
(834, '23374af8-50c8-4e83-b95e-19318495e638', '2024-05-01 06:45:18', 'gogoogog'),
(835, '23374af8-50c8-4e83-b95e-19318495e638', '2024-05-01 06:45:18', 'gogoogog'),
(836, '23374af8-50c8-4e83-b95e-19318495e638', '2024-05-01 06:45:18', 'gogoogog'),
(837, '23374af8-50c8-4e83-b95e-19318495e638', '2024-05-01 06:45:18', 'gogoogog'),
(838, '23374af8-50c8-4e83-b95e-19318495e638', '2024-05-01 06:45:18', 'gogoogog'),
(839, '23374af8-50c8-4e83-b95e-19318495e638', '2024-05-01 06:45:18', 'gogoogog'),
(840, 'aa82ad54-f224-4335-b346-f985a602ae6f', '2024-05-01 06:45:24', 'gogoogog'),
(841, '87c27a52-b0b8-478f-be8e-255223aef759', '2024-05-01 06:49:33', 'gogoogog'),
(842, '18640065-7d11-447b-bb15-40e4cdae470c', '2024-05-01 06:52:16', 'gogoogog'),
(843, 'd3d1902f-e29c-4531-9bfd-54f880a9d600', '2024-05-01 06:53:03', 'gogoogog'),
(844, 'd3d1902f-e29c-4531-9bfd-54f880a9d600', '2024-05-01 06:53:03', 'gogoogog'),
(845, '77cd1c85-1246-486a-9470-d639d8c9a924', '2024-05-01 06:53:38', 'gogoogog'),
(846, '77cd1c85-1246-486a-9470-d639d8c9a924', '2024-05-01 06:53:38', 'gogoogog'),
(847, '77cd1c85-1246-486a-9470-d639d8c9a924', '2024-05-01 06:53:38', 'gogoogog'),
(848, '381fd9e6-edc2-401d-bcff-e04e3c80e468', '2024-05-01 06:53:46', 'gogoogog'),
(849, '8795d55c-993a-4e21-9648-65817c6b9421', '2024-05-01 07:03:58', 'gogoogog'),
(850, 'de891bc2-562a-48c3-ba88-8ff5eed6d8a4', '2024-05-01 07:04:54', 'gogoogog'),
(851, '2acfb6c7-8207-40a5-aac3-33270ea189a1', '2024-05-01 07:11:13', 'gogoogog'),
(852, '9eecb3e1-8aa3-45e1-8fe7-86f0864004d9', '2024-05-01 07:13:03', 'gogoogog'),
(853, '9eecb3e1-8aa3-45e1-8fe7-86f0864004d9', '2024-05-01 07:13:03', 'gogoogog'),
(854, 'eb712963-91de-49fc-bfc6-a22f09c132ba', '2024-05-01 07:13:05', 'gogoogog'),
(855, 'eb712963-91de-49fc-bfc6-a22f09c132ba', '2024-05-01 07:13:05', 'gogoogog'),
(856, 'eb712963-91de-49fc-bfc6-a22f09c132ba', '2024-05-01 07:13:05', 'gogoogog'),
(857, '544317ab-d9a7-4fad-b248-4b0ee1c09fb6', '2024-05-01 07:13:12', 'gogoogog'),
(858, '544317ab-d9a7-4fad-b248-4b0ee1c09fb6', '2024-05-01 07:13:12', 'gogoogog'),
(859, '544317ab-d9a7-4fad-b248-4b0ee1c09fb6', '2024-05-01 07:13:12', 'gogoogog'),
(860, '544317ab-d9a7-4fad-b248-4b0ee1c09fb6', '2024-05-01 07:13:12', 'gogoogog'),
(861, 'da3d4921-1923-45dd-80f2-6dfa17751aee', '2024-05-01 07:13:18', 'gogoogog'),
(862, 'da3d4921-1923-45dd-80f2-6dfa17751aee', '2024-05-01 07:13:18', 'gogoogog'),
(863, 'da3d4921-1923-45dd-80f2-6dfa17751aee', '2024-05-01 07:13:18', 'gogoogog'),
(864, 'da3d4921-1923-45dd-80f2-6dfa17751aee', '2024-05-01 07:13:18', 'gogoogog'),
(865, 'da3d4921-1923-45dd-80f2-6dfa17751aee', '2024-05-01 07:13:18', 'gogoogog'),
(866, '70338775-af58-4f07-8355-57132703a3c6', '2024-05-01 07:16:16', 'gogoogog'),
(867, '70338775-af58-4f07-8355-57132703a3c6', '2024-05-01 07:16:16', 'gogoogog'),
(868, '70338775-af58-4f07-8355-57132703a3c6', '2024-05-01 07:16:16', 'gogoogog'),
(869, '70338775-af58-4f07-8355-57132703a3c6', '2024-05-01 07:16:16', 'gogoogog'),
(870, '70338775-af58-4f07-8355-57132703a3c6', '2024-05-01 07:16:16', 'gogoogog'),
(871, '70338775-af58-4f07-8355-57132703a3c6', '2024-05-01 07:16:16', 'gogoogog'),
(872, '086172e6-7a2d-44d4-aacf-2d9c2d02b1bc', '2024-05-01 07:16:18', 'gogoogog'),
(873, '086172e6-7a2d-44d4-aacf-2d9c2d02b1bc', '2024-05-01 07:16:18', 'gogoogog'),
(874, '086172e6-7a2d-44d4-aacf-2d9c2d02b1bc', '2024-05-01 07:16:18', 'gogoogog'),
(875, '086172e6-7a2d-44d4-aacf-2d9c2d02b1bc', '2024-05-01 07:16:18', 'gogoogog'),
(876, '086172e6-7a2d-44d4-aacf-2d9c2d02b1bc', '2024-05-01 07:16:18', 'gogoogog'),
(877, '086172e6-7a2d-44d4-aacf-2d9c2d02b1bc', '2024-05-01 07:16:18', 'gogoogog'),
(878, '086172e6-7a2d-44d4-aacf-2d9c2d02b1bc', '2024-05-01 07:16:18', 'gogoogog'),
(879, 'dde11a6b-acb5-43d8-8fad-27a348d37c95', '2024-05-01 07:16:21', 'gogoogog'),
(880, '3fa4ab5c-dcb2-4e2b-83d7-41ffb6d18593', '2024-05-01 07:18:15', 'gogoogog'),
(881, '3fa4ab5c-dcb2-4e2b-83d7-41ffb6d18593', '2024-05-01 07:18:15', 'gogoogog'),
(882, 'f89b2f03-1090-4f87-8091-283b51d23cd9', '2024-05-01 07:22:27', 'gogoogog'),
(883, '27172ca2-e251-4301-b370-ba50299547de', '2024-05-01 07:26:44', 'gogoogog'),
(884, 'eff93b60-d081-4e5d-b6f8-6eb580672295', '2024-05-01 07:29:10', 'hellow'),
(885, '5124b70d-a5dc-48c4-ae2d-20c05b230533', '2024-05-01 07:29:49', 'gogoogog'),
(886, '5124b70d-a5dc-48c4-ae2d-20c05b230533', '2024-05-01 07:29:49', 'gogoogog'),
(887, '060f513a-8cb6-4150-9d11-02066c9582c4', '2024-05-01 07:31:32', 'gogoogog'),
(888, 'dfacce9a-5121-4204-b78b-0eb4586822e3', '2024-05-01 07:32:12', 'gogoogog'),
(889, 'fb83ff2f-5cea-4456-bc2e-1861f9c69aa2', '2024-05-01 14:15:01', 'gogoogog'),
(890, 'bd2277f2-61d5-4020-9a61-3a54b22c5cea', '2024-05-01 14:22:20', 'gogoogog'),
(891, '743f37a6-7ba8-4c0a-8ef6-fefe693ba920', '2024-05-01 14:23:07', '123456aa'),
(892, '85a7d795-0ee7-4fbb-8c10-5c4a7575f6a7', '2024-05-01 14:23:57', 'gogoogog'),
(893, 'f025a02d-4ff4-43d8-843b-30d39599127d', '2024-05-01 14:26:20', 'gogoogog'),
(894, '8fc512b8-6b47-4cb2-abc1-2232275673df', '2024-05-02 01:27:21', '123456aa'),
(895, 'b91c251d-af66-4083-8320-8d06cb7b9c9c', '2024-05-02 01:34:07', 'gogoogog'),
(896, '8a7c9519-e33b-4d3e-b736-f594e69be3de', '2024-05-02 01:34:29', '123456aa'),
(897, '1c76c61c-8591-4ee9-9b47-252f69254c35', '2024-05-02 01:35:08', '123456aa'),
(898, 'bbcb5a15-970c-48cf-b515-29d248accdf9', '2024-05-02 02:16:21', 'gogoogog'),
(899, '4676ea2b-56d1-4e21-9847-71841dc2572b', '2024-05-02 02:39:13', '123456aa'),
(900, '04bb42a9-fcb9-4375-89de-88fc69cfbf2a', '2024-05-02 02:41:19', '123456aa'),
(901, 'd19e62c6-4aa7-460d-999d-66c44ad54f8a', '2024-05-02 02:42:14', '123456aa'),
(902, 'ce6abb70-79ca-4e4e-90de-7c55019c5ad1', '2024-05-02 02:42:41', '123456aa'),
(903, '96bd3b4b-4b9a-4214-bc2e-0cb710dbfeef', '2024-05-02 02:42:54', '123456aa'),
(904, 'd0e5673c-759a-46be-9e35-3fe6535cd610', '2024-05-02 03:10:42', 'gogoogog'),
(905, '0f9e2da4-015a-436f-b469-0cfb008e8e82', '2024-05-02 03:12:55', 'gogoogog'),
(906, '0f9e2da4-015a-436f-b469-0cfb008e8e82', '2024-05-02 03:12:55', 'gogoogog'),
(907, 'dac000d0-9df3-4ffd-9901-e62ec104f69d', '2024-05-02 03:13:16', 'gogoogog'),
(908, '07adb89e-2868-4823-8cdf-4d7155b94ac1', '2024-05-02 03:14:12', 'gogoogog'),
(909, '589b5389-5cfd-42c6-b973-011c2b68f089', '2024-05-02 03:15:12', 'gogoogog'),
(910, '589b5389-5cfd-42c6-b973-011c2b68f089', '2024-05-02 03:15:12', 'gogoogog'),
(911, 'b3ac7dbd-43b7-47d8-a799-7856ffdef5ef', '2024-05-02 03:15:36', 'gogoogog'),
(912, '0c8f17d7-1476-4666-9d6c-3354d3944abe', '2024-05-02 03:17:25', 'gogoogog'),
(913, '4c3582bd-5e09-435a-a26e-42c4acc8323c', '2024-05-02 03:17:58', 'gogoogog'),
(914, '4c3582bd-5e09-435a-a26e-42c4acc8323c', '2024-05-02 03:17:58', 'gogoogog'),
(915, '3edcaf7d-e89f-4a35-8243-c2788c14ce63', '2024-05-02 03:18:06', 'gogoogog'),
(916, '4e856e24-2de1-48ba-b247-210bdef14bc6', '2024-05-02 03:20:44', 'gogoogog'),
(917, '34cdbf5d-4f3f-4ece-b24d-cc49eed40a9f', '2024-05-02 03:29:01', 'gogoogog'),
(918, '7145681c-ed9c-4999-a1e5-63fee3208c8a', '2024-05-02 03:31:16', 'gogoogog'),
(919, 'eaa7f4e7-047d-41b0-99b9-44c3c8644f69', '2024-05-02 03:33:26', '123456aa'),
(920, 'aca6a01f-24fd-4a70-84c7-f5fdcaff8472', '2024-05-02 03:33:49', '123456aa'),
(921, '8f95e77d-5715-4ffb-becf-1d0990d50e9f', '2024-05-02 03:35:33', '123456aa'),
(922, 'e8d0abb4-6c3c-47fe-a8a8-1cb88df25a38', '2024-05-02 03:36:40', '123456aa'),
(923, '5724625f-0626-48f6-b667-e14bfa68fdac', '2024-05-02 03:38:42', '123456aa'),
(924, '889dacf1-7530-4b5f-8c24-1d45ea6a63e0', '2024-05-02 03:39:53', '123456aa'),
(925, '92785591-041b-4afe-aa73-f113cc3a6697', '2024-05-02 03:42:24', '123456aa'),
(926, 'a77103f3-4cfa-4383-b690-470c728a5021', '2024-05-02 03:43:32', '123456aa'),
(927, '55eb2dee-40ef-4162-8fbf-e533fc645b6a', '2024-05-02 03:46:23', '123456aa'),
(928, 'bb8f2828-a1d5-4160-8f5d-e86482be4e6a', '2024-05-02 03:47:19', '123456aa'),
(929, 'a8c547c5-f579-46ff-b7b1-d9a299268b5d', '2024-05-02 03:48:59', '123456aa'),
(930, '7829374a-d596-4406-88ac-ce3666760f18', '2024-05-02 03:49:23', '123456aa'),
(931, '0a481172-b0cb-4e38-bae8-2849c64a6d24', '2024-05-02 03:49:44', '123456aa'),
(932, '94a057f7-5f8e-4932-b710-c8d40d190385', '2024-05-02 03:50:35', '123456aa'),
(933, '74bc83fd-f1e9-41ae-8e82-960a914667ac', '2024-05-02 03:53:48', '123456aa'),
(934, '74bc83fd-f1e9-41ae-8e82-960a914667ac', '2024-05-02 03:53:48', '123456aa'),
(935, '74bc83fd-f1e9-41ae-8e82-960a914667ac', '2024-05-02 03:53:48', '123456aa'),
(936, 'd22fde79-3f8f-4c72-8e1a-db10f1d3e895', '2024-05-02 03:53:49', '123456aa'),
(937, 'd22fde79-3f8f-4c72-8e1a-db10f1d3e895', '2024-05-02 03:53:49', '123456aa'),
(938, 'd22fde79-3f8f-4c72-8e1a-db10f1d3e895', '2024-05-02 03:53:49', '123456aa'),
(939, '803470d4-dd38-4119-b9fd-fc902109371c', '2024-05-02 03:54:12', '123456aa'),
(940, 'bd0639b3-86ca-4b94-aa8f-d76b740e3ebe', '2024-05-02 03:54:25', '123456aa'),
(941, '7285c98c-7f89-4fd2-b02b-3ff41fec5193', '2024-05-02 03:55:24', '123456aa'),
(942, '4ed8e2cd-47d7-4a0a-8705-fa679add1654', '2024-05-02 03:56:49', ''),
(943, '4ed8e2cd-47d7-4a0a-8705-fa679add1654', '2024-05-02 03:56:49', '123456aa'),
(944, '4ed8e2cd-47d7-4a0a-8705-fa679add1654', '2024-05-02 03:56:49', ''),
(945, 'c197b2bb-d926-489a-b86e-5f7090a02d01', '2024-05-02 03:56:56', '123456aa'),
(946, '4cc3a8d7-e603-4145-b3d3-73235a0f4922', '2024-05-02 03:57:06', '123456aa'),
(947, 'd8512e4a-c6f7-49c4-b040-5028fd7a1c7e', '2024-05-02 03:57:59', '123456aa'),
(948, 'd8512e4a-c6f7-49c4-b040-5028fd7a1c7e', '2024-05-02 03:57:59', '123456aa'),
(949, 'd8512e4a-c6f7-49c4-b040-5028fd7a1c7e', '2024-05-02 03:57:59', '123456aa'),
(950, '035fc700-142e-4d62-89e9-d569cfb8e9f3', '2024-05-02 03:58:00', '123456aa'),
(951, '035fc700-142e-4d62-89e9-d569cfb8e9f3', '2024-05-02 03:58:00', '123456aa'),
(952, '035fc700-142e-4d62-89e9-d569cfb8e9f3', '2024-05-02 03:58:00', '123456aa'),
(953, '11984461-4f1a-4555-b3f1-eb31d3061091', '2024-05-02 03:59:08', '123456aa'),
(954, '11984461-4f1a-4555-b3f1-eb31d3061091', '2024-05-02 03:59:08', '123456aa'),
(955, '11984461-4f1a-4555-b3f1-eb31d3061091', '2024-05-02 03:59:08', ''),
(956, '11984461-4f1a-4555-b3f1-eb31d3061091', '2024-05-02 03:59:08', '123456aa'),
(957, '11984461-4f1a-4555-b3f1-eb31d3061091', '2024-05-02 03:59:08', '123456aa'),
(958, 'd06dac32-1d71-4dca-97c1-11ed62c61575', '2024-05-02 03:59:09', '123456aa'),
(959, 'd06dac32-1d71-4dca-97c1-11ed62c61575', '2024-05-02 03:59:09', '123456aa'),
(960, 'd06dac32-1d71-4dca-97c1-11ed62c61575', '2024-05-02 03:59:09', '123456aa'),
(961, 'd06dac32-1d71-4dca-97c1-11ed62c61575', '2024-05-02 03:59:09', ''),
(962, 'd06dac32-1d71-4dca-97c1-11ed62c61575', '2024-05-02 03:59:09', '123456aa'),
(963, '98d624e1-b52d-4983-be4b-88ae9f0ce378', '2024-05-02 03:59:19', '123456aa'),
(964, 'b35498d7-de76-409c-853b-c6c5d5eb741c', '2024-05-02 03:59:31', '123456aa'),
(965, 'b35498d7-de76-409c-853b-c6c5d5eb741c', '2024-05-02 03:59:31', '123456aa'),
(966, '12613685-1004-4d19-875e-1e4d876575af', '2024-05-02 04:00:34', '123456aa'),
(967, '12613685-1004-4d19-875e-1e4d876575af', '2024-05-02 04:00:34', '123456aa'),
(968, '12613685-1004-4d19-875e-1e4d876575af', '2024-05-02 04:00:34', '123456aa'),
(969, '6e4728af-ad20-44f0-9193-54a0127ac731', '2024-05-02 04:00:59', '123456aa'),
(970, 'ffad46f5-ca40-4115-a3e4-3d2760d3d6bd', '2024-05-02 04:01:30', '123456aa'),
(971, '3467589d-cf0c-49a4-9e9c-f49107a1e992', '2024-05-02 04:03:15', ''),
(972, '3467589d-cf0c-49a4-9e9c-f49107a1e992', '2024-05-02 04:03:15', '123456aa'),
(973, 'f398461d-69d7-4863-ac3e-9a32da111a8d', '2024-05-02 05:46:42', '123456aa'),
(974, '2a149ad0-ab71-4634-acf4-f2b90f2e8930', '2024-05-02 05:53:46', 'gogoogog'),
(975, '89d82948-c412-446c-9887-a54e2e04eed8', '2024-05-02 05:54:39', 'gogoogog'),
(976, '27d6a2f5-3c71-4a1d-9d0e-6fe778b30a9f', '2024-05-02 05:55:03', 'gogoogog'),
(977, '17e6d477-f828-4600-8615-338a3f0c4159', '2024-05-02 06:04:32', 'gogoogog'),
(978, '82f53b5d-4f93-417a-ae66-ed46ad5ad842', '2024-05-02 06:14:27', 'gogoogog'),
(979, 'd0787569-e00a-434f-9363-b4f1141260f9', '2024-05-02 06:17:35', 'gogoogog'),
(980, 'ce6b10ad-85bc-4218-a17a-91e27640122b', '2024-05-02 06:18:52', 'gogoogog'),
(981, '0dfa6551-f77f-4ee8-856b-9371d96ed864', '2024-05-06 04:02:01', 'Ash'),
(982, 'c48b0e25-1eff-45d8-9510-3549d3c83fd1', '2024-05-06 06:02:17', 'Ash'),
(983, '5e900ff5-cfac-44f7-97d3-698c9f778043', '2024-05-06 06:56:55', 'Ash');

-- --------------------------------------------------------

--
-- 資料表結構 `tyler_streamer_get_point`
--

CREATE TABLE `tyler_streamer_get_point` (
  `id` int(11) NOT NULL,
  `streamer_name` varchar(255) NOT NULL,
  `gift` varchar(255) NOT NULL,
  `get_point` int(11) NOT NULL,
  `time` timestamp NOT NULL DEFAULT '0000-00-00 00:00:00' ON UPDATE current_timestamp()
) ENGINE=InnoDB DEFAULT CHARSET=utf8mb4 COLLATE=utf8mb4_general_ci;

--
-- 傾印資料表的資料 `tyler_streamer_get_point`
--

INSERT INTO `tyler_streamer_get_point` (`id`, `streamer_name`, `gift`, `get_point`, `time`) VALUES
(1, 'Noah', '鬼魂', 500, '2024-04-26 06:03:07'),
(2, 'Noah', '繩索', 100, '2024-04-26 06:03:11'),
(3, 'Noah', '開鎖', 600, '2024-04-26 06:03:17'),
(4, 'Noah', '寶藏', 1000, '2024-04-26 06:11:08'),
(5, 'Noah', '寶藏', 1000, '2024-04-26 06:11:13'),
(6, 'Noah', '寶藏', 1000, '2024-04-26 06:11:18'),
(7, 'Noah', '寶藏', 1000, '2024-04-26 06:11:29'),
(8, 'Noah', '寶藏', 1000, '2024-04-26 06:11:36'),
(9, 'Noah', '開鎖', 600, '2024-04-26 06:12:05'),
(10, 'Noah', '石塊', 1, '2024-04-26 06:13:06'),
(11, 'Noah', '石塊', 1, '2024-04-26 06:19:45'),
(12, 'Noah', '石塊', 1, '2024-04-26 06:26:27'),
(13, 'Noah', '石塊', 1, '2024-04-26 06:26:36'),
(14, 'Noah', '石塊', 1, '2024-04-26 06:27:06'),
(15, 'Noah', '石塊', 1, '2024-04-26 06:28:06'),
(16, 'Noah', '石塊', 1, '2024-04-26 06:28:14'),
(17, 'Noah', '石塊', 1, '2024-04-26 06:28:23'),
(18, 'Noah', '石塊', 1, '2024-04-26 06:28:31'),
(19, 'Noah', '石塊', 1, '2024-04-26 06:28:38'),
(20, 'Noah', '石塊', 1, '2024-04-26 06:28:44'),
(21, 'Noah', '石塊', 1, '2024-04-26 06:48:50'),
(22, 'Noah', '石塊', 1, '2024-04-26 06:48:57'),
(23, 'Noah', '石塊', 1, '2024-04-26 06:49:09'),
(24, 'Noah', '石塊', 1, '2024-04-26 06:49:18'),
(25, 'Noah', '石塊', 1, '2024-04-26 06:49:24'),
(26, 'Noah', '石塊', 1, '2024-04-26 06:49:27'),
(27, 'Noah', '石塊', 1, '2024-04-26 06:49:55'),
(28, 'Noah', '石塊', 1, '2024-04-26 06:50:00'),
(29, 'Noah', '石塊', 1, '2024-04-26 06:50:10'),
(30, 'Noah', '石塊', 1, '2024-04-26 06:50:16'),
(31, 'Noah', '石塊', 1, '2024-04-26 08:52:22'),
(32, 'Noah', '石塊', 1, '2024-04-26 08:52:28'),
(33, 'Noah', '石塊', 1, '2024-04-26 08:54:06'),
(34, 'Noah', '石塊', 1, '2024-04-26 08:55:31'),
(35, 'Noah', '石塊', 1, '2024-04-28 05:25:25'),
(36, 'Noah', '石塊', 1, '2024-04-28 05:26:01'),
(37, 'Noah', '寶藏', 1000, '2024-04-28 05:29:37'),
(38, 'Noah', '石塊', 1, '2024-04-28 05:29:44'),
(39, 'Noah', '開鎖', 600, '2024-04-28 05:31:21'),
(40, 'Noah', '鑿子', 100, '2024-04-28 09:26:58'),
(41, 'Noah', '繩索', 100, '2024-04-28 09:27:04'),
(42, 'Noah', '石塊', 1, '2024-04-28 09:27:09'),
(43, 'Noah', '燈光', 200, '2024-04-28 09:30:24'),
(44, 'Noah', '繩索', 100, '2024-04-28 09:30:31'),
(45, 'Noah', '開鎖', 600, '2024-04-28 09:30:38'),
(46, 'Noah', '便當', 300, '2024-04-28 09:30:53'),
(47, 'Noah', '繩索', 100, '2024-04-28 09:31:00'),
(48, 'Noah', '寶藏', 1000, '2024-04-28 15:32:42'),
(49, 'Noah', '燈光', 200, '2024-04-28 15:32:50'),
(50, 'Noah', '開鎖', 600, '2024-04-28 15:38:11'),
(51, 'Noah', '寶藏', 1000, '2024-04-28 15:38:20'),
(52, '123456ty', '石塊', 1, '2024-04-30 08:16:09'),
(53, '123456ty', '開鎖', 600, '2024-04-30 08:16:16'),
(54, '123456ty', '水瓶', 300, '2024-04-30 08:16:21'),
(55, '123456aa', '開鎖', 600, '2024-04-30 08:51:26'),
(56, '123456aa', '石塊', 1, '2024-05-01 02:55:28'),
(57, '123456aa', '石塊', 1, '2024-05-01 02:57:24'),
(58, '123456aa', '寶藏', 1000, '2024-05-01 02:59:25'),
(59, '123456aa', '石塊', 1, '2024-05-01 03:03:34'),
(60, '123456aa', '石塊', 1, '2024-05-01 03:06:42'),
(61, '123456aa', '石塊', 1, '2024-05-01 03:07:18'),
(62, '123456aa', '石塊', 1, '2024-05-01 03:10:49'),
(63, '123456aa', '便當', 300, '2024-05-01 03:19:20'),
(64, '123456aa', '石塊', 1, '2024-05-01 03:21:03'),
(65, '123456aa', '石塊', 1, '2024-05-01 03:22:28'),
(66, '123456aa', '石塊', 1, '2024-05-01 03:32:13'),
(67, '', '石塊', 1, '2024-05-01 03:34:38'),
(68, '', '石塊', 1, '2024-05-01 03:39:38'),
(69, '', '石塊', 1, '2024-05-01 03:40:27'),
(70, '', '石塊', 1, '2024-05-01 03:41:09'),
(71, '', '石塊', 1, '2024-05-01 03:41:32'),
(72, '', '石塊', 1, '2024-05-01 03:42:06'),
(73, '', '石塊', 1, '2024-05-01 03:42:12'),
(74, '', '石塊', 1, '2024-05-01 03:42:27'),
(75, '', '石塊', 1, '2024-05-01 03:46:23'),
(76, '', '石塊', 1, '2024-05-01 03:52:27'),
(77, '', '石塊', 1, '2024-05-01 03:56:28'),
(78, '', '石塊', 1, '2024-05-01 04:01:33'),
(79, '', '石塊', 1, '2024-05-01 06:07:42'),
(80, '', '石塊', 1, '2024-05-01 06:12:05'),
(81, '', '石塊', 1, '2024-05-01 06:12:51'),
(82, '', '石塊', 1, '2024-05-01 06:15:10'),
(83, '', '石塊', 1, '2024-05-01 06:23:06'),
(84, '', '繩索', 100, '2024-05-01 06:31:58'),
(85, '', '石塊', 1, '2024-05-01 06:34:57'),
(86, 'gogoogog', '石塊', 1, '2024-05-01 06:36:25'),
(87, 'gogoogog', '開鎖', 600, '2024-05-01 06:36:30'),
(88, 'gogoogog', '開鎖', 600, '2024-05-01 06:39:15'),
(89, 'tylerchen', '石塊', 1, '2024-05-01 06:39:51'),
(90, 'tylerchen', '石塊', 1, '2024-05-01 06:42:57'),
(91, 'gogoogog', '繩索', 100, '2024-05-01 06:43:03'),
(92, 'gogoogog', '石塊', 1, '2024-05-01 06:44:14'),
(93, 'gogoogog', '鬼魂', 500, '2024-05-01 06:45:38'),
(94, 'gogoogog', '寶藏', 1000, '2024-05-01 06:45:42'),
(95, 'gogoogog', '開鎖', 600, '2024-05-01 06:49:51'),
(96, 'gogoogog', '石塊', 1, '2024-05-01 06:49:56'),
(97, 'gogoogog', '寶藏', 1000, '2024-05-01 06:50:01'),
(98, 'gogoogog', '石塊', 1, '2024-05-01 06:52:08'),
(99, 'gogoogog', '開鎖', 600, '2024-05-01 06:52:28'),
(100, 'gogoogog', '開鎖', 600, '2024-05-01 06:52:38'),
(101, 'gogoogog', '開鎖', 600, '2024-05-01 06:53:48'),
(102, 'gogoogog', '開鎖', 600, '2024-05-01 06:54:02'),
(103, 'gogoogog', '繩索', 100, '2024-05-01 06:54:05'),
(104, 'gogoogog', '繩索', 100, '2024-05-01 06:54:09'),
(105, 'gogoogog', '石塊', 1, '2024-05-01 06:54:12'),
(106, 'gogoogog', '繩索', 100, '2024-05-01 07:04:18'),
(107, 'gogoogog', '繩索', 100, '2024-05-01 07:04:20'),
(108, 'gogoogog', '繩索', 100, '2024-05-01 07:04:20'),
(109, 'gogoogog', '繩索', 100, '2024-05-01 07:04:20'),
(110, 'gogoogog', '繩索', 100, '2024-05-01 07:04:20'),
(111, 'gogoogog', '開鎖', 600, '2024-05-01 07:04:21'),
(112, 'gogoogog', '石塊', 1, '2024-05-01 07:04:30'),
(113, 'gogoogog', '開鎖', 600, '2024-05-01 07:04:32'),
(114, 'gogoogog', '開鎖', 600, '2024-05-01 07:04:32'),
(115, 'gogoogog', '開鎖', 600, '2024-05-01 07:04:32'),
(116, 'gogoogog', '開鎖', 600, '2024-05-01 07:04:32'),
(117, 'gogoogog', '開鎖', 600, '2024-05-01 07:04:46'),
(118, 'gogoogog', '繩索', 100, '2024-05-01 07:04:48'),
(119, 'gogoogog', '繩索', 100, '2024-05-01 07:04:48'),
(120, 'gogoogog', '繩索', 100, '2024-05-01 07:04:48'),
(121, 'gogoogog', '繩索', 100, '2024-05-01 07:04:48'),
(122, 'gogoogog', '繩索', 100, '2024-05-01 07:04:49'),
(123, 'gogoogog', '繩索', 100, '2024-05-01 07:04:49'),
(124, 'gogoogog', '繩索', 100, '2024-05-01 07:04:49'),
(125, 'gogoogog', '石塊', 1, '2024-05-01 07:05:03'),
(126, 'gogoogog', '繩索', 100, '2024-05-01 07:05:05'),
(127, 'gogoogog', '繩索', 100, '2024-05-01 07:05:05'),
(128, 'gogoogog', '繩索', 100, '2024-05-01 07:05:06'),
(129, 'gogoogog', '繩索', 100, '2024-05-01 07:05:06'),
(130, 'gogoogog', '繩索', 100, '2024-05-01 07:05:08'),
(131, 'gogoogog', '繩索', 100, '2024-05-01 07:05:09'),
(132, 'gogoogog', '石塊', 1, '2024-05-01 07:05:10'),
(133, 'gogoogog', '石塊', 1, '2024-05-01 07:05:10'),
(134, 'gogoogog', '石塊', 1, '2024-05-01 07:05:11'),
(135, 'gogoogog', '開鎖', 600, '2024-05-01 07:11:23'),
(136, 'gogoogog', '繩索', 100, '2024-05-01 07:11:25'),
(137, 'gogoogog', '繩索', 100, '2024-05-01 07:11:26'),
(138, 'gogoogog', '繩索', 100, '2024-05-01 07:11:26'),
(139, 'gogoogog', '開鎖', 600, '2024-05-01 07:14:59'),
(140, 'gogoogog', '石塊', 1, '2024-05-01 07:15:00'),
(141, 'gogoogog', '石塊', 1, '2024-05-01 07:15:00'),
(142, 'gogoogog', '石塊', 1, '2024-05-01 07:15:01'),
(143, 'gogoogog', '石塊', 1, '2024-05-01 07:15:01'),
(144, 'gogoogog', '石塊', 1, '2024-05-01 07:15:01'),
(145, 'gogoogog', '石塊', 1, '2024-05-01 07:15:01'),
(146, 'gogoogog', '石塊', 1, '2024-05-01 07:15:01'),
(147, 'gogoogog', '石塊', 1, '2024-05-01 07:15:02'),
(148, 'gogoogog', '石塊', 1, '2024-05-01 07:15:02'),
(149, 'gogoogog', '石塊', 1, '2024-05-01 07:16:26'),
(150, 'gogoogog', '繩索', 100, '2024-05-01 07:16:29'),
(151, 'gogoogog', '繩索', 100, '2024-05-01 07:16:30'),
(152, 'gogoogog', '繩索', 100, '2024-05-01 07:16:30'),
(153, 'gogoogog', '石塊', 1, '2024-05-01 07:17:01'),
(154, 'gogoogog', '開鎖', 600, '2024-05-01 07:17:05'),
(155, 'gogoogog', '開鎖', 600, '2024-05-01 07:17:06'),
(156, 'gogoogog', '開鎖', 600, '2024-05-01 07:17:08'),
(157, 'gogoogog', '開鎖', 600, '2024-05-01 07:28:03'),
(158, 'gogoogog', '石塊', 1, '2024-05-01 07:31:14'),
(159, 'gogoogog', '鬼魂', 500, '2024-05-01 07:32:15'),
(160, 'gogoogog', '開鎖', 600, '2024-05-01 07:32:17'),
(161, 'gogoogog', '開鎖', 600, '2024-05-01 14:15:27'),
(162, 'gogoogog', '開鎖', 600, '2024-05-01 14:15:33'),
(163, 'gogoogog', '便當', 300, '2024-05-01 14:15:38'),
(164, 'gogoogog', '繩索', 100, '2024-05-01 14:18:07'),
(165, 'gogoogog', '開鎖', 600, '2024-05-01 14:18:14'),
(166, 'gogoogog', '開鎖', 600, '2024-05-01 14:18:20'),
(167, 'gogoogog', '開鎖', 600, '2024-05-01 14:18:28'),
(168, 'gogoogog', '石塊', 1, '2024-05-01 14:27:07'),
(169, 'gogoogog', '繩索', 100, '2024-05-01 14:27:09'),
(170, 'gogoogog', '繩索', 100, '2024-05-01 14:27:17'),
(171, 'gogoogog', '石塊', 1, '2024-05-01 14:27:21'),
(172, 'gogoogog', '石塊', 1, '2024-05-01 14:27:25'),
(173, 'gogoogog', '開鎖', 600, '2024-05-01 14:27:31'),
(174, '123456aa', '石塊', 1, '2024-05-02 02:39:27'),
(175, '123456aa', '石塊', 1, '2024-05-02 02:39:34'),
(177, 'Ash', '基礎介紹', 1000, '2024-05-08 02:30:28'),
(178, 'Ash', '繩索', 100, '2024-05-06 04:02:09'),
(179, 'Ash', '寶藏', 1000, '2024-05-06 06:04:07'),
(180, 'Ash', '寶藏', 1000, '2024-05-06 06:04:15'),
(181, 'Ash', '便當', 300, '2024-05-06 06:04:20'),
(182, 'Ash', '石塊', 1, '2024-05-06 06:04:25'),
(183, 'Ash', '寶藏', 1000, '2024-05-06 06:04:38'),
(184, 'Ash', '寶藏', 1000, '2024-05-06 06:58:36'),
(185, 'Ash', '繩索', 100, '2024-05-06 06:58:40'),
(186, 'Ash', '鬼魂', 500, '2024-05-06 06:58:45'),
(187, 'Ash', '繩索', 100, '2024-05-06 07:01:40');

-- --------------------------------------------------------

--
-- 資料表結構 `tyler_use_point`
--

CREATE TABLE `tyler_use_point` (
  `sid` int(255) NOT NULL,
  `user_id` int(11) NOT NULL,
  `point_use` int(11) NOT NULL,
  `gift` varchar(255) NOT NULL COMMENT 'FK',
  `time_use_point` timestamp NOT NULL DEFAULT current_timestamp() ON UPDATE current_timestamp()
) ENGINE=InnoDB DEFAULT CHARSET=utf8mb4 COLLATE=utf8mb4_general_ci;

--
-- 傾印資料表的資料 `tyler_use_point`
--

INSERT INTO `tyler_use_point` (`sid`, `user_id`, `point_use`, `gift`, `time_use_point`) VALUES
(1, 1, 10, '1', '2024-01-22 23:13:54'),
(2, 1, 10, '1', '2024-01-24 08:00:00'),
(3, 2, 20, '2', '2024-01-25 08:00:00'),
(4, 3, 15, '3', '2024-01-31 08:00:00'),
(5, 4, 25, '4', '2024-02-04 08:00:00'),
(6, 5, 18, '5', '2024-02-09 08:00:00'),
(7, 6, 22, '6', '2024-02-14 08:00:00'),
(8, 7, 12, '7', '2024-02-19 08:00:00'),
(9, 8, 28, '8', '2024-02-24 08:00:00'),
(10, 9, 14, '9', '2024-02-29 08:00:00'),
(11, 10, 30, '10', '2024-03-04 08:00:00'),
(12, 11, 23, '11', '2024-03-09 08:00:00'),
(13, 12, 17, '12', '2024-03-14 08:00:00'),
(14, 13, 31, '13', '2024-03-19 08:00:00'),
(15, 14, 19, '14', '2024-03-24 08:00:00'),
(16, 15, 27, '15', '2024-03-29 08:00:00'),
(17, 16, 13, '16', '2024-04-03 08:00:00'),
(18, 17, 29, '17', '2024-04-08 08:00:00'),
(19, 18, 16, '18', '2024-04-13 08:00:00'),
(20, 19, 24, '19', '2024-04-18 08:00:00'),
(21, 20, 32, '20', '2024-04-23 08:00:00'),
(22, 21, 25, '21', '2024-04-28 08:00:00'),
(23, 22, 21, '22', '2024-05-03 08:00:00'),
(24, 23, 26, '23', '2024-05-08 08:00:00'),
(25, 24, 28, '24', '2024-05-13 08:00:00'),
(26, 25, 30, '25', '2024-05-18 08:00:00'),
(27, 26, 15, '26', '2024-05-23 08:00:00'),
(28, 27, 18, '27', '2024-05-28 08:00:00'),
(29, 28, 22, '28', '2024-06-02 08:00:00'),
(30, 29, 19, '29', '2024-06-07 08:00:00'),
(31, 30, 14, '30', '2024-06-12 08:00:00'),
(32, 31, 23, '31', '2024-06-17 08:00:00'),
(33, 32, 17, '32', '2024-06-22 08:00:00'),
(34, 33, 31, '33', '2024-06-27 08:00:00'),
(35, 34, 19, '34', '2024-07-02 08:00:00'),
(36, 35, 27, '35', '2024-07-07 08:00:00'),
(37, 36, 13, '36', '2024-07-12 08:00:00'),
(38, 37, 29, '37', '2024-07-17 08:00:00'),
(39, 38, 16, '38', '2024-07-22 08:00:00'),
(40, 39, 24, '39', '2024-07-27 08:00:00'),
(41, 40, 32, '40', '2024-08-01 08:00:00'),
(42, 41, 23, '41', '2024-08-06 08:00:00'),
(43, 42, 17, '42', '2024-08-11 08:00:00'),
(44, 43, 31, '43', '2024-08-16 08:00:00'),
(45, 44, 19, '44', '2024-08-21 08:00:00'),
(46, 45, 27, '45', '2024-08-26 08:00:00'),
(47, 46, 13, '46', '2024-08-31 08:00:00'),
(48, 47, 29, '47', '2024-09-05 08:00:00'),
(49, 48, 16, '48', '2024-09-10 08:00:00'),
(50, 49, 24, '49', '2024-09-15 08:00:00'),
(51, 50, 32, '50', '2024-09-20 08:00:00'),
(52, 1, 400, '4', '2024-04-16 09:00:12'),
(53, 1, 300, '3', '2024-04-16 09:00:38'),
(54, 1, 100, '1', '2024-04-16 09:00:42'),
(55, 1, 100, '1', '2024-04-16 14:44:06'),
(56, 1, 200, '2', '2024-04-17 01:44:42'),
(57, 1, 300, '3', '2024-04-17 07:49:44'),
(58, 1, 100, '1', '2024-04-22 07:54:00'),
(59, 1, 200, '2', '2024-04-24 07:15:42'),
(60, 1, 100, '繩索', '2024-04-24 14:02:42'),
(61, 1, 500, '鬼魂', '2024-04-24 14:03:25'),
(62, 1, 600, '開鎖', '2024-04-24 14:03:29'),
(63, 1, 600, '開鎖', '2024-04-24 14:13:32'),
(64, 1, 1000, '寶藏', '2024-04-24 14:13:38'),
(65, 1, 500, '鬼魂', '2024-04-24 14:19:01'),
(66, 1, 500, '鬼魂', '2024-04-24 14:19:04'),
(67, 1, 100, '繩索', '2024-04-24 14:25:18'),
(68, 1, 600, '開鎖', '2024-04-24 14:25:21'),
(69, 1, 100, '繩索', '2024-04-24 14:25:23'),
(70, 1, 600, '開鎖', '2024-04-24 14:25:29'),
(71, 1, 600, '開鎖', '2024-04-24 14:25:42'),
(72, 1, 200, '燈光', '2024-04-24 14:25:45'),
(73, 1, 1000, '寶藏', '2024-04-24 14:25:48'),
(74, 1, 300, '便當', '2024-04-24 14:25:51'),
(75, 1, 300, '水瓶', '2024-04-24 14:25:53'),
(76, 1, 600, '開鎖', '2024-04-24 14:27:25'),
(77, 1, 100, '繩索', '2024-04-24 14:27:43'),
(78, 1, 100, '繩索', '2024-04-24 14:27:59'),
(79, 1, 1, '石塊', '2024-04-24 14:28:01'),
(80, 1, 100, '繩索', '2024-04-24 14:29:29'),
(81, 1, 100, '繩索', '2024-04-24 14:43:14'),
(82, 1, 100, '繩索', '2024-04-24 14:51:17'),
(83, 1, 100, '繩索', '2024-04-24 14:51:52'),
(84, 1, 100, '繩索', '2024-04-24 14:54:15'),
(85, 1, 600, '開鎖', '2024-04-24 14:54:17'),
(86, 1, 100, '繩索', '2024-04-24 14:54:37'),
(87, 1, 500, '鬼魂', '2024-04-24 14:57:05'),
(88, 1, 100, '繩索', '2024-04-24 14:59:52'),
(89, 1, 600, '開鎖', '2024-04-24 14:59:55'),
(90, 1, 1000, '寶藏', '2024-04-24 15:00:02'),
(91, 1, 200, '燈光', '2024-04-24 15:00:04'),
(92, 1, 600, '開鎖', '2024-04-24 15:00:20'),
(93, 1, 500, '鬼魂', '2024-04-24 15:00:57'),
(94, 1, 200, '燈光', '2024-04-24 15:00:58'),
(95, 1, 600, '開鎖', '2024-04-24 15:01:04'),
(96, 1, 100, '繩索', '2024-04-24 15:01:37'),
(97, 1, 600, '開鎖', '2024-04-24 15:01:39'),
(98, 1, 1, '石塊', '2024-04-24 15:01:40'),
(99, 1, 200, '燈光', '2024-04-24 15:02:02'),
(100, 1, 1, '石塊', '2024-04-24 15:02:10'),
(101, 1, 1000, '寶藏', '2024-04-24 15:02:13'),
(102, 1, 300, '水瓶', '2024-04-24 15:02:16'),
(103, 1, 600, '開鎖', '2024-04-24 15:03:04'),
(104, 1, 1, '石塊', '2024-04-24 15:03:06'),
(105, 1, 500, '鬼魂', '2024-04-24 15:04:47'),
(106, 1, 500, '鬼魂', '2024-04-24 15:04:49'),
(107, 1, 500, '鬼魂', '2024-04-24 15:08:56'),
(108, 1, 300, '便當', '2024-04-25 01:18:03'),
(109, 1, 600, '開鎖', '2024-04-25 01:46:58'),
(110, 1, 500, '鬼魂', '2024-04-25 01:47:01'),
(111, 1, 600, '開鎖', '2024-04-25 01:49:14'),
(112, 1, 300, '便當', '2024-04-25 01:49:32'),
(113, 1, 600, '開鎖', '2024-04-25 01:49:38'),
(114, 1, 100, '繩索', '2024-04-25 01:54:45'),
(115, 1, 500, '鬼魂', '2024-04-25 02:04:12'),
(116, 1, 100, '繩索', '2024-04-25 02:06:51'),
(117, 1, 100, '繩索', '2024-04-25 02:07:41'),
(118, 1, 500, '鬼魂', '2024-04-25 02:16:46'),
(119, 1, 500, '鬼魂', '2024-04-25 02:17:02'),
(120, 1, 200, '燈光', '2024-04-25 02:36:52'),
(121, 1, 500, '鬼魂', '2024-04-25 02:40:17'),
(122, 1, 1, '石塊', '2024-04-25 03:42:09'),
(123, 1, 500, '鬼魂', '2024-04-25 03:42:29'),
(124, 1, 1, '石塊', '2024-04-25 03:43:36'),
(125, 1, 300, '便當', '2024-04-25 03:43:41'),
(126, 1, 300, '水瓶', '2024-04-25 03:43:46'),
(127, 1, 300, '水瓶', '2024-04-25 03:43:47'),
(128, 1, 300, '水瓶', '2024-04-25 03:43:47'),
(129, 1, 1000, '寶藏', '2024-04-25 03:44:00'),
(130, 1, 500, '鬼魂', '2024-04-25 03:44:16'),
(131, 1, 1000, '寶藏', '2024-04-25 03:44:24'),
(132, 1, 500, '鬼魂', '2024-04-25 03:53:11'),
(133, 1, 1, '石塊', '2024-04-25 07:29:00'),
(134, 1, 100, '繩索', '2024-04-25 07:51:50'),
(135, 1, 600, '開鎖', '2024-04-25 07:51:55'),
(136, 1, 600, '開鎖', '2024-04-26 01:22:21'),
(137, 1, 600, '開鎖', '2024-04-26 01:22:21'),
(138, 1, 600, '開鎖', '2024-04-26 01:22:23'),
(139, 1, 600, '開鎖', '2024-04-26 01:22:24'),
(140, 1, 500, '鬼魂', '2024-04-26 01:25:45'),
(141, 1, 200, '燈光', '2024-04-26 01:27:35'),
(142, 1, 300, '便當', '2024-04-26 01:29:18'),
(143, 1, 100, '繩索', '2024-04-26 01:29:37'),
(144, 1, 1000, '寶藏', '2024-04-26 01:31:29'),
(145, 1, 1000, '寶藏', '2024-04-26 01:31:30'),
(146, 1, 300, '水瓶', '2024-04-26 01:31:45'),
(147, 1, 300, '水瓶', '2024-04-26 01:31:46'),
(148, 1, 300, '水瓶', '2024-04-26 01:31:47'),
(149, 1, 300, '水瓶', '2024-04-26 01:31:47'),
(150, 1, 300, '水瓶', '2024-04-26 01:31:47'),
(151, 1, 300, '水瓶', '2024-04-26 01:31:48'),
(152, 1, 300, '水瓶', '2024-04-26 01:31:48'),
(153, 1, 300, '水瓶', '2024-04-26 01:31:48'),
(154, 1, 300, '水瓶', '2024-04-26 01:31:48'),
(155, 1, 300, '水瓶', '2024-04-26 01:31:48'),
(156, 1, 200, '燈光', '2024-04-26 01:34:32'),
(157, 1, 100, '繩索', '2024-04-26 01:34:36'),
(158, 1, 600, '開鎖', '2024-04-26 01:34:44'),
(159, 1, 200, '燈光', '2024-04-26 01:34:47'),
(160, 1, 1000, '寶藏', '2024-04-26 01:38:41'),
(161, 1, 300, '水瓶', '2024-04-26 01:41:22'),
(162, 1, 300, '水瓶', '2024-04-26 01:41:22'),
(163, 1, 500, '鬼魂', '2024-04-26 01:43:39'),
(164, 1, 100, '繩索', '2024-04-26 01:43:43'),
(165, 1, 300, '水瓶', '2024-04-26 01:45:45'),
(166, 1, 300, '水瓶', '2024-04-26 01:45:53'),
(167, 1, 600, '開鎖', '2024-04-26 01:45:53'),
(168, 1, 100, '繩索', '2024-04-26 01:45:54'),
(169, 1, 1000, '寶藏', '2024-04-26 01:46:27'),
(170, 1, 1000, '寶藏', '2024-04-26 01:46:28'),
(171, 1, 1000, '寶藏', '2024-04-26 01:46:28'),
(172, 1, 1000, '寶藏', '2024-04-26 01:46:28'),
(173, 1, 1000, '寶藏', '2024-04-26 01:46:29'),
(174, 1, 1000, '寶藏', '2024-04-26 01:46:29'),
(175, 1, 1000, '寶藏', '2024-04-26 01:46:29'),
(176, 1, 1000, '寶藏', '2024-04-26 01:46:30'),
(177, 1, 1, '石塊', '2024-04-26 01:46:54'),
(178, 1, 100, '繩索', '2024-04-26 01:47:29'),
(179, 1, 1, '石塊', '2024-04-26 01:57:11'),
(180, 1, 100, '繩索', '2024-04-26 02:52:22'),
(181, 1, 600, '開鎖', '2024-04-26 02:52:24'),
(182, 1, 600, '開鎖', '2024-04-26 02:52:25'),
(183, 1, 600, '開鎖', '2024-04-26 02:52:25'),
(184, 1, 600, '開鎖', '2024-04-26 02:52:25'),
(185, 1, 600, '開鎖', '2024-04-26 02:52:26'),
(186, 1, 600, '開鎖', '2024-04-26 02:52:26'),
(187, 1, 600, '開鎖', '2024-04-26 02:52:26'),
(188, 1, 100, '鑿子', '2024-04-26 02:52:32'),
(189, 1, 100, '鑿子', '2024-04-26 02:52:36'),
(190, 1, 300, '便當', '2024-04-26 02:52:41'),
(191, 1, 300, '便當', '2024-04-26 02:52:43'),
(192, 1, 300, '便當', '2024-04-26 02:52:44'),
(193, 1, 100, '繩索', '2024-04-26 02:52:58'),
(194, 1, 600, '開鎖', '2024-04-26 02:52:59'),
(195, 1, 600, '開鎖', '2024-04-26 02:53:03'),
(196, 1, 500, '鬼魂', '2024-04-26 02:55:01'),
(197, 1, 200, '燈光', '2024-04-26 02:55:17'),
(198, 1, 300, '便當', '2024-04-26 02:55:30'),
(199, 1, 100, '鑿子', '2024-04-26 02:55:35'),
(200, 1, 100, '鑿子', '2024-04-26 02:55:36'),
(201, 1, 100, '鑿子', '2024-04-26 02:55:36'),
(202, 1, 100, '鑿子', '2024-04-26 02:55:36'),
(203, 1, 100, '鑿子', '2024-04-26 02:55:36'),
(204, 1, 100, '鑿子', '2024-04-26 02:55:37'),
(205, 1, 100, '鑿子', '2024-04-26 02:55:37'),
(206, 1, 100, '鑿子', '2024-04-26 02:55:37'),
(207, 1, 300, '便當', '2024-04-26 02:59:07'),
(208, 1, 200, '燈光', '2024-04-26 02:59:55'),
(209, 1, 500, '鬼魂', '2024-04-26 03:00:26'),
(210, 1, 500, '鬼魂', '2024-04-26 03:00:29'),
(211, 1, 100, '鑿子', '2024-04-26 03:00:34'),
(212, 1, 1000, '寶藏', '2024-04-26 03:00:42'),
(213, 1, 300, '水瓶', '2024-04-26 03:00:45'),
(214, 1, 300, '水瓶', '2024-04-26 03:00:47'),
(215, 1, 300, '水瓶', '2024-04-26 03:00:48'),
(216, 1, 200, '燈光', '2024-04-26 03:00:50'),
(217, 1, 300, '便當', '2024-04-26 03:06:27'),
(218, 1, 200, '燈光', '2024-04-26 03:06:49'),
(219, 1, 500, '鬼魂', '2024-04-26 03:06:51'),
(220, 1, 500, '鬼魂', '2024-04-26 03:06:52'),
(221, 1, 100, '繩索', '2024-04-26 03:06:53'),
(222, 1, 200, '燈光', '2024-04-26 03:12:11'),
(223, 1, 100, '繩索', '2024-04-26 03:12:15'),
(224, 1, 600, '開鎖', '2024-04-26 03:12:17'),
(225, 1, 1, '石塊', '2024-04-26 03:12:24'),
(226, 1, 1, '石塊', '2024-04-26 03:12:27'),
(227, 1, 1, '石塊', '2024-04-26 03:12:29'),
(228, 1, 1, '石塊', '2024-04-26 03:13:06'),
(229, 1, 1, '石塊', '2024-04-26 03:13:11'),
(230, 1, 100, '繩索', '2024-04-26 03:14:08'),
(231, 1, 100, '繩索', '2024-04-26 03:14:20'),
(232, 1, 1, '石塊', '2024-04-26 03:14:26'),
(233, 1, 1, '石塊', '2024-04-26 03:16:10'),
(234, 1, 1, '石塊', '2024-04-26 03:16:13'),
(235, 1, 1, '石塊', '2024-04-26 03:16:14'),
(236, 1, 1, '石塊', '2024-04-26 03:16:15'),
(237, 1, 1, '石塊', '2024-04-26 03:16:15'),
(238, 1, 1, '石塊', '2024-04-26 03:18:37'),
(239, 1, 1, '石塊', '2024-04-26 03:18:50'),
(240, 1, 1, '石塊', '2024-04-26 03:18:55'),
(241, 1, 1, '石塊', '2024-04-26 03:21:23'),
(242, 1, 1, '石塊', '2024-04-26 03:21:27'),
(243, 1, 100, '鑿子', '2024-04-26 03:21:32'),
(244, 1, 1, '石塊', '2024-04-26 03:21:35'),
(245, 1, 200, '燈光', '2024-04-26 03:24:17'),
(246, 1, 500, '鬼魂', '2024-04-26 03:24:22'),
(247, 1, 300, '水瓶', '2024-04-26 03:24:27'),
(248, 1, 1, '石塊', '2024-04-26 03:24:32'),
(249, 1, 1, '石塊', '2024-04-26 03:25:28'),
(250, 1, 500, '鬼魂', '2024-04-26 03:25:33'),
(251, 1, 300, '便當', '2024-04-26 03:25:47'),
(252, 1, 200, '燈光', '2024-04-26 03:25:52'),
(253, 1, 100, '鑿子', '2024-04-26 03:25:57'),
(254, 1, 100, '繩索', '2024-04-26 03:26:02'),
(255, 1, 500, '鬼魂', '2024-04-26 03:26:06'),
(256, 1, 1, '石塊', '2024-04-26 03:26:10'),
(257, 1, 100, '繩索', '2024-04-26 03:26:13'),
(258, 1, 100, '繩索', '2024-04-26 03:38:55'),
(259, 1, 600, '開鎖', '2024-04-26 03:39:07'),
(260, 1, 600, '開鎖', '2024-04-26 03:39:11'),
(261, 1, 100, '鑿子', '2024-04-26 03:40:35'),
(262, 1, 200, '燈光', '2024-04-26 03:40:48'),
(263, 1, 600, '開鎖', '2024-04-26 03:40:52'),
(264, 1, 1, '石塊', '2024-04-26 03:40:55'),
(265, 1, 100, '鑿子', '2024-04-26 03:41:29'),
(266, 1, 300, '便當', '2024-04-26 03:41:30'),
(267, 1, 300, '便當', '2024-04-26 03:41:30'),
(268, 1, 300, '便當', '2024-04-26 03:41:30'),
(269, 1, 300, '便當', '2024-04-26 03:41:31'),
(270, 1, 200, '燈光', '2024-04-26 03:41:31'),
(271, 1, 200, '燈光', '2024-04-26 03:41:31'),
(272, 1, 200, '燈光', '2024-04-26 03:41:31'),
(273, 1, 200, '燈光', '2024-04-26 03:41:32'),
(274, 1, 500, '鬼魂', '2024-04-26 03:41:32'),
(275, 1, 500, '鬼魂', '2024-04-26 03:41:32'),
(276, 1, 100, '繩索', '2024-04-26 03:41:33'),
(277, 1, 600, '開鎖', '2024-04-26 03:41:35'),
(278, 1, 600, '開鎖', '2024-04-26 03:41:35'),
(279, 1, 1, '石塊', '2024-04-26 03:41:54'),
(280, 1, 100, '繩索', '2024-04-26 03:41:58'),
(281, 1, 1, '石塊', '2024-04-26 03:42:06'),
(282, 1, 300, '便當', '2024-04-26 03:42:10'),
(283, 1, 100, '鑿子', '2024-04-26 03:42:14'),
(284, 1, 500, '鬼魂', '2024-04-26 03:42:18'),
(285, 1, 500, '鬼魂', '2024-04-26 03:42:28'),
(286, 1, 600, '開鎖', '2024-04-26 03:42:33'),
(287, 1, 100, '繩索', '2024-04-26 03:42:37'),
(288, 1, 1, '石塊', '2024-04-26 03:42:41'),
(289, 1, 500, '鬼魂', '2024-04-26 03:43:14'),
(290, 1, 100, '繩索', '2024-04-26 03:43:19'),
(291, 1, 1, '石塊', '2024-04-26 03:43:23'),
(292, 1, 1, '石塊', '2024-04-26 03:43:26'),
(293, 1, 1, '石塊', '2024-04-26 03:43:29'),
(294, 1, 200, '燈光', '2024-04-26 03:43:33'),
(295, 1, 1, '石塊', '2024-04-26 03:43:36'),
(296, 1, 100, '繩索', '2024-04-26 03:43:39'),
(297, 1, 100, '鑿子', '2024-04-26 03:43:42'),
(298, 1, 1, '石塊', '2024-04-26 03:45:55'),
(299, 1, 100, '繩索', '2024-04-26 03:46:00'),
(300, 1, 200, '燈光', '2024-04-26 03:46:05'),
(301, 1, 600, '開鎖', '2024-04-26 03:46:10'),
(302, 1, 1, '石塊', '2024-04-26 03:46:15'),
(303, 1, 600, '開鎖', '2024-04-26 03:46:39'),
(304, 1, 1, '石塊', '2024-04-26 03:46:43'),
(305, 1, 300, '水瓶', '2024-04-26 03:46:51'),
(306, 1, 500, '鬼魂', '2024-04-26 03:46:55'),
(307, 1, 1, '石塊', '2024-04-26 03:47:02'),
(308, 1, 1, '石塊', '2024-04-26 03:47:15'),
(309, 1, 1, '石塊', '2024-04-26 03:47:28'),
(310, 1, 1, '石塊', '2024-04-26 03:47:41'),
(311, 1, 1, '石塊', '2024-04-26 03:48:04'),
(312, 1, 1, '石塊', '2024-04-26 03:49:35'),
(313, 1, 1, '石塊', '2024-04-26 03:50:10'),
(314, 1, 1, '石塊', '2024-04-26 03:50:30'),
(315, 1, 1, '石塊', '2024-04-26 03:50:41'),
(316, 1, 1, '石塊', '2024-04-26 03:51:09'),
(317, 1, 1, '石塊', '2024-04-26 03:52:03'),
(318, 1, 1, '石塊', '2024-04-26 03:52:11'),
(319, 1, 1, '石塊', '2024-04-26 03:52:43'),
(320, 1, 1, '石塊', '2024-04-26 03:53:26'),
(321, 1, 1, '石塊', '2024-04-26 03:53:29'),
(322, 1, 1, '石塊', '2024-04-26 03:58:07'),
(323, 1, 1, '石塊', '2024-04-26 03:58:27'),
(324, 1, 1, '石塊', '2024-04-26 03:58:38'),
(325, 1, 1, '石塊', '2024-04-26 03:58:49'),
(326, 1, 1, '石塊', '2024-04-26 03:59:10'),
(327, 1, 1, '石塊', '2024-04-26 03:59:33'),
(328, 1, 1, '石塊', '2024-04-26 04:00:55'),
(329, 1, 1, '石塊', '2024-04-26 04:01:05'),
(330, 1, 1, '石塊', '2024-04-26 04:01:20'),
(331, 1, 1, '石塊', '2024-04-26 04:01:48'),
(332, 1, 1, '石塊', '2024-04-26 04:02:02'),
(333, 1, 100, '繩索', '2024-04-26 04:02:19'),
(334, 1, 1, '石塊', '2024-04-26 04:02:26'),
(335, 1, 1, '石塊', '2024-04-26 04:02:29'),
(336, 1, 1, '石塊', '2024-04-26 04:02:31'),
(337, 1, 1, '石塊', '2024-04-26 04:02:44'),
(338, 1, 1, '石塊', '2024-04-26 04:02:57'),
(339, 1, 1, '石塊', '2024-04-26 04:03:06'),
(340, 1, 1, '石塊', '2024-04-26 04:03:12'),
(341, 1, 1, '石塊', '2024-04-26 04:03:14'),
(342, 1, 1, '石塊', '2024-04-26 04:03:29'),
(343, 1, 1, '石塊', '2024-04-26 04:03:39'),
(344, 1, 1, '石塊', '2024-04-26 04:03:49'),
(345, 1, 1, '石塊', '2024-04-26 04:03:54'),
(346, 1, 1, '石塊', '2024-04-26 04:03:54'),
(347, 1, 1, '石塊', '2024-04-26 04:03:54'),
(348, 1, 1, '石塊', '2024-04-26 04:03:55'),
(349, 1, 1, '石塊', '2024-04-26 04:03:58'),
(350, 1, 1, '石塊', '2024-04-26 04:04:00'),
(351, 1, 1, '石塊', '2024-04-26 04:04:05'),
(352, 1, 1, '石塊', '2024-04-26 04:04:12'),
(353, 1, 1, '石塊', '2024-04-26 04:04:18'),
(354, 1, 500, '鬼魂', '2024-04-26 04:05:08'),
(355, 1, 100, '繩索', '2024-04-26 04:05:16'),
(356, 1, 1, '石塊', '2024-04-26 04:05:22'),
(357, 1, 1000, '寶藏', '2024-04-26 04:05:24'),
(358, 1, 300, '水瓶', '2024-04-26 04:05:30'),
(359, 1, 300, '水瓶', '2024-04-26 04:05:33'),
(360, 1, 300, '水瓶', '2024-04-26 04:05:40'),
(361, 1, 300, '水瓶', '2024-04-26 04:05:43'),
(362, 1, 1, '石塊', '2024-04-26 04:07:26'),
(363, 1, 100, '繩索', '2024-04-26 04:07:32'),
(364, 1, 500, '鬼魂', '2024-04-26 04:07:35'),
(365, 1, 1, '石塊', '2024-04-26 04:07:38'),
(366, 1, 1, '石塊', '2024-04-26 05:35:24'),
(367, 1, 1, '石塊', '2024-04-26 05:35:39'),
(368, 1, 300, '水瓶', '2024-04-26 05:35:49'),
(369, 1, 1, '石塊', '2024-04-26 05:35:59'),
(370, 1, 1, '石塊', '2024-04-26 05:36:12'),
(371, 1, 1, '石塊', '2024-04-26 05:36:21'),
(372, 1, 1, '石塊', '2024-04-26 05:36:33'),
(373, 1, 1, '石塊', '2024-04-26 05:36:45'),
(374, 1, 1, '石塊', '2024-04-26 05:36:59'),
(375, 1, 1, '石塊', '2024-04-26 05:37:04'),
(376, 1, 100, '繩索', '2024-04-26 05:37:33'),
(377, 1, 1, '石塊', '2024-04-26 05:37:37'),
(378, 1, 1, '石塊', '2024-04-26 05:38:34'),
(379, 1, 1, '石塊', '2024-04-26 05:38:47'),
(380, 1, 1, '石塊', '2024-04-26 05:39:06'),
(381, 1, 1, '石塊', '2024-04-26 05:39:18'),
(382, 1, 1, '石塊', '2024-04-26 05:39:31'),
(383, 1, 1, '石塊', '2024-04-26 05:40:10'),
(384, 1, 1, '石塊', '2024-04-26 05:40:17'),
(385, 1, 600, '開鎖', '2024-04-26 05:40:18'),
(386, 1, 600, '開鎖', '2024-04-26 05:40:29'),
(387, 1, 1, '石塊', '2024-04-26 05:40:35'),
(388, 1, 1, '石塊', '2024-04-26 05:41:01'),
(389, 1, 1, '石塊', '2024-04-26 05:41:10'),
(390, 1, 600, '開鎖', '2024-04-26 05:41:16'),
(391, 1, 1, '石塊', '2024-04-26 05:41:38'),
(392, 1, 1, '石塊', '2024-04-26 05:41:44'),
(393, 1, 1, '石塊', '2024-04-26 05:41:48'),
(394, 1, 1, '石塊', '2024-04-26 05:41:55'),
(395, 1, 1, '石塊', '2024-04-26 05:42:20'),
(396, 1, 1, '石塊', '2024-04-26 05:42:29'),
(397, 1, 1, '石塊', '2024-04-26 05:42:40'),
(398, 1, 1, '石塊', '2024-04-26 05:42:53'),
(399, 1, 1, '石塊', '2024-04-26 05:42:59'),
(400, 1, 600, '開鎖', '2024-04-26 05:43:02'),
(401, 1, 1, '石塊', '2024-04-26 05:43:40'),
(402, 1, 1, '石塊', '2024-04-26 05:45:23'),
(403, 1, 1, '石塊', '2024-04-26 05:45:57'),
(404, 1, 1, '石塊', '2024-04-26 05:46:15'),
(405, 1, 1, '石塊', '2024-04-26 05:46:21'),
(406, 1, 500, '鬼魂', '2024-04-26 05:46:37'),
(407, 1, 1, '石塊', '2024-04-26 05:46:44'),
(408, 1, 1, '石塊', '2024-04-26 05:46:45'),
(409, 1, 1, '石塊', '2024-04-26 05:46:47'),
(410, 1, 1, '石塊', '2024-04-26 05:46:57'),
(411, 1, 100, '繩索', '2024-04-26 05:47:03'),
(412, 1, 100, '鑿子', '2024-04-26 05:47:11'),
(413, 1, 100, '鑿子', '2024-04-26 05:47:26'),
(414, 1, 1, '石塊', '2024-04-26 05:47:33'),
(415, 1, 1, '石塊', '2024-04-26 05:47:46'),
(416, 1, 1, '石塊', '2024-04-26 05:47:53'),
(417, 1, 1, '石塊', '2024-04-26 05:47:55'),
(418, 1, 1, '石塊', '2024-04-26 05:47:57'),
(419, 1, 1, '石塊', '2024-04-26 05:47:58'),
(420, 1, 1, '石塊', '2024-04-26 05:51:00'),
(421, 1, 1, '石塊', '2024-04-26 05:51:06'),
(422, 1, 100, '繩索', '2024-04-26 05:51:09'),
(423, 1, 1, '石塊', '2024-04-26 05:51:15'),
(424, 1, 300, '便當', '2024-04-26 05:51:19'),
(425, 1, 100, '繩索', '2024-04-26 05:51:25'),
(426, 1, 100, '繩索', '2024-04-26 05:51:26'),
(427, 1, 500, '鬼魂', '2024-04-26 05:51:26'),
(428, 1, 100, '繩索', '2024-04-26 05:51:27'),
(429, 1, 100, '繩索', '2024-04-26 05:52:12'),
(430, 1, 1, '石塊', '2024-04-26 05:52:17'),
(431, 1, 600, '開鎖', '2024-04-26 05:52:22'),
(432, 1, 1, '石塊', '2024-04-26 05:52:31'),
(433, 1, 1, '石塊', '2024-04-26 05:52:42'),
(434, 1, 1, '石塊', '2024-04-26 05:52:56'),
(435, 1, 1, '石塊', '2024-04-26 05:53:15'),
(436, 1, 1, '石塊', '2024-04-26 05:53:26'),
(437, 1, 600, '開鎖', '2024-04-26 05:53:32'),
(438, 1, 1, '石塊', '2024-04-26 05:53:42'),
(439, 1, 1, '石塊', '2024-04-26 05:53:54'),
(440, 1, 1, '石塊', '2024-04-26 05:54:10'),
(441, 1, 1, '石塊', '2024-04-26 05:54:18'),
(442, 1, 1, '石塊', '2024-04-26 05:54:27'),
(443, 1, 500, '鬼魂', '2024-04-26 05:54:33'),
(444, 1, 1, '石塊', '2024-04-26 05:54:57'),
(445, 1, 1, '石塊', '2024-04-26 05:55:08'),
(446, 1, 1, '石塊', '2024-04-26 05:55:20'),
(447, 1, 1, '石塊', '2024-04-26 05:55:34'),
(448, 1, 1, '石塊', '2024-04-26 05:55:51'),
(449, 1, 1, '石塊', '2024-04-26 05:56:06'),
(450, 1, 1, '石塊', '2024-04-26 05:56:21'),
(451, 1, 1, '石塊', '2024-04-26 05:56:31'),
(452, 1, 1000, '寶藏', '2024-04-26 05:56:35'),
(453, 1, 1, '石塊', '2024-04-26 05:56:47'),
(454, 1, 1, '石塊', '2024-04-26 05:56:55'),
(455, 1, 1000, '寶藏', '2024-04-26 05:57:05'),
(456, 1, 1, '石塊', '2024-04-26 05:57:14'),
(457, 1, 1, '石塊', '2024-04-26 05:57:20'),
(458, 1, 1, '石塊', '2024-04-26 05:57:27'),
(459, 1, 1, '石塊', '2024-04-26 05:57:32'),
(460, 1, 1, '石塊', '2024-04-26 05:57:36'),
(461, 1, 100, '繩索', '2024-04-26 05:57:40'),
(462, 1, 500, '鬼魂', '2024-04-26 06:03:07'),
(463, 1, 100, '繩索', '2024-04-26 06:03:11'),
(464, 1, 600, '開鎖', '2024-04-26 06:03:17'),
(465, 1, 1000, '寶藏', '2024-04-26 06:11:08'),
(466, 1, 1000, '寶藏', '2024-04-26 06:11:13'),
(467, 1, 1000, '寶藏', '2024-04-26 06:11:18'),
(468, 1, 1000, '寶藏', '2024-04-26 06:11:29'),
(469, 1, 1000, '寶藏', '2024-04-26 06:11:36'),
(470, 1, 11000, '前前', '2024-04-26 06:12:01'),
(471, 1, 600, '開鎖', '2024-04-26 06:12:05'),
(472, 1, 1, '石塊', '2024-04-26 06:13:06'),
(473, 1, 1, '石塊', '2024-04-26 06:19:45'),
(474, 1, 1, '石塊', '2024-04-26 06:26:27'),
(475, 1, 1, '石塊', '2024-04-26 06:26:36'),
(476, 1, 1, '石塊', '2024-04-26 06:27:06'),
(477, 1, 1, '石塊', '2024-04-26 06:28:06'),
(478, 1, 1, '石塊', '2024-04-26 06:28:14'),
(479, 1, 1, '石塊', '2024-04-26 06:28:23'),
(480, 1, 1, '石塊', '2024-04-26 06:28:31'),
(481, 1, 1, '石塊', '2024-04-26 06:28:38'),
(482, 1, 1, '石塊', '2024-04-26 06:28:44'),
(483, 1, 1, '石塊', '2024-04-26 06:48:50'),
(484, 1, 1, '石塊', '2024-04-26 06:48:57'),
(485, 1, 1, '石塊', '2024-04-26 06:49:09'),
(486, 1, 1, '石塊', '2024-04-26 06:49:18'),
(487, 1, 1, '石塊', '2024-04-26 06:49:24'),
(488, 1, 1, '石塊', '2024-04-26 06:49:27'),
(489, 1, 1, '石塊', '2024-04-26 06:49:55'),
(490, 1, 1, '石塊', '2024-04-26 06:50:00'),
(491, 1, 1, '石塊', '2024-04-26 06:50:10'),
(492, 1, 1, '石塊', '2024-04-26 06:50:16'),
(493, 1, 1, '石塊', '2024-04-26 08:52:22'),
(494, 1, 1, '石塊', '2024-04-26 08:52:28'),
(495, 1, 1, '石塊', '2024-04-26 08:54:06'),
(496, 1, 1, '石塊', '2024-04-26 08:55:31'),
(497, 1, 1, '石塊', '2024-04-28 05:25:25'),
(498, 1, 1, '石塊', '2024-04-28 05:26:01'),
(499, 1, 1000, '寶藏', '2024-04-28 05:29:37'),
(500, 1, 1, '石塊', '2024-04-28 05:29:44'),
(501, 1, 600, '開鎖', '2024-04-28 05:31:21'),
(502, 1, 100, '鑿子', '2024-04-28 09:26:58'),
(503, 1, 100, '繩索', '2024-04-28 09:27:04'),
(504, 1, 1, '石塊', '2024-04-28 09:27:09'),
(505, 1, 200, '燈光', '2024-04-28 09:30:24'),
(506, 1, 100, '繩索', '2024-04-28 09:30:31'),
(507, 1, 600, '開鎖', '2024-04-28 09:30:38'),
(508, 1, 300, '便當', '2024-04-28 09:30:53'),
(509, 1, 100, '繩索', '2024-04-28 09:31:00'),
(510, 1, 1000, '寶藏', '2024-04-28 15:32:42'),
(511, 1, 200, '燈光', '2024-04-28 15:32:50'),
(512, 1, 600, '開鎖', '2024-04-28 15:38:11'),
(513, 1, 1000, '寶藏', '2024-04-28 15:38:20'),
(514, 193, 1, '石塊', '2024-04-30 08:16:09'),
(515, 193, 600, '開鎖', '2024-04-30 08:16:16'),
(516, 193, 300, '水瓶', '2024-04-30 08:16:21'),
(517, 192, 600, '開鎖', '2024-04-30 08:51:26'),
(518, 192, 1, '石塊', '2024-05-01 02:55:28'),
(519, 192, 1, '石塊', '2024-05-01 02:57:24'),
(520, 192, 1000, '寶藏', '2024-05-01 02:59:25'),
(521, 192, 1, '石塊', '2024-05-01 03:03:34'),
(522, 192, 1, '石塊', '2024-05-01 03:06:42'),
(523, 192, 1, '石塊', '2024-05-01 03:07:18'),
(524, 192, 1, '石塊', '2024-05-01 03:10:49'),
(525, 192, 300, '便當', '2024-05-01 03:19:20'),
(526, 192, 1, '石塊', '2024-05-01 03:21:03'),
(527, 192, 1, '石塊', '2024-05-01 03:22:28'),
(528, 192, 1, '石塊', '2024-05-01 03:32:13'),
(529, 192, 1, '石塊', '2024-05-01 03:34:39'),
(530, 192, 1, '石塊', '2024-05-01 03:39:38'),
(531, 192, 1, '石塊', '2024-05-01 03:40:27'),
(532, 192, 1, '石塊', '2024-05-01 03:41:09'),
(533, 192, 1, '石塊', '2024-05-01 03:41:32'),
(534, 192, 1, '石塊', '2024-05-01 03:42:06'),
(535, 192, 1, '石塊', '2024-05-01 03:42:12'),
(536, 192, 1, '石塊', '2024-05-01 03:42:27'),
(537, 192, 1, '石塊', '2024-05-01 03:46:23'),
(538, 192, 1, '石塊', '2024-05-01 03:52:27'),
(539, 192, 1, '石塊', '2024-05-01 03:56:28'),
(540, 192, 1, '石塊', '2024-05-01 04:01:33'),
(541, 192, 1, '石塊', '2024-05-01 06:07:43'),
(542, 192, 1, '石塊', '2024-05-01 06:12:05'),
(543, 192, 1, '石塊', '2024-05-01 06:12:51'),
(544, 192, 1, '石塊', '2024-05-01 06:15:10'),
(545, 192, 1, '石塊', '2024-05-01 06:23:06'),
(546, 192, 100, '繩索', '2024-05-01 06:31:59'),
(547, 192, 1, '石塊', '2024-05-01 06:34:57'),
(548, 192, 1, '石塊', '2024-05-01 06:36:25'),
(549, 192, 600, '開鎖', '2024-05-01 06:36:30'),
(550, 192, 600, '開鎖', '2024-05-01 06:39:15'),
(551, 192, 1, '石塊', '2024-05-01 06:39:51'),
(552, 192, 1, '石塊', '2024-05-01 06:42:57'),
(553, 192, 100, '繩索', '2024-05-01 06:43:03'),
(554, 192, 1, '石塊', '2024-05-01 06:44:14'),
(555, 192, 500, '鬼魂', '2024-05-01 06:45:38'),
(556, 192, 1000, '寶藏', '2024-05-01 06:45:43'),
(557, 192, 600, '開鎖', '2024-05-01 06:49:51'),
(558, 192, 1, '石塊', '2024-05-01 06:49:56'),
(559, 192, 1000, '寶藏', '2024-05-01 06:50:01'),
(560, 192, 1, '石塊', '2024-05-01 06:52:08'),
(561, 192, 600, '開鎖', '2024-05-01 06:52:28'),
(562, 192, 600, '開鎖', '2024-05-01 06:52:38'),
(563, 194, 600, '開鎖', '2024-05-01 06:53:48'),
(564, 192, 600, '開鎖', '2024-05-01 06:54:02'),
(565, 194, 100, '繩索', '2024-05-01 06:54:05'),
(566, 194, 100, '繩索', '2024-05-01 06:54:09'),
(567, 192, 1, '石塊', '2024-05-01 06:54:12'),
(568, 192, 100, '繩索', '2024-05-01 07:04:18'),
(569, 194, 100, '繩索', '2024-05-01 07:04:20'),
(570, 194, 100, '繩索', '2024-05-01 07:04:20'),
(571, 194, 100, '繩索', '2024-05-01 07:04:20'),
(572, 194, 100, '繩索', '2024-05-01 07:04:20'),
(573, 194, 600, '開鎖', '2024-05-01 07:04:21'),
(574, 192, 1, '石塊', '2024-05-01 07:04:30'),
(575, 194, 600, '開鎖', '2024-05-01 07:04:32'),
(576, 194, 600, '開鎖', '2024-05-01 07:04:32'),
(577, 194, 600, '開鎖', '2024-05-01 07:04:32'),
(578, 194, 600, '開鎖', '2024-05-01 07:04:32'),
(579, 192, 600, '開鎖', '2024-05-01 07:04:46'),
(580, 194, 100, '繩索', '2024-05-01 07:04:48'),
(581, 194, 100, '繩索', '2024-05-01 07:04:48'),
(582, 194, 100, '繩索', '2024-05-01 07:04:48'),
(583, 194, 100, '繩索', '2024-05-01 07:04:48'),
(584, 194, 100, '繩索', '2024-05-01 07:04:49'),
(585, 194, 100, '繩索', '2024-05-01 07:04:49'),
(586, 194, 100, '繩索', '2024-05-01 07:04:49'),
(587, 194, 1, '石塊', '2024-05-01 07:05:03'),
(588, 192, 100, '繩索', '2024-05-01 07:05:05'),
(589, 192, 100, '繩索', '2024-05-01 07:05:05'),
(590, 192, 100, '繩索', '2024-05-01 07:05:06'),
(591, 192, 100, '繩索', '2024-05-01 07:05:06'),
(592, 192, 100, '繩索', '2024-05-01 07:05:08'),
(593, 192, 100, '繩索', '2024-05-01 07:05:09'),
(594, 194, 1, '石塊', '2024-05-01 07:05:10'),
(595, 194, 1, '石塊', '2024-05-01 07:05:10'),
(596, 194, 1, '石塊', '2024-05-01 07:05:11'),
(597, 192, 600, '開鎖', '2024-05-01 07:11:23'),
(598, 194, 100, '繩索', '2024-05-01 07:11:25'),
(599, 194, 100, '繩索', '2024-05-01 07:11:26'),
(600, 194, 100, '繩索', '2024-05-01 07:11:26'),
(601, 194, 600, '開鎖', '2024-05-01 07:14:59'),
(602, 194, 1, '石塊', '2024-05-01 07:15:00'),
(603, 194, 1, '石塊', '2024-05-01 07:15:00'),
(604, 194, 1, '石塊', '2024-05-01 07:15:01'),
(605, 194, 1, '石塊', '2024-05-01 07:15:01'),
(606, 194, 1, '石塊', '2024-05-01 07:15:01'),
(607, 194, 1, '石塊', '2024-05-01 07:15:01'),
(608, 194, 1, '石塊', '2024-05-01 07:15:01'),
(609, 194, 1, '石塊', '2024-05-01 07:15:02'),
(610, 194, 1, '石塊', '2024-05-01 07:15:02'),
(611, 192, 1, '石塊', '2024-05-01 07:16:26'),
(612, 194, 100, '繩索', '2024-05-01 07:16:29'),
(613, 194, 100, '繩索', '2024-05-01 07:16:30'),
(614, 194, 100, '繩索', '2024-05-01 07:16:30'),
(615, 192, 1, '石塊', '2024-05-01 07:17:01'),
(616, 194, 600, '開鎖', '2024-05-01 07:17:05'),
(617, 194, 600, '開鎖', '2024-05-01 07:17:06'),
(618, 194, 600, '開鎖', '2024-05-01 07:17:08'),
(619, 192, 600, '開鎖', '2024-05-01 07:28:03'),
(620, 192, 1, '石塊', '2024-05-01 07:31:14'),
(621, 194, 500, '鬼魂', '2024-05-01 07:32:15'),
(622, 192, 600, '開鎖', '2024-05-01 07:32:17'),
(623, 194, 600, '開鎖', '2024-05-01 14:15:27'),
(624, 194, 600, '開鎖', '2024-05-01 14:15:33'),
(625, 194, 300, '便當', '2024-05-01 14:15:38'),
(626, 192, 100, '繩索', '2024-05-01 14:18:07'),
(627, 194, 600, '開鎖', '2024-05-01 14:18:14'),
(628, 192, 600, '開鎖', '2024-05-01 14:18:20'),
(629, 192, 600, '開鎖', '2024-05-01 14:18:28'),
(630, 192, 1, '石塊', '2024-05-01 14:27:07'),
(631, 194, 100, '繩索', '2024-05-01 14:27:09'),
(632, 194, 100, '繩索', '2024-05-01 14:27:17'),
(633, 192, 1, '石塊', '2024-05-01 14:27:21'),
(634, 192, 1, '石塊', '2024-05-01 14:27:25'),
(635, 194, 600, '開鎖', '2024-05-01 14:27:31'),
(636, 192, 1, '石塊', '2024-05-02 02:39:28'),
(637, 192, 1, '石塊', '2024-05-02 02:39:34'),
(638, 192, 100, '繩索', '2024-05-06 04:02:09'),
(639, 192, 1000, '寶藏', '2024-05-06 06:04:07'),
(640, 192, 1000, '寶藏', '2024-05-06 06:04:15'),
(641, 192, 300, '便當', '2024-05-06 06:04:20'),
(642, 191, 1, '石塊', '2024-05-06 06:04:25'),
(643, 192, 1000, '寶藏', '2024-05-06 06:04:38'),
(644, 192, 1000, '寶藏', '2024-05-06 06:58:36'),
(645, 192, 100, '繩索', '2024-05-06 06:58:40'),
(646, 192, 500, '鬼魂', '2024-05-06 06:58:45'),
(647, 191, 100, '繩索', '2024-05-06 07:01:40');

--
-- 已傾印資料表的索引
--

--
-- 資料表索引 `ca_order_detail`
--
ALTER TABLE `ca_order_detail`
  ADD PRIMARY KEY (`sid`);

--
-- 資料表索引 `ca_products`
--
ALTER TABLE `ca_products`
  ADD PRIMARY KEY (`pid`);

--
-- 資料表索引 `ca_product_comment`
--
ALTER TABLE `ca_product_comment`
  ADD PRIMARY KEY (`comment_id`);

--
-- 資料表索引 `ca_product_like`
--
ALTER TABLE `ca_product_like`
  ADD PRIMARY KEY (`like_id`);

--
-- 資料表索引 `ca_purchase_order`
--
ALTER TABLE `ca_purchase_order`
  ADD PRIMARY KEY (`sid`);

--
-- 資料表索引 `gm_achieved`
--
ALTER TABLE `gm_achieved`
  ADD PRIMARY KEY (`achieved_id`);

--
-- 資料表索引 `gm_coupon`
--
ALTER TABLE `gm_coupon`
  ADD PRIMARY KEY (`coupon_id`);

--
-- 資料表索引 `gm_mission`
--
ALTER TABLE `gm_mission`
  ADD PRIMARY KEY (`mission_id`);

--
-- 資料表索引 `gm_note`
--
ALTER TABLE `gm_note`
  ADD PRIMARY KEY (`note_id`);

--
-- 資料表索引 `gm_skin`
--
ALTER TABLE `gm_skin`
  ADD PRIMARY KEY (`skin_id`);

--
-- 資料表索引 `gm_user_achieved`
--
ALTER TABLE `gm_user_achieved`
  ADD PRIMARY KEY (`achieved_id`);

--
-- 資料表索引 `gm_user_get_coupon`
--
ALTER TABLE `gm_user_get_coupon`
  ADD PRIMARY KEY (`user_get_coupon_id`);

--
-- 資料表索引 `mb_notifications`
--
ALTER TABLE `mb_notifications`
  ADD PRIMARY KEY (`id`),
  ADD KEY `comment_id` (`comment_id`),
  ADD KEY `resource_id` (`resource_id`);

--
-- 資料表索引 `mb_password_reset_tokens`
--
ALTER TABLE `mb_password_reset_tokens`
  ADD PRIMARY KEY (`id`);

--
-- 資料表索引 `mb_user`
--
ALTER TABLE `mb_user`
  ADD PRIMARY KEY (`id`),
  ADD UNIQUE KEY `email` (`email`),
  ADD UNIQUE KEY `email_2` (`email`),
  ADD UNIQUE KEY `email_3` (`email`);

--
-- 資料表索引 `mb_user_preference`
--
ALTER TABLE `mb_user_preference`
  ADD PRIMARY KEY (`pid`),
  ADD KEY `user_id` (`user_id`);

--
-- 資料表索引 `sn_comments`
--
ALTER TABLE `sn_comments`
  ADD PRIMARY KEY (`comment_id`),
  ADD KEY `post_id` (`post_id`);

--
-- 資料表索引 `sn_comments_reply`
--
ALTER TABLE `sn_comments_reply`
  ADD PRIMARY KEY (`cr_id`),
  ADD KEY `user_id` (`user_id`),
  ADD KEY `post_id` (`post_id`);

--
-- 資料表索引 `sn_comment_likes`
--
ALTER TABLE `sn_comment_likes`
  ADD PRIMARY KEY (`like_id`),
  ADD UNIQUE KEY `user_comment_unique` (`user_id`,`comment_id`),
  ADD KEY `fk_comment_likes_comment_id` (`comment_id`);

--
-- 資料表索引 `sn_comment_reply_likes`
--
ALTER TABLE `sn_comment_reply_likes`
  ADD PRIMARY KEY (`like_id`),
  ADD UNIQUE KEY `user_reply_unique` (`user_id`,`reply_id`),
  ADD KEY `fk_reply_likes_reply_id` (`reply_id`);

--
-- 資料表索引 `sn_followed_boards`
--
ALTER TABLE `sn_followed_boards`
  ADD PRIMARY KEY (`follow_id`),
  ADD KEY `user_id` (`user_id`);

--
-- 資料表索引 `sn_friends`
--
ALTER TABLE `sn_friends`
  ADD PRIMARY KEY (`friendship_id`);

--
-- 資料表索引 `sn_messages`
--
ALTER TABLE `sn_messages`
  ADD PRIMARY KEY (`message_id`),
  ADD KEY `user_id` (`user_id`);

--
-- 資料表索引 `sn_notifications`
--
ALTER TABLE `sn_notifications`
  ADD PRIMARY KEY (`notification_id`),
  ADD KEY `user_id` (`user_id`);

--
-- 資料表索引 `sn_posts`
--
ALTER TABLE `sn_posts`
  ADD PRIMARY KEY (`post_id`),
  ADD KEY `user_id` (`user_id`);

--
-- 資料表索引 `sn_post_favorites`
--
ALTER TABLE `sn_post_favorites`
  ADD PRIMARY KEY (`favorite_id`),
  ADD KEY `user_id` (`user_id`),
  ADD KEY `post_id` (`post_id`);

--
-- 資料表索引 `sn_post_likes`
--
ALTER TABLE `sn_post_likes`
  ADD PRIMARY KEY (`like_id`),
  ADD KEY `user_id` (`user_id`),
  ADD KEY `post_id` (`post_id`);

--
-- 資料表索引 `sn_public_boards`
--
ALTER TABLE `sn_public_boards`
  ADD PRIMARY KEY (`board_id`);

--
-- 資料表索引 `sn_search_history`
--
ALTER TABLE `sn_search_history`
  ADD PRIMARY KEY (`history_id`),
  ADD KEY `user_id` (`user_id`);

--
-- 資料表索引 `sn_tagged_users`
--
ALTER TABLE `sn_tagged_users`
  ADD PRIMARY KEY (`tu_id`),
  ADD KEY `user_id` (`user_id`);

--
-- 資料表索引 `sn_user_relationships`
--
ALTER TABLE `sn_user_relationships`
  ADD PRIMARY KEY (`relation_id`),
  ADD KEY `user_id` (`user_id`),
  ADD KEY `friend_id` (`friend_id`),
  ADD KEY `followed_user_id` (`followed_user_id`);

--
-- 資料表索引 `tony_favtour_book`
--
ALTER TABLE `tony_favtour_book`
  ADD PRIMARY KEY (`bid`);

--
-- 資料表索引 `tony_favtour_list`
--
ALTER TABLE `tony_favtour_list`
  ADD PRIMARY KEY (`favlist_id`);

--
-- 資料表索引 `tony_rating_comment`
--
ALTER TABLE `tony_rating_comment`
  ADD PRIMARY KEY (`rid`);

--
-- 資料表索引 `tony_tour_category`
--
ALTER TABLE `tony_tour_category`
  ADD PRIMARY KEY (`cid`);

--
-- 資料表索引 `tony_tour_images`
--
ALTER TABLE `tony_tour_images`
  ADD PRIMARY KEY (`tour_img_id`);

--
-- 資料表索引 `tony_tour_level`
--
ALTER TABLE `tony_tour_level`
  ADD PRIMARY KEY (`level_id`);

--
-- 資料表索引 `tony_tour_location`
--
ALTER TABLE `tony_tour_location`
  ADD PRIMARY KEY (`ruin_id`);

--
-- 資料表索引 `tony_tour_members`
--
ALTER TABLE `tony_tour_members`
  ADD PRIMARY KEY (`members_id`);

--
-- 資料表索引 `tony_tour_post`
--
ALTER TABLE `tony_tour_post`
  ADD PRIMARY KEY (`tour_id`);

--
-- 資料表索引 `tyler_check_available`
--
ALTER TABLE `tyler_check_available`
  ADD PRIMARY KEY (`id`);

--
-- 資料表索引 `tyler_get_point`
--
ALTER TABLE `tyler_get_point`
  ADD PRIMARY KEY (`sid`);

--
-- 資料表索引 `tyler_stream`
--
ALTER TABLE `tyler_stream`
  ADD PRIMARY KEY (`id`);

--
-- 資料表索引 `tyler_streamer_get_point`
--
ALTER TABLE `tyler_streamer_get_point`
  ADD PRIMARY KEY (`id`);

--
-- 資料表索引 `tyler_use_point`
--
ALTER TABLE `tyler_use_point`
  ADD PRIMARY KEY (`sid`);

--
-- 在傾印的資料表使用自動遞增(AUTO_INCREMENT)
--

--
-- 使用資料表自動遞增(AUTO_INCREMENT) `ca_order_detail`
--
ALTER TABLE `ca_order_detail`
  MODIFY `sid` int(11) NOT NULL AUTO_INCREMENT, AUTO_INCREMENT=350;

--
-- 使用資料表自動遞增(AUTO_INCREMENT) `ca_products`
--
ALTER TABLE `ca_products`
  MODIFY `pid` int(2) NOT NULL AUTO_INCREMENT, AUTO_INCREMENT=128;

--
-- 使用資料表自動遞增(AUTO_INCREMENT) `ca_product_comment`
--
ALTER TABLE `ca_product_comment`
  MODIFY `comment_id` int(11) NOT NULL AUTO_INCREMENT, AUTO_INCREMENT=122;

--
-- 使用資料表自動遞增(AUTO_INCREMENT) `ca_product_like`
--
ALTER TABLE `ca_product_like`
  MODIFY `like_id` int(11) NOT NULL AUTO_INCREMENT, AUTO_INCREMENT=59;

--
-- 使用資料表自動遞增(AUTO_INCREMENT) `ca_purchase_order`
--
ALTER TABLE `ca_purchase_order`
  MODIFY `sid` int(11) NOT NULL AUTO_INCREMENT, AUTO_INCREMENT=202;

--
-- 使用資料表自動遞增(AUTO_INCREMENT) `gm_achieved`
--
ALTER TABLE `gm_achieved`
  MODIFY `achieved_id` int(11) NOT NULL AUTO_INCREMENT, AUTO_INCREMENT=19;

--
-- 使用資料表自動遞增(AUTO_INCREMENT) `gm_mission`
--
ALTER TABLE `gm_mission`
  MODIFY `mission_id` int(20) NOT NULL AUTO_INCREMENT, AUTO_INCREMENT=27;

--
-- 使用資料表自動遞增(AUTO_INCREMENT) `gm_note`
--
ALTER TABLE `gm_note`
  MODIFY `note_id` int(11) NOT NULL AUTO_INCREMENT, AUTO_INCREMENT=28;

--
-- 使用資料表自動遞增(AUTO_INCREMENT) `mb_notifications`
--
ALTER TABLE `mb_notifications`
  MODIFY `id` int(11) NOT NULL AUTO_INCREMENT, AUTO_INCREMENT=48;

--
-- 使用資料表自動遞增(AUTO_INCREMENT) `mb_password_reset_tokens`
--
ALTER TABLE `mb_password_reset_tokens`
  MODIFY `id` int(11) NOT NULL AUTO_INCREMENT, AUTO_INCREMENT=14;

--
-- 使用資料表自動遞增(AUTO_INCREMENT) `mb_user`
--
ALTER TABLE `mb_user`
  MODIFY `id` int(11) NOT NULL AUTO_INCREMENT, AUTO_INCREMENT=197;

--
-- 使用資料表自動遞增(AUTO_INCREMENT) `mb_user_preference`
--
ALTER TABLE `mb_user_preference`
  MODIFY `pid` int(11) NOT NULL AUTO_INCREMENT, AUTO_INCREMENT=171;

--
-- 使用資料表自動遞增(AUTO_INCREMENT) `sn_comments`
--
ALTER TABLE `sn_comments`
  MODIFY `comment_id` int(11) NOT NULL AUTO_INCREMENT, AUTO_INCREMENT=392;

--
-- 使用資料表自動遞增(AUTO_INCREMENT) `sn_comments_reply`
--
ALTER TABLE `sn_comments_reply`
  MODIFY `cr_id` int(11) NOT NULL AUTO_INCREMENT, AUTO_INCREMENT=52;

--
-- 使用資料表自動遞增(AUTO_INCREMENT) `sn_comment_likes`
--
ALTER TABLE `sn_comment_likes`
  MODIFY `like_id` int(11) NOT NULL AUTO_INCREMENT;

--
-- 使用資料表自動遞增(AUTO_INCREMENT) `sn_comment_reply_likes`
--
ALTER TABLE `sn_comment_reply_likes`
  MODIFY `like_id` int(11) NOT NULL AUTO_INCREMENT;

--
-- 使用資料表自動遞增(AUTO_INCREMENT) `sn_followed_boards`
--
ALTER TABLE `sn_followed_boards`
  MODIFY `follow_id` int(11) NOT NULL AUTO_INCREMENT, AUTO_INCREMENT=49;

--
-- 使用資料表自動遞增(AUTO_INCREMENT) `sn_friends`
--
ALTER TABLE `sn_friends`
  MODIFY `friendship_id` int(11) NOT NULL AUTO_INCREMENT, AUTO_INCREMENT=47;

--
-- 使用資料表自動遞增(AUTO_INCREMENT) `sn_messages`
--
ALTER TABLE `sn_messages`
  MODIFY `message_id` int(11) NOT NULL AUTO_INCREMENT, AUTO_INCREMENT=49;

--
-- 使用資料表自動遞增(AUTO_INCREMENT) `sn_notifications`
--
ALTER TABLE `sn_notifications`
  MODIFY `notification_id` int(11) NOT NULL AUTO_INCREMENT, AUTO_INCREMENT=49;

--
-- 使用資料表自動遞增(AUTO_INCREMENT) `sn_posts`
--
ALTER TABLE `sn_posts`
  MODIFY `post_id` int(11) NOT NULL AUTO_INCREMENT, AUTO_INCREMENT=881;

--
-- 使用資料表自動遞增(AUTO_INCREMENT) `sn_post_favorites`
--
ALTER TABLE `sn_post_favorites`
  MODIFY `favorite_id` int(11) NOT NULL AUTO_INCREMENT;

--
-- 使用資料表自動遞增(AUTO_INCREMENT) `sn_post_likes`
--
ALTER TABLE `sn_post_likes`
  MODIFY `like_id` int(11) NOT NULL AUTO_INCREMENT, AUTO_INCREMENT=62;

--
-- 使用資料表自動遞增(AUTO_INCREMENT) `sn_search_history`
--
ALTER TABLE `sn_search_history`
  MODIFY `history_id` int(11) NOT NULL AUTO_INCREMENT, AUTO_INCREMENT=49;

--
-- 使用資料表自動遞增(AUTO_INCREMENT) `sn_tagged_users`
--
ALTER TABLE `sn_tagged_users`
  MODIFY `tu_id` int(11) NOT NULL AUTO_INCREMENT, AUTO_INCREMENT=49;

--
-- 使用資料表自動遞增(AUTO_INCREMENT) `sn_user_relationships`
--
ALTER TABLE `sn_user_relationships`
  MODIFY `relation_id` int(11) NOT NULL AUTO_INCREMENT;

--
-- 使用資料表自動遞增(AUTO_INCREMENT) `tony_favtour_book`
--
ALTER TABLE `tony_favtour_book`
  MODIFY `bid` int(11) NOT NULL AUTO_INCREMENT, AUTO_INCREMENT=4;

--
-- 使用資料表自動遞增(AUTO_INCREMENT) `tony_favtour_list`
--
ALTER TABLE `tony_favtour_list`
  MODIFY `favlist_id` int(11) NOT NULL AUTO_INCREMENT, AUTO_INCREMENT=51;

--
-- 使用資料表自動遞增(AUTO_INCREMENT) `tony_rating_comment`
--
ALTER TABLE `tony_rating_comment`
  MODIFY `rid` int(11) NOT NULL AUTO_INCREMENT, AUTO_INCREMENT=6;

--
-- 使用資料表自動遞增(AUTO_INCREMENT) `tony_tour_category`
--
ALTER TABLE `tony_tour_category`
  MODIFY `cid` int(11) NOT NULL AUTO_INCREMENT, AUTO_INCREMENT=12;

--
-- 使用資料表自動遞增(AUTO_INCREMENT) `tony_tour_images`
--
ALTER TABLE `tony_tour_images`
  MODIFY `tour_img_id` int(11) NOT NULL AUTO_INCREMENT, AUTO_INCREMENT=136;

--
-- 使用資料表自動遞增(AUTO_INCREMENT) `tony_tour_level`
--
ALTER TABLE `tony_tour_level`
  MODIFY `level_id` int(11) NOT NULL AUTO_INCREMENT, AUTO_INCREMENT=4;

--
-- 使用資料表自動遞增(AUTO_INCREMENT) `tony_tour_location`
--
ALTER TABLE `tony_tour_location`
  MODIFY `ruin_id` int(11) NOT NULL AUTO_INCREMENT, AUTO_INCREMENT=51;

--
-- 使用資料表自動遞增(AUTO_INCREMENT) `tony_tour_members`
--
ALTER TABLE `tony_tour_members`
  MODIFY `members_id` int(11) NOT NULL AUTO_INCREMENT, AUTO_INCREMENT=61;

--
-- 使用資料表自動遞增(AUTO_INCREMENT) `tony_tour_post`
--
ALTER TABLE `tony_tour_post`
  MODIFY `tour_id` int(11) NOT NULL AUTO_INCREMENT, AUTO_INCREMENT=72;

--
-- 使用資料表自動遞增(AUTO_INCREMENT) `tyler_check_available`
--
ALTER TABLE `tyler_check_available`
  MODIFY `id` int(11) NOT NULL AUTO_INCREMENT, AUTO_INCREMENT=216;

--
-- 使用資料表自動遞增(AUTO_INCREMENT) `tyler_get_point`
--
ALTER TABLE `tyler_get_point`
  MODIFY `sid` int(255) NOT NULL AUTO_INCREMENT, AUTO_INCREMENT=170;

--
-- 使用資料表自動遞增(AUTO_INCREMENT) `tyler_stream`
--
ALTER TABLE `tyler_stream`
  MODIFY `id` int(11) NOT NULL AUTO_INCREMENT, AUTO_INCREMENT=984;

--
-- 使用資料表自動遞增(AUTO_INCREMENT) `tyler_streamer_get_point`
--
ALTER TABLE `tyler_streamer_get_point`
  MODIFY `id` int(11) NOT NULL AUTO_INCREMENT, AUTO_INCREMENT=188;

--
-- 使用資料表自動遞增(AUTO_INCREMENT) `tyler_use_point`
--
ALTER TABLE `tyler_use_point`
  MODIFY `sid` int(255) NOT NULL AUTO_INCREMENT, AUTO_INCREMENT=648;

--
-- 已傾印資料表的限制式
--

--
-- 資料表的限制式 `mb_notifications`
--
ALTER TABLE `mb_notifications`
  ADD CONSTRAINT `mb_notifications_ibfk_1` FOREIGN KEY (`comment_id`) REFERENCES `sn_comments` (`comment_id`) ON DELETE CASCADE ON UPDATE CASCADE,
  ADD CONSTRAINT `mb_notifications_ibfk_2` FOREIGN KEY (`resource_id`) REFERENCES `sn_posts` (`post_id`) ON DELETE CASCADE ON UPDATE CASCADE;
COMMIT;

/*!40101 SET CHARACTER_SET_CLIENT=@OLD_CHARACTER_SET_CLIENT */;
/*!40101 SET CHARACTER_SET_RESULTS=@OLD_CHARACTER_SET_RESULTS */;
/*!40101 SET COLLATION_CONNECTION=@OLD_COLLATION_CONNECTION */;
